filename,predicted_label,class_name,confidence,sampler,steps
fashion_00000.png,8,bolsa,0.789354,DDPM,1000
fashion_00001.png,2,pulôver,0.564237,DDPM,1000
fashion_00002.png,9,bota,0.948382,DDPM,1000
fashion_00003.png,3,vestido,0.712650,DDPM,1000
fashion_00004.png,8,bolsa,0.999589,DDPM,1000
fashion_00005.png,2,pulôver,0.798895,DDPM,1000
fashion_00006.png,6,camisa,0.313030,DDPM,1000
fashion_00007.png,6,camisa,0.825520,DDPM,1000
fashion_00008.png,3,vestido,0.916028,DDPM,1000
fashion_00009.png,6,camisa,0.782513,DDPM,1000
fashion_00010.png,3,vestido,0.586777,DDPM,1000
fashion_00011.png,6,camisa,0.710608,DDPM,1000
fashion_00012.png,0,camiseta,0.414921,DDPM,1000
fashion_00013.png,6,camisa,0.746683,DDPM,1000
fashion_00014.png,8,bolsa,0.998806,DDPM,1000
fashion_00015.png,0,camiseta,0.516403,DDPM,1000
fashion_00016.png,9,bota,0.549570,DDPM,1000
fashion_00017.png,2,pulôver,0.832299,DDPM,1000
fashion_00018.png,3,vestido,0.828212,DDPM,1000
fashion_00019.png,6,camisa,0.456934,DDPM,1000
fashion_00020.png,4,casaco,0.555519,DDPM,1000
fashion_00021.png,6,camisa,0.725545,DDPM,1000
fashion_00022.png,8,bolsa,0.288125,DDPM,1000
fashion_00023.png,8,bolsa,0.994937,DDPM,1000
fashion_00024.png,6,camisa,0.469017,DDPM,1000
fashion_00025.png,6,camisa,0.512621,DDPM,1000
fashion_00026.png,6,camisa,0.865188,DDPM,1000
fashion_00027.png,0,camiseta,0.329864,DDPM,1000
fashion_00028.png,6,camisa,0.980275,DDPM,1000
fashion_00029.png,0,camiseta,0.973238,DDPM,1000
fashion_00030.png,2,pulôver,0.966890,DDPM,1000
fashion_00031.png,0,camiseta,0.899107,DDPM,1000
fashion_00032.png,4,casaco,0.635548,DDPM,1000
fashion_00033.png,8,bolsa,0.955078,DDPM,1000
fashion_00034.png,2,pulôver,0.832920,DDPM,1000
fashion_00035.png,8,bolsa,0.672111,DDPM,1000
fashion_00036.png,8,bolsa,0.748019,DDPM,1000
fashion_00037.png,8,bolsa,0.570862,DDPM,1000
fashion_00038.png,6,camisa,0.808815,DDPM,1000
fashion_00039.png,9,bota,0.546144,DDPM,1000
fashion_00040.png,2,pulôver,0.575296,DDPM,1000
fashion_00041.png,6,camisa,0.421240,DDPM,1000
fashion_00042.png,0,camiseta,0.579003,DDPM,1000
fashion_00043.png,0,camiseta,0.427006,DDPM,1000
fashion_00044.png,1,calça,0.379141,DDPM,1000
fashion_00045.png,0,camiseta,0.687616,DDPM,1000
fashion_00046.png,6,camisa,0.624671,DDPM,1000
fashion_00047.png,6,camisa,0.677285,DDPM,1000
fashion_00048.png,0,camiseta,0.561634,DDPM,1000
fashion_00049.png,2,pulôver,0.317536,DDPM,1000
fashion_00050.png,8,bolsa,0.348599,DDPM,1000
fashion_00051.png,8,bolsa,0.701476,DDPM,1000
fashion_00052.png,0,camiseta,0.673069,DDPM,1000
fashion_00053.png,4,casaco,0.581353,DDPM,1000
fashion_00054.png,8,bolsa,0.995500,DDPM,1000
fashion_00055.png,0,camiseta,0.857485,DDPM,1000
fashion_00056.png,2,pulôver,0.830115,DDPM,1000
fashion_00057.png,6,camisa,0.658369,DDPM,1000
fashion_00058.png,6,camisa,0.708026,DDPM,1000
fashion_00059.png,8,bolsa,0.971625,DDPM,1000
fashion_00060.png,6,camisa,0.738267,DDPM,1000
fashion_00061.png,7,tênis,0.987371,DDPM,1000
fashion_00062.png,6,camisa,0.976132,DDPM,1000
fashion_00063.png,6,camisa,0.407566,DDPM,1000
fashion_00064.png,6,camisa,0.744750,DDPM,1000
fashion_00065.png,6,camisa,0.729026,DDPM,1000
fashion_00066.png,9,bota,0.640118,DDPM,1000
fashion_00067.png,2,pulôver,0.655700,DDPM,1000
fashion_00068.png,3,vestido,0.680267,DDPM,1000
fashion_00069.png,6,camisa,0.635222,DDPM,1000
fashion_00070.png,9,bota,0.550764,DDPM,1000
fashion_00071.png,4,casaco,0.865312,DDPM,1000
fashion_00072.png,0,camiseta,0.513618,DDPM,1000
fashion_00073.png,0,camiseta,0.706796,DDPM,1000
fashion_00074.png,6,camisa,0.912976,DDPM,1000
fashion_00075.png,0,camiseta,0.796246,DDPM,1000
fashion_00076.png,2,pulôver,0.787674,DDPM,1000
fashion_00077.png,6,camisa,0.971720,DDPM,1000
fashion_00078.png,6,camisa,0.450030,DDPM,1000
fashion_00079.png,2,pulôver,0.718946,DDPM,1000
fashion_00080.png,4,casaco,0.959418,DDPM,1000
fashion_00081.png,0,camiseta,0.524369,DDPM,1000
fashion_00082.png,8,bolsa,0.988972,DDPM,1000
fashion_00083.png,4,casaco,0.834107,DDPM,1000
fashion_00084.png,0,camiseta,0.608642,DDPM,1000
fashion_00085.png,9,bota,0.284647,DDPM,1000
fashion_00086.png,6,camisa,0.914046,DDPM,1000
fashion_00087.png,2,pulôver,0.386380,DDPM,1000
fashion_00088.png,2,pulôver,0.742576,DDPM,1000
fashion_00089.png,9,bota,0.908378,DDPM,1000
fashion_00090.png,8,bolsa,0.528124,DDPM,1000
fashion_00091.png,6,camisa,0.974238,DDPM,1000
fashion_00092.png,8,bolsa,0.998612,DDPM,1000
fashion_00093.png,8,bolsa,0.905303,DDPM,1000
fashion_00094.png,0,camiseta,0.936886,DDPM,1000
fashion_00095.png,4,casaco,0.288362,DDPM,1000
fashion_00096.png,8,bolsa,0.999968,DDPM,1000
fashion_00097.png,0,camiseta,0.394851,DDPM,1000
fashion_00098.png,0,camiseta,0.599770,DDPM,1000
fashion_00099.png,6,camisa,0.731305,DDPM,1000
fashion_00100.png,6,camisa,0.449325,DDPM,1000
fashion_00101.png,6,camisa,0.872755,DDPM,1000
fashion_00102.png,2,pulôver,0.608369,DDPM,1000
fashion_00103.png,6,camisa,0.713204,DDPM,1000
fashion_00104.png,3,vestido,0.919816,DDPM,1000
fashion_00105.png,0,camiseta,0.523795,DDPM,1000
fashion_00106.png,8,bolsa,0.791563,DDPM,1000
fashion_00107.png,4,casaco,0.699058,DDPM,1000
fashion_00108.png,2,pulôver,0.668665,DDPM,1000
fashion_00109.png,2,pulôver,0.777781,DDPM,1000
fashion_00110.png,4,casaco,0.620420,DDPM,1000
fashion_00111.png,8,bolsa,0.582315,DDPM,1000
fashion_00112.png,3,vestido,0.591178,DDPM,1000
fashion_00113.png,6,camisa,0.741580,DDPM,1000
fashion_00114.png,0,camiseta,0.948907,DDPM,1000
fashion_00115.png,0,camiseta,0.805706,DDPM,1000
fashion_00116.png,6,camisa,0.950769,DDPM,1000
fashion_00117.png,2,pulôver,0.525452,DDPM,1000
fashion_00118.png,2,pulôver,0.812288,DDPM,1000
fashion_00119.png,0,camiseta,0.795303,DDPM,1000
fashion_00120.png,8,bolsa,0.927699,DDPM,1000
fashion_00121.png,8,bolsa,0.926907,DDPM,1000
fashion_00122.png,8,bolsa,0.515742,DDPM,1000
fashion_00123.png,2,pulôver,0.958404,DDPM,1000
fashion_00124.png,5,sandália,0.998846,DDPM,1000
fashion_00125.png,2,pulôver,0.657968,DDPM,1000
fashion_00126.png,2,pulôver,0.439598,DDPM,1000
fashion_00127.png,8,bolsa,0.615737,DDPM,1000
fashion_00128.png,2,pulôver,0.855099,DDPM,1000
fashion_00129.png,9,bota,0.929880,DDPM,1000
fashion_00130.png,2,pulôver,0.754926,DDPM,1000
fashion_00131.png,8,bolsa,0.962497,DDPM,1000
fashion_00132.png,0,camiseta,0.825688,DDPM,1000
fashion_00133.png,0,camiseta,0.999369,DDPM,1000
fashion_00134.png,3,vestido,0.709646,DDPM,1000
fashion_00135.png,6,camisa,0.893591,DDPM,1000
fashion_00136.png,2,pulôver,0.803159,DDPM,1000
fashion_00137.png,4,casaco,0.387190,DDPM,1000
fashion_00138.png,0,camiseta,0.925311,DDPM,1000
fashion_00139.png,2,pulôver,0.687406,DDPM,1000
fashion_00140.png,3,vestido,0.637150,DDPM,1000
fashion_00141.png,6,camisa,0.608883,DDPM,1000
fashion_00142.png,6,camisa,0.611145,DDPM,1000
fashion_00143.png,6,camisa,0.381261,DDPM,1000
fashion_00144.png,6,camisa,0.716729,DDPM,1000
fashion_00145.png,6,camisa,0.263547,DDPM,1000
fashion_00146.png,6,camisa,0.546670,DDPM,1000
fashion_00147.png,6,camisa,0.563943,DDPM,1000
fashion_00148.png,8,bolsa,0.553210,DDPM,1000
fashion_00149.png,6,camisa,0.594210,DDPM,1000
fashion_00150.png,8,bolsa,0.997878,DDPM,1000
fashion_00151.png,0,camiseta,0.352487,DDPM,1000
fashion_00152.png,6,camisa,0.649521,DDPM,1000
fashion_00153.png,0,camiseta,0.712545,DDPM,1000
fashion_00154.png,3,vestido,0.950247,DDPM,1000
fashion_00155.png,2,pulôver,0.688616,DDPM,1000
fashion_00156.png,8,bolsa,0.987539,DDPM,1000
fashion_00157.png,2,pulôver,0.700999,DDPM,1000
fashion_00158.png,8,bolsa,0.995870,DDPM,1000
fashion_00159.png,6,camisa,0.779004,DDPM,1000
fashion_00160.png,8,bolsa,0.991400,DDPM,1000
fashion_00161.png,6,camisa,0.486313,DDPM,1000
fashion_00162.png,6,camisa,0.655751,DDPM,1000
fashion_00163.png,8,bolsa,0.974998,DDPM,1000
fashion_00164.png,6,camisa,0.585837,DDPM,1000
fashion_00165.png,6,camisa,0.743562,DDPM,1000
fashion_00166.png,0,camiseta,0.881032,DDPM,1000
fashion_00167.png,7,tênis,0.612138,DDPM,1000
fashion_00168.png,8,bolsa,0.999978,DDPM,1000
fashion_00169.png,4,casaco,0.373351,DDPM,1000
fashion_00170.png,6,camisa,0.586990,DDPM,1000
fashion_00171.png,3,vestido,0.456454,DDPM,1000
fashion_00172.png,0,camiseta,0.619100,DDPM,1000
fashion_00173.png,6,camisa,0.701250,DDPM,1000
fashion_00174.png,2,pulôver,0.449576,DDPM,1000
fashion_00175.png,4,casaco,0.463583,DDPM,1000
fashion_00176.png,2,pulôver,0.635406,DDPM,1000
fashion_00177.png,6,camisa,0.708442,DDPM,1000
fashion_00178.png,0,camiseta,0.994655,DDPM,1000
fashion_00179.png,2,pulôver,0.985104,DDPM,1000
fashion_00180.png,2,pulôver,0.701933,DDPM,1000
fashion_00181.png,6,camisa,0.392365,DDPM,1000
fashion_00182.png,6,camisa,0.532023,DDPM,1000
fashion_00183.png,0,camiseta,0.537367,DDPM,1000
fashion_00184.png,6,camisa,0.468972,DDPM,1000
fashion_00185.png,9,bota,0.732168,DDPM,1000
fashion_00186.png,6,camisa,0.849944,DDPM,1000
fashion_00187.png,8,bolsa,0.586877,DDPM,1000
fashion_00188.png,2,pulôver,0.973447,DDPM,1000
fashion_00189.png,6,camisa,0.642992,DDPM,1000
fashion_00190.png,9,bota,0.846373,DDPM,1000
fashion_00191.png,2,pulôver,0.797827,DDPM,1000
fashion_00192.png,0,camiseta,0.499264,DDPM,1000
fashion_00193.png,6,camisa,0.754641,DDPM,1000
fashion_00194.png,0,camiseta,0.506902,DDPM,1000
fashion_00195.png,6,camisa,0.752367,DDPM,1000
fashion_00196.png,6,camisa,0.915263,DDPM,1000
fashion_00197.png,6,camisa,0.884724,DDPM,1000
fashion_00198.png,2,pulôver,0.295889,DDPM,1000
fashion_00199.png,4,casaco,0.406994,DDPM,1000
fashion_00200.png,2,pulôver,0.415922,DDPM,1000
fashion_00201.png,4,casaco,0.734972,DDPM,1000
fashion_00202.png,2,pulôver,0.561749,DDPM,1000
fashion_00203.png,6,camisa,0.332257,DDPM,1000
fashion_00204.png,6,camisa,0.423135,DDPM,1000
fashion_00205.png,0,camiseta,0.946001,DDPM,1000
fashion_00206.png,0,camiseta,0.845647,DDPM,1000
fashion_00207.png,7,tênis,0.751531,DDPM,1000
fashion_00208.png,6,camisa,0.395590,DDPM,1000
fashion_00209.png,6,camisa,0.768523,DDPM,1000
fashion_00210.png,8,bolsa,0.980117,DDPM,1000
fashion_00211.png,2,pulôver,0.938463,DDPM,1000
fashion_00212.png,8,bolsa,0.700354,DDPM,1000
fashion_00213.png,2,pulôver,0.638283,DDPM,1000
fashion_00214.png,0,camiseta,0.967796,DDPM,1000
fashion_00215.png,0,camiseta,0.360747,DDPM,1000
fashion_00216.png,3,vestido,0.467933,DDPM,1000
fashion_00217.png,8,bolsa,0.821610,DDPM,1000
fashion_00218.png,6,camisa,0.678780,DDPM,1000
fashion_00219.png,2,pulôver,0.623807,DDPM,1000
fashion_00220.png,8,bolsa,0.998922,DDPM,1000
fashion_00221.png,0,camiseta,0.440638,DDPM,1000
fashion_00222.png,3,vestido,0.911659,DDPM,1000
fashion_00223.png,3,vestido,0.971914,DDPM,1000
fashion_00224.png,6,camisa,0.805087,DDPM,1000
fashion_00225.png,8,bolsa,0.475089,DDPM,1000
fashion_00226.png,8,bolsa,0.990591,DDPM,1000
fashion_00227.png,8,bolsa,0.978007,DDPM,1000
fashion_00228.png,8,bolsa,0.519808,DDPM,1000
fashion_00229.png,4,casaco,0.611706,DDPM,1000
fashion_00230.png,6,camisa,0.332748,DDPM,1000
fashion_00231.png,6,camisa,0.609888,DDPM,1000
fashion_00232.png,8,bolsa,0.895049,DDPM,1000
fashion_00233.png,1,calça,0.499859,DDPM,1000
fashion_00234.png,8,bolsa,0.823236,DDPM,1000
fashion_00235.png,6,camisa,0.500838,DDPM,1000
fashion_00236.png,4,casaco,0.875732,DDPM,1000
fashion_00237.png,2,pulôver,0.525368,DDPM,1000
fashion_00238.png,4,casaco,0.465592,DDPM,1000
fashion_00239.png,3,vestido,0.515169,DDPM,1000
fashion_00240.png,0,camiseta,0.425352,DDPM,1000
fashion_00241.png,0,camiseta,0.823579,DDPM,1000
fashion_00242.png,3,vestido,0.452862,DDPM,1000
fashion_00243.png,6,camisa,0.736763,DDPM,1000
fashion_00244.png,6,camisa,0.686320,DDPM,1000
fashion_00245.png,8,bolsa,0.961901,DDPM,1000
fashion_00246.png,9,bota,0.999957,DDPM,1000
fashion_00247.png,4,casaco,0.340212,DDPM,1000
fashion_00248.png,2,pulôver,0.842407,DDPM,1000
fashion_00249.png,6,camisa,0.957120,DDPM,1000
fashion_00250.png,0,camiseta,0.893828,DDPM,1000
fashion_00251.png,2,pulôver,0.994927,DDPM,1000
fashion_00252.png,6,camisa,0.686473,DDPM,1000
fashion_00253.png,6,camisa,0.745059,DDPM,1000
fashion_00254.png,8,bolsa,0.989127,DDPM,1000
fashion_00255.png,2,pulôver,0.487319,DDPM,1000
fashion_00256.png,3,vestido,0.333159,DDPM,1000
fashion_00257.png,6,camisa,0.943756,DDPM,1000
fashion_00258.png,0,camiseta,0.504659,DDPM,1000
fashion_00259.png,8,bolsa,0.999989,DDPM,1000
fashion_00260.png,6,camisa,0.409823,DDPM,1000
fashion_00261.png,2,pulôver,0.462977,DDPM,1000
fashion_00262.png,8,bolsa,0.337172,DDPM,1000
fashion_00263.png,8,bolsa,0.783553,DDPM,1000
fashion_00264.png,0,camiseta,0.764637,DDPM,1000
fashion_00265.png,3,vestido,0.819828,DDPM,1000
fashion_00266.png,8,bolsa,0.939802,DDPM,1000
fashion_00267.png,3,vestido,0.963688,DDPM,1000
fashion_00268.png,6,camisa,0.454792,DDPM,1000
fashion_00269.png,8,bolsa,0.992717,DDPM,1000
fashion_00270.png,2,pulôver,0.750900,DDPM,1000
fashion_00271.png,0,camiseta,0.948065,DDPM,1000
fashion_00272.png,6,camisa,0.949098,DDPM,1000
fashion_00273.png,6,camisa,0.748358,DDPM,1000
fashion_00274.png,6,camisa,0.848935,DDPM,1000
fashion_00275.png,8,bolsa,0.995138,DDPM,1000
fashion_00276.png,1,calça,0.997344,DDPM,1000
fashion_00277.png,2,pulôver,0.495684,DDPM,1000
fashion_00278.png,6,camisa,0.938917,DDPM,1000
fashion_00279.png,2,pulôver,0.698970,DDPM,1000
fashion_00280.png,6,camisa,0.844738,DDPM,1000
fashion_00281.png,6,camisa,0.564330,DDPM,1000
fashion_00282.png,6,camisa,0.886389,DDPM,1000
fashion_00283.png,2,pulôver,0.758141,DDPM,1000
fashion_00284.png,8,bolsa,0.867394,DDPM,1000
fashion_00285.png,6,camisa,0.876187,DDPM,1000
fashion_00286.png,0,camiseta,0.696844,DDPM,1000
fashion_00287.png,6,camisa,0.544141,DDPM,1000
fashion_00288.png,8,bolsa,0.982749,DDPM,1000
fashion_00289.png,0,camiseta,0.708380,DDPM,1000
fashion_00290.png,4,casaco,0.480903,DDPM,1000
fashion_00291.png,8,bolsa,0.997929,DDPM,1000
fashion_00292.png,6,camisa,0.977146,DDPM,1000
fashion_00293.png,8,bolsa,0.593274,DDPM,1000
fashion_00294.png,8,bolsa,0.431735,DDPM,1000
fashion_00295.png,0,camiseta,0.586765,DDPM,1000
fashion_00296.png,2,pulôver,0.840183,DDPM,1000
fashion_00297.png,2,pulôver,0.451084,DDPM,1000
fashion_00298.png,0,camiseta,0.861376,DDPM,1000
fashion_00299.png,2,pulôver,0.579419,DDPM,1000
fashion_00300.png,6,camisa,0.596863,DDPM,1000
fashion_00301.png,6,camisa,0.498877,DDPM,1000
fashion_00302.png,6,camisa,0.431163,DDPM,1000
fashion_00303.png,2,pulôver,0.581851,DDPM,1000
fashion_00304.png,7,tênis,0.994352,DDPM,1000
fashion_00305.png,4,casaco,0.292255,DDPM,1000
fashion_00306.png,2,pulôver,0.641541,DDPM,1000
fashion_00307.png,1,calça,0.333757,DDPM,1000
fashion_00308.png,0,camiseta,0.914704,DDPM,1000
fashion_00309.png,8,bolsa,0.997638,DDPM,1000
fashion_00310.png,4,casaco,0.995343,DDPM,1000
fashion_00311.png,6,camisa,0.444919,DDPM,1000
fashion_00312.png,8,bolsa,0.996006,DDPM,1000
fashion_00313.png,0,camiseta,0.380820,DDPM,1000
fashion_00314.png,6,camisa,0.728936,DDPM,1000
fashion_00315.png,2,pulôver,0.326735,DDPM,1000
fashion_00316.png,2,pulôver,0.658665,DDPM,1000
fashion_00317.png,6,camisa,0.642598,DDPM,1000
fashion_00318.png,4,casaco,0.644284,DDPM,1000
fashion_00319.png,0,camiseta,0.800170,DDPM,1000
fashion_00320.png,4,casaco,0.457842,DDPM,1000
fashion_00321.png,0,camiseta,0.497475,DDPM,1000
fashion_00322.png,4,casaco,0.571962,DDPM,1000
fashion_00323.png,2,pulôver,0.481548,DDPM,1000
fashion_00324.png,6,camisa,0.946870,DDPM,1000
fashion_00325.png,4,casaco,0.631846,DDPM,1000
fashion_00326.png,6,camisa,0.876669,DDPM,1000
fashion_00327.png,2,pulôver,0.971706,DDPM,1000
fashion_00328.png,5,sandália,0.987247,DDPM,1000
fashion_00329.png,6,camisa,0.609367,DDPM,1000
fashion_00330.png,6,camisa,0.402733,DDPM,1000
fashion_00331.png,1,calça,0.980760,DDPM,1000
fashion_00332.png,3,vestido,0.769595,DDPM,1000
fashion_00333.png,6,camisa,0.805828,DDPM,1000
fashion_00334.png,0,camiseta,0.549892,DDPM,1000
fashion_00335.png,4,casaco,0.599987,DDPM,1000
fashion_00336.png,6,camisa,0.550884,DDPM,1000
fashion_00337.png,6,camisa,0.910645,DDPM,1000
fashion_00338.png,8,bolsa,0.996845,DDPM,1000
fashion_00339.png,6,camisa,0.633775,DDPM,1000
fashion_00340.png,8,bolsa,0.616243,DDPM,1000
fashion_00341.png,6,camisa,0.623339,DDPM,1000
fashion_00342.png,6,camisa,0.377472,DDPM,1000
fashion_00343.png,8,bolsa,0.423199,DDPM,1000
fashion_00344.png,1,calça,0.841853,DDPM,1000
fashion_00345.png,6,camisa,0.801894,DDPM,1000
fashion_00346.png,2,pulôver,0.821018,DDPM,1000
fashion_00347.png,6,camisa,0.926750,DDPM,1000
fashion_00348.png,0,camiseta,0.674832,DDPM,1000
fashion_00349.png,8,bolsa,0.922891,DDPM,1000
fashion_00350.png,2,pulôver,0.564841,DDPM,1000
fashion_00351.png,4,casaco,0.472702,DDPM,1000
fashion_00352.png,2,pulôver,0.455951,DDPM,1000
fashion_00353.png,8,bolsa,0.626673,DDPM,1000
fashion_00354.png,8,bolsa,0.981036,DDPM,1000
fashion_00355.png,2,pulôver,0.706209,DDPM,1000
fashion_00356.png,8,bolsa,0.726846,DDPM,1000
fashion_00357.png,4,casaco,0.857305,DDPM,1000
fashion_00358.png,0,camiseta,0.646304,DDPM,1000
fashion_00359.png,3,vestido,0.965406,DDPM,1000
fashion_00360.png,6,camisa,0.950280,DDPM,1000
fashion_00361.png,1,calça,0.935171,DDPM,1000
fashion_00362.png,6,camisa,0.765584,DDPM,1000
fashion_00363.png,6,camisa,0.916176,DDPM,1000
fashion_00364.png,3,vestido,0.391956,DDPM,1000
fashion_00365.png,8,bolsa,0.777454,DDPM,1000
fashion_00366.png,2,pulôver,0.728371,DDPM,1000
fashion_00367.png,0,camiseta,0.540828,DDPM,1000
fashion_00368.png,6,camisa,0.858895,DDPM,1000
fashion_00369.png,4,casaco,0.484798,DDPM,1000
fashion_00370.png,3,vestido,0.568064,DDPM,1000
fashion_00371.png,6,camisa,0.446487,DDPM,1000
fashion_00372.png,6,camisa,0.717448,DDPM,1000
fashion_00373.png,2,pulôver,0.631913,DDPM,1000
fashion_00374.png,0,camiseta,0.274798,DDPM,1000
fashion_00375.png,4,casaco,0.568024,DDPM,1000
fashion_00376.png,2,pulôver,0.591539,DDPM,1000
fashion_00377.png,8,bolsa,0.918180,DDPM,1000
fashion_00378.png,2,pulôver,0.745231,DDPM,1000
fashion_00379.png,2,pulôver,0.506187,DDPM,1000
fashion_00380.png,2,pulôver,0.557062,DDPM,1000
fashion_00381.png,4,casaco,0.509971,DDPM,1000
fashion_00382.png,4,casaco,0.652740,DDPM,1000
fashion_00383.png,9,bota,0.891355,DDPM,1000
fashion_00384.png,2,pulôver,0.538420,DDPM,1000
fashion_00385.png,6,camisa,0.408907,DDPM,1000
fashion_00386.png,3,vestido,0.411509,DDPM,1000
fashion_00387.png,6,camisa,0.613234,DDPM,1000
fashion_00388.png,7,tênis,0.535720,DDPM,1000
fashion_00389.png,4,casaco,0.474648,DDPM,1000
fashion_00390.png,6,camisa,0.670142,DDPM,1000
fashion_00391.png,0,camiseta,0.372558,DDPM,1000
fashion_00392.png,0,camiseta,0.670929,DDPM,1000
fashion_00393.png,6,camisa,0.675199,DDPM,1000
fashion_00394.png,4,casaco,0.623325,DDPM,1000
fashion_00395.png,8,bolsa,0.783796,DDPM,1000
fashion_00396.png,8,bolsa,0.999777,DDPM,1000
fashion_00397.png,2,pulôver,0.820038,DDPM,1000
fashion_00398.png,6,camisa,0.827549,DDPM,1000
fashion_00399.png,6,camisa,0.512990,DDPM,1000
fashion_00400.png,6,camisa,0.784834,DDPM,1000
fashion_00401.png,8,bolsa,0.475963,DDPM,1000
fashion_00402.png,0,camiseta,0.953311,DDPM,1000
fashion_00403.png,6,camisa,0.883971,DDPM,1000
fashion_00404.png,8,bolsa,0.985093,DDPM,1000
fashion_00405.png,6,camisa,0.689147,DDPM,1000
fashion_00406.png,9,bota,0.654190,DDPM,1000
fashion_00407.png,2,pulôver,0.639848,DDPM,1000
fashion_00408.png,2,pulôver,0.675911,DDPM,1000
fashion_00409.png,2,pulôver,0.507468,DDPM,1000
fashion_00410.png,8,bolsa,0.999980,DDPM,1000
fashion_00411.png,6,camisa,0.415086,DDPM,1000
fashion_00412.png,8,bolsa,0.577368,DDPM,1000
fashion_00413.png,9,bota,0.428285,DDPM,1000
fashion_00414.png,1,calça,0.977499,DDPM,1000
fashion_00415.png,8,bolsa,0.378398,DDPM,1000
fashion_00416.png,6,camisa,0.392887,DDPM,1000
fashion_00417.png,8,bolsa,0.883201,DDPM,1000
fashion_00418.png,2,pulôver,0.669161,DDPM,1000
fashion_00419.png,8,bolsa,0.574433,DDPM,1000
fashion_00420.png,6,camisa,0.859040,DDPM,1000
fashion_00421.png,2,pulôver,0.886066,DDPM,1000
fashion_00422.png,2,pulôver,0.290233,DDPM,1000
fashion_00423.png,0,camiseta,0.557755,DDPM,1000
fashion_00424.png,6,camisa,0.398255,DDPM,1000
fashion_00425.png,0,camiseta,0.869051,DDPM,1000
fashion_00426.png,8,bolsa,0.823872,DDPM,1000
fashion_00427.png,6,camisa,0.481743,DDPM,1000
fashion_00428.png,8,bolsa,0.903601,DDPM,1000
fashion_00429.png,6,camisa,0.719453,DDPM,1000
fashion_00430.png,6,camisa,0.484710,DDPM,1000
fashion_00431.png,1,calça,0.642375,DDPM,1000
fashion_00432.png,4,casaco,0.568186,DDPM,1000
fashion_00433.png,9,bota,0.909042,DDPM,1000
fashion_00434.png,4,casaco,0.813075,DDPM,1000
fashion_00435.png,7,tênis,0.932168,DDPM,1000
fashion_00436.png,8,bolsa,0.909074,DDPM,1000
fashion_00437.png,2,pulôver,0.740747,DDPM,1000
fashion_00438.png,8,bolsa,0.947144,DDPM,1000
fashion_00439.png,6,camisa,0.399423,DDPM,1000
fashion_00440.png,4,casaco,0.668837,DDPM,1000
fashion_00441.png,1,calça,0.396740,DDPM,1000
fashion_00442.png,4,casaco,0.542936,DDPM,1000
fashion_00443.png,2,pulôver,0.448242,DDPM,1000
fashion_00444.png,8,bolsa,0.434556,DDPM,1000
fashion_00445.png,6,camisa,0.626065,DDPM,1000
fashion_00446.png,3,vestido,0.356634,DDPM,1000
fashion_00447.png,0,camiseta,0.994195,DDPM,1000
fashion_00448.png,6,camisa,0.583346,DDPM,1000
fashion_00449.png,2,pulôver,0.699167,DDPM,1000
fashion_00450.png,0,camiseta,0.649198,DDPM,1000
fashion_00451.png,2,pulôver,0.883969,DDPM,1000
fashion_00452.png,6,camisa,0.941281,DDPM,1000
fashion_00453.png,7,tênis,0.970424,DDPM,1000
fashion_00454.png,2,pulôver,0.873493,DDPM,1000
fashion_00455.png,4,casaco,0.445084,DDPM,1000
fashion_00456.png,2,pulôver,0.424844,DDPM,1000
fashion_00457.png,4,casaco,0.729140,DDPM,1000
fashion_00458.png,2,pulôver,0.877271,DDPM,1000
fashion_00459.png,2,pulôver,0.754175,DDPM,1000
fashion_00460.png,2,pulôver,0.650756,DDPM,1000
fashion_00461.png,4,casaco,0.497603,DDPM,1000
fashion_00462.png,2,pulôver,0.971342,DDPM,1000
fashion_00463.png,0,camiseta,0.843031,DDPM,1000
fashion_00464.png,2,pulôver,0.886509,DDPM,1000
fashion_00465.png,8,bolsa,0.638584,DDPM,1000
fashion_00466.png,7,tênis,0.634573,DDPM,1000
fashion_00467.png,0,camiseta,0.685493,DDPM,1000
fashion_00468.png,8,bolsa,0.968302,DDPM,1000
fashion_00469.png,8,bolsa,0.936659,DDPM,1000
fashion_00470.png,9,bota,0.726551,DDPM,1000
fashion_00471.png,8,bolsa,0.999343,DDPM,1000
fashion_00472.png,6,camisa,0.633694,DDPM,1000
fashion_00473.png,6,camisa,0.647767,DDPM,1000
fashion_00474.png,8,bolsa,0.613660,DDPM,1000
fashion_00475.png,8,bolsa,0.916022,DDPM,1000
fashion_00476.png,3,vestido,0.555903,DDPM,1000
fashion_00477.png,8,bolsa,0.999603,DDPM,1000
fashion_00478.png,4,casaco,0.371058,DDPM,1000
fashion_00479.png,6,camisa,0.909445,DDPM,1000
fashion_00480.png,2,pulôver,0.848895,DDPM,1000
fashion_00481.png,8,bolsa,0.940542,DDPM,1000
fashion_00482.png,6,camisa,0.401963,DDPM,1000
fashion_00483.png,2,pulôver,0.619464,DDPM,1000
fashion_00484.png,0,camiseta,0.942423,DDPM,1000
fashion_00485.png,0,camiseta,0.484735,DDPM,1000
fashion_00486.png,8,bolsa,0.827993,DDPM,1000
fashion_00487.png,0,camiseta,0.272095,DDPM,1000
fashion_00488.png,1,calça,0.998117,DDPM,1000
fashion_00489.png,4,casaco,0.536757,DDPM,1000
fashion_00490.png,2,pulôver,0.407455,DDPM,1000
fashion_00491.png,4,casaco,0.465141,DDPM,1000
fashion_00492.png,2,pulôver,0.939218,DDPM,1000
fashion_00493.png,8,bolsa,0.434767,DDPM,1000
fashion_00494.png,8,bolsa,0.999985,DDPM,1000
fashion_00495.png,0,camiseta,0.980237,DDPM,1000
fashion_00496.png,4,casaco,0.867642,DDPM,1000
fashion_00497.png,8,bolsa,0.969196,DDPM,1000
fashion_00498.png,6,camisa,0.740492,DDPM,1000
fashion_00499.png,0,camiseta,0.510426,DDPM,1000
fashion_00500.png,2,pulôver,0.938674,DDPM,1000
fashion_00501.png,0,camiseta,0.692415,DDPM,1000
fashion_00502.png,2,pulôver,0.355591,DDPM,1000
fashion_00503.png,2,pulôver,0.857642,DDPM,1000
fashion_00504.png,2,pulôver,0.468774,DDPM,1000
fashion_00505.png,3,vestido,0.311697,DDPM,1000
fashion_00506.png,6,camisa,0.945069,DDPM,1000
fashion_00507.png,0,camiseta,0.347151,DDPM,1000
fashion_00508.png,6,camisa,0.907878,DDPM,1000
fashion_00509.png,0,camiseta,0.457179,DDPM,1000
fashion_00510.png,6,camisa,0.824265,DDPM,1000
fashion_00511.png,4,casaco,0.491656,DDPM,1000
fashion_00512.png,6,camisa,0.730472,DDPM,1000
fashion_00513.png,6,camisa,0.479889,DDPM,1000
fashion_00514.png,8,bolsa,0.997914,DDPM,1000
fashion_00515.png,3,vestido,0.583168,DDPM,1000
fashion_00516.png,3,vestido,0.676628,DDPM,1000
fashion_00517.png,6,camisa,0.511180,DDPM,1000
fashion_00518.png,2,pulôver,0.564438,DDPM,1000
fashion_00519.png,8,bolsa,0.859798,DDPM,1000
fashion_00520.png,6,camisa,0.729419,DDPM,1000
fashion_00521.png,0,camiseta,0.789799,DDPM,1000
fashion_00522.png,3,vestido,0.480847,DDPM,1000
fashion_00523.png,2,pulôver,0.897746,DDPM,1000
fashion_00524.png,2,pulôver,0.853822,DDPM,1000
fashion_00525.png,2,pulôver,0.589544,DDPM,1000
fashion_00526.png,9,bota,0.875769,DDPM,1000
fashion_00527.png,4,casaco,0.479051,DDPM,1000
fashion_00528.png,6,camisa,0.381531,DDPM,1000
fashion_00529.png,8,bolsa,0.648067,DDPM,1000
fashion_00530.png,4,casaco,0.310353,DDPM,1000
fashion_00531.png,2,pulôver,0.950007,DDPM,1000
fashion_00532.png,6,camisa,0.913586,DDPM,1000
fashion_00533.png,8,bolsa,0.973901,DDPM,1000
fashion_00534.png,2,pulôver,0.606767,DDPM,1000
fashion_00535.png,2,pulôver,0.487646,DDPM,1000
fashion_00536.png,6,camisa,0.906493,DDPM,1000
fashion_00537.png,2,pulôver,0.935222,DDPM,1000
fashion_00538.png,2,pulôver,0.778613,DDPM,1000
fashion_00539.png,4,casaco,0.326673,DDPM,1000
fashion_00540.png,6,camisa,0.934175,DDPM,1000
fashion_00541.png,0,camiseta,0.403388,DDPM,1000
fashion_00542.png,8,bolsa,0.531587,DDPM,1000
fashion_00543.png,8,bolsa,0.943379,DDPM,1000
fashion_00544.png,6,camisa,0.884343,DDPM,1000
fashion_00545.png,6,camisa,0.976846,DDPM,1000
fashion_00546.png,0,camiseta,0.972116,DDPM,1000
fashion_00547.png,6,camisa,0.534923,DDPM,1000
fashion_00548.png,0,camiseta,0.538526,DDPM,1000
fashion_00549.png,2,pulôver,0.861833,DDPM,1000
fashion_00550.png,6,camisa,0.685534,DDPM,1000
fashion_00551.png,6,camisa,0.460785,DDPM,1000
fashion_00552.png,0,camiseta,0.994774,DDPM,1000
fashion_00553.png,2,pulôver,0.640298,DDPM,1000
fashion_00554.png,8,bolsa,0.989190,DDPM,1000
fashion_00555.png,2,pulôver,0.630861,DDPM,1000
fashion_00556.png,2,pulôver,0.386793,DDPM,1000
fashion_00557.png,0,camiseta,0.345891,DDPM,1000
fashion_00558.png,2,pulôver,0.472415,DDPM,1000
fashion_00559.png,7,tênis,0.745602,DDPM,1000
fashion_00560.png,4,casaco,0.665059,DDPM,1000
fashion_00561.png,6,camisa,0.500185,DDPM,1000
fashion_00562.png,0,camiseta,0.842229,DDPM,1000
fashion_00563.png,6,camisa,0.569394,DDPM,1000
fashion_00564.png,8,bolsa,0.991549,DDPM,1000
fashion_00565.png,2,pulôver,0.570251,DDPM,1000
fashion_00566.png,6,camisa,0.840083,DDPM,1000
fashion_00567.png,3,vestido,0.850058,DDPM,1000
fashion_00568.png,6,camisa,0.771253,DDPM,1000
fashion_00569.png,6,camisa,0.685322,DDPM,1000
fashion_00570.png,2,pulôver,0.643082,DDPM,1000
fashion_00571.png,2,pulôver,0.967455,DDPM,1000
fashion_00572.png,2,pulôver,0.962098,DDPM,1000
fashion_00573.png,0,camiseta,0.976737,DDPM,1000
fashion_00574.png,8,bolsa,0.630097,DDPM,1000
fashion_00575.png,2,pulôver,0.835977,DDPM,1000
fashion_00576.png,4,casaco,0.856965,DDPM,1000
fashion_00577.png,0,camiseta,0.909692,DDPM,1000
fashion_00578.png,2,pulôver,0.473386,DDPM,1000
fashion_00579.png,0,camiseta,0.530375,DDPM,1000
fashion_00580.png,4,casaco,0.317970,DDPM,1000
fashion_00581.png,6,camisa,0.552489,DDPM,1000
fashion_00582.png,3,vestido,0.563207,DDPM,1000
fashion_00583.png,0,camiseta,0.814974,DDPM,1000
fashion_00584.png,8,bolsa,0.710550,DDPM,1000
fashion_00585.png,6,camisa,0.450986,DDPM,1000
fashion_00586.png,8,bolsa,0.988534,DDPM,1000
fashion_00587.png,6,camisa,0.618404,DDPM,1000
fashion_00588.png,8,bolsa,0.924689,DDPM,1000
fashion_00589.png,6,camisa,0.559485,DDPM,1000
fashion_00590.png,6,camisa,0.370303,DDPM,1000
fashion_00591.png,8,bolsa,0.946021,DDPM,1000
fashion_00592.png,4,casaco,0.362181,DDPM,1000
fashion_00593.png,6,camisa,0.728220,DDPM,1000
fashion_00594.png,2,pulôver,0.526941,DDPM,1000
fashion_00595.png,6,camisa,0.915475,DDPM,1000
fashion_00596.png,0,camiseta,0.475722,DDPM,1000
fashion_00597.png,9,bota,0.775438,DDPM,1000
fashion_00598.png,6,camisa,0.586540,DDPM,1000
fashion_00599.png,7,tênis,0.972251,DDPM,1000
fashion_00600.png,0,camiseta,0.748236,DDPM,1000
fashion_00601.png,6,camisa,0.664146,DDPM,1000
fashion_00602.png,6,camisa,0.781460,DDPM,1000
fashion_00603.png,8,bolsa,0.345297,DDPM,1000
fashion_00604.png,2,pulôver,0.988296,DDPM,1000
fashion_00605.png,8,bolsa,0.387757,DDPM,1000
fashion_00606.png,2,pulôver,0.494923,DDPM,1000
fashion_00607.png,4,casaco,0.605551,DDPM,1000
fashion_00608.png,9,bota,0.818875,DDPM,1000
fashion_00609.png,9,bota,0.644795,DDPM,1000
fashion_00610.png,0,camiseta,0.675363,DDPM,1000
fashion_00611.png,6,camisa,0.447527,DDPM,1000
fashion_00612.png,3,vestido,0.454956,DDPM,1000
fashion_00613.png,8,bolsa,0.517564,DDPM,1000
fashion_00614.png,4,casaco,0.339851,DDPM,1000
fashion_00615.png,6,camisa,0.522365,DDPM,1000
fashion_00616.png,7,tênis,0.992590,DDPM,1000
fashion_00617.png,2,pulôver,0.936188,DDPM,1000
fashion_00618.png,2,pulôver,0.894792,DDPM,1000
fashion_00619.png,8,bolsa,0.710901,DDPM,1000
fashion_00620.png,6,camisa,0.505142,DDPM,1000
fashion_00621.png,2,pulôver,0.539990,DDPM,1000
fashion_00622.png,4,casaco,0.747730,DDPM,1000
fashion_00623.png,8,bolsa,0.697698,DDPM,1000
fashion_00624.png,2,pulôver,0.448142,DDPM,1000
fashion_00625.png,0,camiseta,0.401823,DDPM,1000
fashion_00626.png,4,casaco,0.793886,DDPM,1000
fashion_00627.png,2,pulôver,0.329293,DDPM,1000
fashion_00628.png,0,camiseta,0.997564,DDPM,1000
fashion_00629.png,2,pulôver,0.637215,DDPM,1000
fashion_00630.png,6,camisa,0.659612,DDPM,1000
fashion_00631.png,6,camisa,0.852659,DDPM,1000
fashion_00632.png,2,pulôver,0.579433,DDPM,1000
fashion_00633.png,0,camiseta,0.915674,DDPM,1000
fashion_00634.png,8,bolsa,0.936087,DDPM,1000
fashion_00635.png,4,casaco,0.637452,DDPM,1000
fashion_00636.png,8,bolsa,0.560472,DDPM,1000
fashion_00637.png,6,camisa,0.946734,DDPM,1000
fashion_00638.png,8,bolsa,0.746222,DDPM,1000
fashion_00639.png,0,camiseta,0.321980,DDPM,1000
fashion_00640.png,2,pulôver,0.967607,DDPM,1000
fashion_00641.png,6,camisa,0.353954,DDPM,1000
fashion_00642.png,8,bolsa,0.932265,DDPM,1000
fashion_00643.png,8,bolsa,0.937935,DDPM,1000
fashion_00644.png,4,casaco,0.470644,DDPM,1000
fashion_00645.png,2,pulôver,0.646641,DDPM,1000
fashion_00646.png,6,camisa,0.412494,DDPM,1000
fashion_00647.png,6,camisa,0.659863,DDPM,1000
fashion_00648.png,6,camisa,0.825605,DDPM,1000
fashion_00649.png,0,camiseta,0.961968,DDPM,1000
fashion_00650.png,8,bolsa,0.990152,DDPM,1000
fashion_00651.png,6,camisa,0.385678,DDPM,1000
fashion_00652.png,8,bolsa,0.882062,DDPM,1000
fashion_00653.png,6,camisa,0.390946,DDPM,1000
fashion_00654.png,1,calça,0.620668,DDPM,1000
fashion_00655.png,1,calça,0.716713,DDPM,1000
fashion_00656.png,2,pulôver,0.574921,DDPM,1000
fashion_00657.png,6,camisa,0.544637,DDPM,1000
fashion_00658.png,2,pulôver,0.983804,DDPM,1000
fashion_00659.png,6,camisa,0.614029,DDPM,1000
fashion_00660.png,6,camisa,0.580536,DDPM,1000
fashion_00661.png,8,bolsa,0.991010,DDPM,1000
fashion_00662.png,6,camisa,0.951504,DDPM,1000
fashion_00663.png,4,casaco,0.418930,DDPM,1000
fashion_00664.png,2,pulôver,0.808503,DDPM,1000
fashion_00665.png,4,casaco,0.534963,DDPM,1000
fashion_00666.png,4,casaco,0.580114,DDPM,1000
fashion_00667.png,8,bolsa,0.686538,DDPM,1000
fashion_00668.png,6,camisa,0.695679,DDPM,1000
fashion_00669.png,8,bolsa,0.963524,DDPM,1000
fashion_00670.png,6,camisa,0.475870,DDPM,1000
fashion_00671.png,6,camisa,0.848940,DDPM,1000
fashion_00672.png,4,casaco,0.827672,DDPM,1000
fashion_00673.png,8,bolsa,0.772323,DDPM,1000
fashion_00674.png,6,camisa,0.861509,DDPM,1000
fashion_00675.png,8,bolsa,0.999976,DDPM,1000
fashion_00676.png,2,pulôver,0.773740,DDPM,1000
fashion_00677.png,4,casaco,0.493900,DDPM,1000
fashion_00678.png,8,bolsa,0.992912,DDPM,1000
fashion_00679.png,0,camiseta,0.482879,DDPM,1000
fashion_00680.png,6,camisa,0.983266,DDPM,1000
fashion_00681.png,6,camisa,0.794868,DDPM,1000
fashion_00682.png,8,bolsa,0.659762,DDPM,1000
fashion_00683.png,6,camisa,0.634551,DDPM,1000
fashion_00684.png,0,camiseta,0.539642,DDPM,1000
fashion_00685.png,8,bolsa,0.408351,DDPM,1000
fashion_00686.png,0,camiseta,0.956284,DDPM,1000
fashion_00687.png,2,pulôver,0.484519,DDPM,1000
fashion_00688.png,7,tênis,0.891857,DDPM,1000
fashion_00689.png,2,pulôver,0.450630,DDPM,1000
fashion_00690.png,6,camisa,0.505440,DDPM,1000
fashion_00691.png,2,pulôver,0.764870,DDPM,1000
fashion_00692.png,1,calça,0.798558,DDPM,1000
fashion_00693.png,8,bolsa,0.487267,DDPM,1000
fashion_00694.png,0,camiseta,0.476750,DDPM,1000
fashion_00695.png,2,pulôver,0.491578,DDPM,1000
fashion_00696.png,4,casaco,0.683599,DDPM,1000
fashion_00697.png,6,camisa,0.759115,DDPM,1000
fashion_00698.png,8,bolsa,0.990430,DDPM,1000
fashion_00699.png,6,camisa,0.591388,DDPM,1000
fashion_00700.png,6,camisa,0.874968,DDPM,1000
fashion_00701.png,0,camiseta,0.696090,DDPM,1000
fashion_00702.png,6,camisa,0.535638,DDPM,1000
fashion_00703.png,9,bota,0.882927,DDPM,1000
fashion_00704.png,8,bolsa,0.642777,DDPM,1000
fashion_00705.png,6,camisa,0.322184,DDPM,1000
fashion_00706.png,4,casaco,0.562405,DDPM,1000
fashion_00707.png,6,camisa,0.865664,DDPM,1000
fashion_00708.png,0,camiseta,0.847707,DDPM,1000
fashion_00709.png,0,camiseta,0.747368,DDPM,1000
fashion_00710.png,7,tênis,0.894612,DDPM,1000
fashion_00711.png,0,camiseta,0.556437,DDPM,1000
fashion_00712.png,2,pulôver,0.584337,DDPM,1000
fashion_00713.png,2,pulôver,0.764187,DDPM,1000
fashion_00714.png,8,bolsa,0.341538,DDPM,1000
fashion_00715.png,6,camisa,0.547379,DDPM,1000
fashion_00716.png,2,pulôver,0.627080,DDPM,1000
fashion_00717.png,0,camiseta,0.476738,DDPM,1000
fashion_00718.png,2,pulôver,0.510692,DDPM,1000
fashion_00719.png,8,bolsa,0.501068,DDPM,1000
fashion_00720.png,8,bolsa,0.553675,DDPM,1000
fashion_00721.png,4,casaco,0.588920,DDPM,1000
fashion_00722.png,0,camiseta,0.911719,DDPM,1000
fashion_00723.png,8,bolsa,0.492522,DDPM,1000
fashion_00724.png,2,pulôver,0.593839,DDPM,1000
fashion_00725.png,8,bolsa,0.330344,DDPM,1000
fashion_00726.png,6,camisa,0.762657,DDPM,1000
fashion_00727.png,8,bolsa,0.812937,DDPM,1000
fashion_00728.png,8,bolsa,0.977678,DDPM,1000
fashion_00729.png,8,bolsa,0.949013,DDPM,1000
fashion_00730.png,9,bota,0.966115,DDPM,1000
fashion_00731.png,8,bolsa,0.422347,DDPM,1000
fashion_00732.png,2,pulôver,0.556013,DDPM,1000
fashion_00733.png,2,pulôver,0.975690,DDPM,1000
fashion_00734.png,2,pulôver,0.614253,DDPM,1000
fashion_00735.png,6,camisa,0.807329,DDPM,1000
fashion_00736.png,2,pulôver,0.627317,DDPM,1000
fashion_00737.png,2,pulôver,0.597711,DDPM,1000
fashion_00738.png,6,camisa,0.864868,DDPM,1000
fashion_00739.png,6,camisa,0.474962,DDPM,1000
fashion_00740.png,0,camiseta,0.580814,DDPM,1000
fashion_00741.png,8,bolsa,0.992325,DDPM,1000
fashion_00742.png,2,pulôver,0.591074,DDPM,1000
fashion_00743.png,8,bolsa,0.584241,DDPM,1000
fashion_00744.png,8,bolsa,0.999955,DDPM,1000
fashion_00745.png,0,camiseta,0.459228,DDPM,1000
fashion_00746.png,6,camisa,0.708768,DDPM,1000
fashion_00747.png,2,pulôver,0.460544,DDPM,1000
fashion_00748.png,8,bolsa,0.992431,DDPM,1000
fashion_00749.png,0,camiseta,0.407598,DDPM,1000
fashion_00750.png,8,bolsa,0.466761,DDPM,1000
fashion_00751.png,2,pulôver,0.789495,DDPM,1000
fashion_00752.png,0,camiseta,0.681910,DDPM,1000
fashion_00753.png,0,camiseta,0.611700,DDPM,1000
fashion_00754.png,3,vestido,0.480972,DDPM,1000
fashion_00755.png,8,bolsa,0.978814,DDPM,1000
fashion_00756.png,0,camiseta,0.792524,DDPM,1000
fashion_00757.png,2,pulôver,0.900076,DDPM,1000
fashion_00758.png,4,casaco,0.471094,DDPM,1000
fashion_00759.png,2,pulôver,0.908922,DDPM,1000
fashion_00760.png,2,pulôver,0.982306,DDPM,1000
fashion_00761.png,2,pulôver,0.638620,DDPM,1000
fashion_00762.png,5,sandália,0.820701,DDPM,1000
fashion_00763.png,0,camiseta,0.639131,DDPM,1000
fashion_00764.png,2,pulôver,0.989200,DDPM,1000
fashion_00765.png,0,camiseta,0.341070,DDPM,1000
fashion_00766.png,0,camiseta,0.784003,DDPM,1000
fashion_00767.png,1,calça,0.354962,DDPM,1000
fashion_00768.png,8,bolsa,0.569566,DDPM,1000
fashion_00769.png,2,pulôver,0.557322,DDPM,1000
fashion_00770.png,2,pulôver,0.674713,DDPM,1000
fashion_00771.png,2,pulôver,0.429949,DDPM,1000
fashion_00772.png,0,camiseta,0.647220,DDPM,1000
fashion_00773.png,4,casaco,0.366728,DDPM,1000
fashion_00774.png,2,pulôver,0.687736,DDPM,1000
fashion_00775.png,3,vestido,0.482771,DDPM,1000
fashion_00776.png,0,camiseta,0.551756,DDPM,1000
fashion_00777.png,7,tênis,0.341480,DDPM,1000
fashion_00778.png,6,camisa,0.672547,DDPM,1000
fashion_00779.png,4,casaco,0.547108,DDPM,1000
fashion_00780.png,4,casaco,0.648780,DDPM,1000
fashion_00781.png,0,camiseta,0.654947,DDPM,1000
fashion_00782.png,5,sandália,0.755445,DDPM,1000
fashion_00783.png,8,bolsa,0.823475,DDPM,1000
fashion_00784.png,0,camiseta,0.856640,DDPM,1000
fashion_00785.png,6,camisa,0.738468,DDPM,1000
fashion_00786.png,0,camiseta,0.922469,DDPM,1000
fashion_00787.png,1,calça,0.527597,DDPM,1000
fashion_00788.png,9,bota,0.635786,DDPM,1000
fashion_00789.png,8,bolsa,0.834907,DDPM,1000
fashion_00790.png,6,camisa,0.809658,DDPM,1000
fashion_00791.png,0,camiseta,0.861653,DDPM,1000
fashion_00792.png,8,bolsa,0.954760,DDPM,1000
fashion_00793.png,3,vestido,0.873224,DDPM,1000
fashion_00794.png,8,bolsa,0.999458,DDPM,1000
fashion_00795.png,9,bota,0.987161,DDPM,1000
fashion_00796.png,6,camisa,0.471324,DDPM,1000
fashion_00797.png,6,camisa,0.949615,DDPM,1000
fashion_00798.png,2,pulôver,0.626921,DDPM,1000
fashion_00799.png,2,pulôver,0.788343,DDPM,1000
fashion_00800.png,2,pulôver,0.980290,DDPM,1000
fashion_00801.png,4,casaco,0.466807,DDPM,1000
fashion_00802.png,4,casaco,0.633130,DDPM,1000
fashion_00803.png,6,camisa,0.942484,DDPM,1000
fashion_00804.png,4,casaco,0.850032,DDPM,1000
fashion_00805.png,8,bolsa,0.885246,DDPM,1000
fashion_00806.png,0,camiseta,0.748937,DDPM,1000
fashion_00807.png,8,bolsa,0.451952,DDPM,1000
fashion_00808.png,0,camiseta,0.945849,DDPM,1000
fashion_00809.png,2,pulôver,0.535785,DDPM,1000
fashion_00810.png,8,bolsa,0.561928,DDPM,1000
fashion_00811.png,9,bota,0.732742,DDPM,1000
fashion_00812.png,2,pulôver,0.735202,DDPM,1000
fashion_00813.png,7,tênis,0.576587,DDPM,1000
fashion_00814.png,2,pulôver,0.565138,DDPM,1000
fashion_00815.png,6,camisa,0.463765,DDPM,1000
fashion_00816.png,9,bota,0.679232,DDPM,1000
fashion_00817.png,6,camisa,0.936714,DDPM,1000
fashion_00818.png,2,pulôver,0.986952,DDPM,1000
fashion_00819.png,2,pulôver,0.853644,DDPM,1000
fashion_00820.png,1,calça,0.687682,DDPM,1000
fashion_00821.png,6,camisa,0.448331,DDPM,1000
fashion_00822.png,8,bolsa,0.582639,DDPM,1000
fashion_00823.png,2,pulôver,0.810871,DDPM,1000
fashion_00824.png,7,tênis,0.667788,DDPM,1000
fashion_00825.png,8,bolsa,0.900665,DDPM,1000
fashion_00826.png,3,vestido,0.325133,DDPM,1000
fashion_00827.png,9,bota,0.488794,DDPM,1000
fashion_00828.png,4,casaco,0.445081,DDPM,1000
fashion_00829.png,8,bolsa,0.844900,DDPM,1000
fashion_00830.png,4,casaco,0.656283,DDPM,1000
fashion_00831.png,6,camisa,0.872093,DDPM,1000
fashion_00832.png,6,camisa,0.674501,DDPM,1000
fashion_00833.png,2,pulôver,0.516728,DDPM,1000
fashion_00834.png,8,bolsa,0.331694,DDPM,1000
fashion_00835.png,2,pulôver,0.339784,DDPM,1000
fashion_00836.png,2,pulôver,0.992611,DDPM,1000
fashion_00837.png,4,casaco,0.584032,DDPM,1000
fashion_00838.png,0,camiseta,0.545952,DDPM,1000
fashion_00839.png,2,pulôver,0.557914,DDPM,1000
fashion_00840.png,8,bolsa,0.980237,DDPM,1000
fashion_00841.png,6,camisa,0.855017,DDPM,1000
fashion_00842.png,0,camiseta,0.703084,DDPM,1000
fashion_00843.png,4,casaco,0.666181,DDPM,1000
fashion_00844.png,6,camisa,0.987921,DDPM,1000
fashion_00845.png,8,bolsa,0.996389,DDPM,1000
fashion_00846.png,6,camisa,0.692784,DDPM,1000
fashion_00847.png,2,pulôver,0.507868,DDPM,1000
fashion_00848.png,8,bolsa,0.470502,DDPM,1000
fashion_00849.png,6,camisa,0.985957,DDPM,1000
fashion_00850.png,8,bolsa,0.474070,DDPM,1000
fashion_00851.png,4,casaco,0.986694,DDPM,1000
fashion_00852.png,2,pulôver,0.569581,DDPM,1000
fashion_00853.png,8,bolsa,0.677352,DDPM,1000
fashion_00854.png,3,vestido,0.988715,DDPM,1000
fashion_00855.png,0,camiseta,0.582272,DDPM,1000
fashion_00856.png,6,camisa,0.360865,DDPM,1000
fashion_00857.png,2,pulôver,0.905080,DDPM,1000
fashion_00858.png,6,camisa,0.752471,DDPM,1000
fashion_00859.png,4,casaco,0.569261,DDPM,1000
fashion_00860.png,6,camisa,0.748393,DDPM,1000
fashion_00861.png,6,camisa,0.654996,DDPM,1000
fashion_00862.png,2,pulôver,0.974905,DDPM,1000
fashion_00863.png,2,pulôver,0.986378,DDPM,1000
fashion_00864.png,6,camisa,0.793352,DDPM,1000
fashion_00865.png,8,bolsa,0.622822,DDPM,1000
fashion_00866.png,6,camisa,0.365227,DDPM,1000
fashion_00867.png,6,camisa,0.966876,DDPM,1000
fashion_00868.png,8,bolsa,0.457755,DDPM,1000
fashion_00869.png,2,pulôver,0.575561,DDPM,1000
fashion_00870.png,2,pulôver,0.797323,DDPM,1000
fashion_00871.png,6,camisa,0.787322,DDPM,1000
fashion_00872.png,8,bolsa,0.828872,DDPM,1000
fashion_00873.png,2,pulôver,0.569691,DDPM,1000
fashion_00874.png,2,pulôver,0.676158,DDPM,1000
fashion_00875.png,8,bolsa,0.999926,DDPM,1000
fashion_00876.png,8,bolsa,0.517988,DDPM,1000
fashion_00877.png,2,pulôver,0.541721,DDPM,1000
fashion_00878.png,6,camisa,0.708337,DDPM,1000
fashion_00879.png,2,pulôver,0.879568,DDPM,1000
fashion_00880.png,2,pulôver,0.637658,DDPM,1000
fashion_00881.png,8,bolsa,0.424168,DDPM,1000
fashion_00882.png,6,camisa,0.635959,DDPM,1000
fashion_00883.png,6,camisa,0.606120,DDPM,1000
fashion_00884.png,9,bota,0.999703,DDPM,1000
fashion_00885.png,2,pulôver,0.456587,DDPM,1000
fashion_00886.png,6,camisa,0.678917,DDPM,1000
fashion_00887.png,4,casaco,0.913813,DDPM,1000
fashion_00888.png,8,bolsa,0.999604,DDPM,1000
fashion_00889.png,4,casaco,0.733418,DDPM,1000
fashion_00890.png,4,casaco,0.381143,DDPM,1000
fashion_00891.png,2,pulôver,0.481381,DDPM,1000
fashion_00892.png,5,sandália,0.512752,DDPM,1000
fashion_00893.png,2,pulôver,0.640104,DDPM,1000
fashion_00894.png,6,camisa,0.626468,DDPM,1000
fashion_00895.png,2,pulôver,0.655755,DDPM,1000
fashion_00896.png,4,casaco,0.789053,DDPM,1000
fashion_00897.png,3,vestido,0.547176,DDPM,1000
fashion_00898.png,8,bolsa,0.996384,DDPM,1000
fashion_00899.png,2,pulôver,0.515339,DDPM,1000
fashion_00900.png,6,camisa,0.909167,DDPM,1000
fashion_00901.png,6,camisa,0.653431,DDPM,1000
fashion_00902.png,8,bolsa,0.961336,DDPM,1000
fashion_00903.png,8,bolsa,0.515007,DDPM,1000
fashion_00904.png,4,casaco,0.865001,DDPM,1000
fashion_00905.png,2,pulôver,0.491608,DDPM,1000
fashion_00906.png,0,camiseta,0.794172,DDPM,1000
fashion_00907.png,6,camisa,0.770747,DDPM,1000
fashion_00908.png,6,camisa,0.397837,DDPM,1000
fashion_00909.png,4,casaco,0.944905,DDPM,1000
fashion_00910.png,2,pulôver,0.547985,DDPM,1000
fashion_00911.png,0,camiseta,0.652787,DDPM,1000
fashion_00912.png,9,bota,0.904126,DDPM,1000
fashion_00913.png,8,bolsa,0.373741,DDPM,1000
fashion_00914.png,8,bolsa,0.510499,DDPM,1000
fashion_00915.png,8,bolsa,0.611379,DDPM,1000
fashion_00916.png,2,pulôver,0.528589,DDPM,1000
fashion_00917.png,6,camisa,0.922691,DDPM,1000
fashion_00918.png,8,bolsa,0.954978,DDPM,1000
fashion_00919.png,2,pulôver,0.469944,DDPM,1000
fashion_00920.png,8,bolsa,0.999884,DDPM,1000
fashion_00921.png,4,casaco,0.623971,DDPM,1000
fashion_00922.png,8,bolsa,0.750332,DDPM,1000
fashion_00923.png,2,pulôver,0.960909,DDPM,1000
fashion_00924.png,2,pulôver,0.982476,DDPM,1000
fashion_00925.png,6,camisa,0.668895,DDPM,1000
fashion_00926.png,2,pulôver,0.338535,DDPM,1000
fashion_00927.png,6,camisa,0.913368,DDPM,1000
fashion_00928.png,8,bolsa,0.655957,DDPM,1000
fashion_00929.png,2,pulôver,0.766678,DDPM,1000
fashion_00930.png,6,camisa,0.571671,DDPM,1000
fashion_00931.png,4,casaco,0.546427,DDPM,1000
fashion_00932.png,8,bolsa,0.873585,DDPM,1000
fashion_00933.png,6,camisa,0.898344,DDPM,1000
fashion_00934.png,6,camisa,0.564764,DDPM,1000
fashion_00935.png,8,bolsa,0.896091,DDPM,1000
fashion_00936.png,2,pulôver,0.829431,DDPM,1000
fashion_00937.png,6,camisa,0.546615,DDPM,1000
fashion_00938.png,2,pulôver,0.628504,DDPM,1000
fashion_00939.png,6,camisa,0.838380,DDPM,1000
fashion_00940.png,2,pulôver,0.407064,DDPM,1000
fashion_00941.png,2,pulôver,0.571261,DDPM,1000
fashion_00942.png,6,camisa,0.512337,DDPM,1000
fashion_00943.png,6,camisa,0.979490,DDPM,1000
fashion_00944.png,3,vestido,0.544151,DDPM,1000
fashion_00945.png,9,bota,0.487162,DDPM,1000
fashion_00946.png,2,pulôver,0.392599,DDPM,1000
fashion_00947.png,8,bolsa,0.337869,DDPM,1000
fashion_00948.png,0,camiseta,0.524305,DDPM,1000
fashion_00949.png,6,camisa,0.380091,DDPM,1000
fashion_00950.png,6,camisa,0.736929,DDPM,1000
fashion_00951.png,2,pulôver,0.958414,DDPM,1000
fashion_00952.png,2,pulôver,0.370045,DDPM,1000
fashion_00953.png,2,pulôver,0.650896,DDPM,1000
fashion_00954.png,2,pulôver,0.398973,DDPM,1000
fashion_00955.png,2,pulôver,0.911384,DDPM,1000
fashion_00956.png,0,camiseta,0.846151,DDPM,1000
fashion_00957.png,0,camiseta,0.869397,DDPM,1000
fashion_00958.png,2,pulôver,0.455825,DDPM,1000
fashion_00959.png,2,pulôver,0.666099,DDPM,1000
fashion_00960.png,3,vestido,0.398133,DDPM,1000
fashion_00961.png,6,camisa,0.777360,DDPM,1000
fashion_00962.png,9,bota,0.603733,DDPM,1000
fashion_00963.png,6,camisa,0.683800,DDPM,1000
fashion_00964.png,0,camiseta,0.720740,DDPM,1000
fashion_00965.png,8,bolsa,0.992189,DDPM,1000
fashion_00966.png,2,pulôver,0.956339,DDPM,1000
fashion_00967.png,5,sandália,0.742850,DDPM,1000
fashion_00968.png,6,camisa,0.579581,DDPM,1000
fashion_00969.png,0,camiseta,0.495910,DDPM,1000
fashion_00970.png,2,pulôver,0.891462,DDPM,1000
fashion_00971.png,8,bolsa,0.998951,DDPM,1000
fashion_00972.png,4,casaco,0.501314,DDPM,1000
fashion_00973.png,6,camisa,0.478024,DDPM,1000
fashion_00974.png,2,pulôver,0.757899,DDPM,1000
fashion_00975.png,2,pulôver,0.412174,DDPM,1000
fashion_00976.png,2,pulôver,0.452607,DDPM,1000
fashion_00977.png,6,camisa,0.633895,DDPM,1000
fashion_00978.png,2,pulôver,0.506438,DDPM,1000
fashion_00979.png,8,bolsa,0.887269,DDPM,1000
fashion_00980.png,6,camisa,0.857742,DDPM,1000
fashion_00981.png,2,pulôver,0.820080,DDPM,1000
fashion_00982.png,6,camisa,0.541054,DDPM,1000
fashion_00983.png,2,pulôver,0.861610,DDPM,1000
fashion_00984.png,6,camisa,0.551776,DDPM,1000
fashion_00985.png,8,bolsa,0.901246,DDPM,1000
fashion_00986.png,2,pulôver,0.514861,DDPM,1000
fashion_00987.png,2,pulôver,0.715212,DDPM,1000
fashion_00988.png,6,camisa,0.929263,DDPM,1000
fashion_00989.png,0,camiseta,0.609900,DDPM,1000
fashion_00990.png,2,pulôver,0.707994,DDPM,1000
fashion_00991.png,0,camiseta,0.505257,DDPM,1000
fashion_00992.png,6,camisa,0.584996,DDPM,1000
fashion_00993.png,5,sandália,0.995305,DDPM,1000
fashion_00994.png,4,casaco,0.368489,DDPM,1000
fashion_00995.png,2,pulôver,0.906035,DDPM,1000
fashion_00996.png,3,vestido,0.494030,DDPM,1000
fashion_00997.png,8,bolsa,0.992631,DDPM,1000
fashion_00998.png,1,calça,0.776238,DDPM,1000
fashion_00999.png,9,bota,0.607395,DDPM,1000
fashion_01000.png,2,pulôver,0.966437,DDPM,1000
fashion_01001.png,8,bolsa,0.809779,DDPM,1000
fashion_01002.png,8,bolsa,0.854264,DDPM,1000
fashion_01003.png,2,pulôver,0.592585,DDPM,1000
fashion_01004.png,2,pulôver,0.985697,DDPM,1000
fashion_01005.png,8,bolsa,0.956335,DDPM,1000
fashion_01006.png,8,bolsa,0.961931,DDPM,1000
fashion_01007.png,0,camiseta,0.986034,DDPM,1000
fashion_01008.png,6,camisa,0.317704,DDPM,1000
fashion_01009.png,4,casaco,0.649885,DDPM,1000
fashion_01010.png,8,bolsa,0.597487,DDPM,1000
fashion_01011.png,0,camiseta,0.998113,DDPM,1000
fashion_01012.png,2,pulôver,0.572047,DDPM,1000
fashion_01013.png,6,camisa,0.951266,DDPM,1000
fashion_01014.png,4,casaco,0.580388,DDPM,1000
fashion_01015.png,6,camisa,0.516029,DDPM,1000
fashion_01016.png,6,camisa,0.376168,DDPM,1000
fashion_01017.png,6,camisa,0.962161,DDPM,1000
fashion_01018.png,7,tênis,0.563710,DDPM,1000
fashion_01019.png,4,casaco,0.928115,DDPM,1000
fashion_01020.png,2,pulôver,0.633359,DDPM,1000
fashion_01021.png,9,bota,0.380657,DDPM,1000
fashion_01022.png,6,camisa,0.886240,DDPM,1000
fashion_01023.png,3,vestido,0.981957,DDPM,1000
fashion_01024.png,2,pulôver,0.527791,DDPM,1000
fashion_01025.png,0,camiseta,0.296589,DDPM,1000
fashion_01026.png,2,pulôver,0.476756,DDPM,1000
fashion_01027.png,8,bolsa,0.389215,DDPM,1000
fashion_01028.png,0,camiseta,0.477816,DDPM,1000
fashion_01029.png,8,bolsa,0.983818,DDPM,1000
fashion_01030.png,2,pulôver,0.344648,DDPM,1000
fashion_01031.png,6,camisa,0.912847,DDPM,1000
fashion_01032.png,4,casaco,0.560416,DDPM,1000
fashion_01033.png,6,camisa,0.436825,DDPM,1000
fashion_01034.png,8,bolsa,0.976029,DDPM,1000
fashion_01035.png,2,pulôver,0.580196,DDPM,1000
fashion_01036.png,1,calça,0.979936,DDPM,1000
fashion_01037.png,2,pulôver,0.995126,DDPM,1000
fashion_01038.png,6,camisa,0.959360,DDPM,1000
fashion_01039.png,8,bolsa,0.993628,DDPM,1000
fashion_01040.png,8,bolsa,0.886426,DDPM,1000
fashion_01041.png,6,camisa,0.510790,DDPM,1000
fashion_01042.png,0,camiseta,0.352583,DDPM,1000
fashion_01043.png,2,pulôver,0.923886,DDPM,1000
fashion_01044.png,8,bolsa,0.531893,DDPM,1000
fashion_01045.png,4,casaco,0.990080,DDPM,1000
fashion_01046.png,2,pulôver,0.887088,DDPM,1000
fashion_01047.png,8,bolsa,0.865221,DDPM,1000
fashion_01048.png,6,camisa,0.539812,DDPM,1000
fashion_01049.png,0,camiseta,0.593783,DDPM,1000
fashion_01050.png,4,casaco,0.391586,DDPM,1000
fashion_01051.png,8,bolsa,0.416152,DDPM,1000
fashion_01052.png,6,camisa,0.671075,DDPM,1000
fashion_01053.png,6,camisa,0.426645,DDPM,1000
fashion_01054.png,8,bolsa,0.398825,DDPM,1000
fashion_01055.png,6,camisa,0.517817,DDPM,1000
fashion_01056.png,2,pulôver,0.856043,DDPM,1000
fashion_01057.png,4,casaco,0.583015,DDPM,1000
fashion_01058.png,4,casaco,0.443069,DDPM,1000
fashion_01059.png,2,pulôver,0.907868,DDPM,1000
fashion_01060.png,6,camisa,0.689679,DDPM,1000
fashion_01061.png,8,bolsa,0.364396,DDPM,1000
fashion_01062.png,2,pulôver,0.645878,DDPM,1000
fashion_01063.png,9,bota,0.997991,DDPM,1000
fashion_01064.png,8,bolsa,0.998368,DDPM,1000
fashion_01065.png,8,bolsa,0.932632,DDPM,1000
fashion_01066.png,4,casaco,0.585944,DDPM,1000
fashion_01067.png,3,vestido,0.966906,DDPM,1000
fashion_01068.png,6,camisa,0.538328,DDPM,1000
fashion_01069.png,6,camisa,0.397285,DDPM,1000
fashion_01070.png,2,pulôver,0.928953,DDPM,1000
fashion_01071.png,4,casaco,0.666493,DDPM,1000
fashion_01072.png,4,casaco,0.281476,DDPM,1000
fashion_01073.png,3,vestido,0.465840,DDPM,1000
fashion_01074.png,8,bolsa,0.393906,DDPM,1000
fashion_01075.png,6,camisa,0.900747,DDPM,1000
fashion_01076.png,0,camiseta,0.951282,DDPM,1000
fashion_01077.png,6,camisa,0.372357,DDPM,1000
fashion_01078.png,2,pulôver,0.909674,DDPM,1000
fashion_01079.png,8,bolsa,0.708633,DDPM,1000
fashion_01080.png,2,pulôver,0.537152,DDPM,1000
fashion_01081.png,5,sandália,0.942488,DDPM,1000
fashion_01082.png,0,camiseta,0.545404,DDPM,1000
fashion_01083.png,8,bolsa,0.997716,DDPM,1000
fashion_01084.png,6,camisa,0.533600,DDPM,1000
fashion_01085.png,6,camisa,0.519316,DDPM,1000
fashion_01086.png,3,vestido,0.697407,DDPM,1000
fashion_01087.png,2,pulôver,0.815391,DDPM,1000
fashion_01088.png,2,pulôver,0.437079,DDPM,1000
fashion_01089.png,0,camiseta,0.487054,DDPM,1000
fashion_01090.png,9,bota,0.567472,DDPM,1000
fashion_01091.png,6,camisa,0.904732,DDPM,1000
fashion_01092.png,8,bolsa,0.999550,DDPM,1000
fashion_01093.png,0,camiseta,0.987561,DDPM,1000
fashion_01094.png,0,camiseta,0.615240,DDPM,1000
fashion_01095.png,2,pulôver,0.713325,DDPM,1000
fashion_01096.png,6,camisa,0.809554,DDPM,1000
fashion_01097.png,2,pulôver,0.521354,DDPM,1000
fashion_01098.png,8,bolsa,0.798697,DDPM,1000
fashion_01099.png,8,bolsa,0.383350,DDPM,1000
fashion_01100.png,3,vestido,0.296922,DDPM,1000
fashion_01101.png,6,camisa,0.540097,DDPM,1000
fashion_01102.png,0,camiseta,0.536485,DDPM,1000
fashion_01103.png,0,camiseta,0.523174,DDPM,1000
fashion_01104.png,4,casaco,0.457646,DDPM,1000
fashion_01105.png,0,camiseta,0.471012,DDPM,1000
fashion_01106.png,0,camiseta,0.602816,DDPM,1000
fashion_01107.png,6,camisa,0.960671,DDPM,1000
fashion_01108.png,2,pulôver,0.652721,DDPM,1000
fashion_01109.png,2,pulôver,0.793387,DDPM,1000
fashion_01110.png,8,bolsa,0.884592,DDPM,1000
fashion_01111.png,8,bolsa,0.982263,DDPM,1000
fashion_01112.png,6,camisa,0.570711,DDPM,1000
fashion_01113.png,6,camisa,0.537190,DDPM,1000
fashion_01114.png,2,pulôver,0.603006,DDPM,1000
fashion_01115.png,6,camisa,0.579216,DDPM,1000
fashion_01116.png,8,bolsa,0.643878,DDPM,1000
fashion_01117.png,3,vestido,0.352933,DDPM,1000
fashion_01118.png,2,pulôver,0.604194,DDPM,1000
fashion_01119.png,8,bolsa,0.850946,DDPM,1000
fashion_01120.png,2,pulôver,0.991583,DDPM,1000
fashion_01121.png,6,camisa,0.920400,DDPM,1000
fashion_01122.png,4,casaco,0.711767,DDPM,1000
fashion_01123.png,4,casaco,0.712598,DDPM,1000
fashion_01124.png,6,camisa,0.954564,DDPM,1000
fashion_01125.png,2,pulôver,0.529426,DDPM,1000
fashion_01126.png,2,pulôver,0.585166,DDPM,1000
fashion_01127.png,2,pulôver,0.587071,DDPM,1000
fashion_01128.png,2,pulôver,0.570858,DDPM,1000
fashion_01129.png,1,calça,0.500663,DDPM,1000
fashion_01130.png,6,camisa,0.989596,DDPM,1000
fashion_01131.png,4,casaco,0.730057,DDPM,1000
fashion_01132.png,0,camiseta,0.368816,DDPM,1000
fashion_01133.png,4,casaco,0.416739,DDPM,1000
fashion_01134.png,4,casaco,0.823235,DDPM,1000
fashion_01135.png,2,pulôver,0.409071,DDPM,1000
fashion_01136.png,6,camisa,0.445576,DDPM,1000
fashion_01137.png,5,sandália,0.880142,DDPM,1000
fashion_01138.png,9,bota,0.846144,DDPM,1000
fashion_01139.png,9,bota,0.831805,DDPM,1000
fashion_01140.png,3,vestido,0.692267,DDPM,1000
fashion_01141.png,6,camisa,0.667688,DDPM,1000
fashion_01142.png,6,camisa,0.341508,DDPM,1000
fashion_01143.png,6,camisa,0.699021,DDPM,1000
fashion_01144.png,2,pulôver,0.343494,DDPM,1000
fashion_01145.png,8,bolsa,0.910438,DDPM,1000
fashion_01146.png,2,pulôver,0.662810,DDPM,1000
fashion_01147.png,4,casaco,0.376231,DDPM,1000
fashion_01148.png,2,pulôver,0.949202,DDPM,1000
fashion_01149.png,6,camisa,0.529779,DDPM,1000
fashion_01150.png,4,casaco,0.432093,DDPM,1000
fashion_01151.png,2,pulôver,0.792192,DDPM,1000
fashion_01152.png,8,bolsa,0.630892,DDPM,1000
fashion_01153.png,8,bolsa,0.787620,DDPM,1000
fashion_01154.png,6,camisa,0.463525,DDPM,1000
fashion_01155.png,6,camisa,0.550061,DDPM,1000
fashion_01156.png,6,camisa,0.294445,DDPM,1000
fashion_01157.png,3,vestido,0.460000,DDPM,1000
fashion_01158.png,2,pulôver,0.577741,DDPM,1000
fashion_01159.png,6,camisa,0.817329,DDPM,1000
fashion_01160.png,3,vestido,0.956285,DDPM,1000
fashion_01161.png,2,pulôver,0.665488,DDPM,1000
fashion_01162.png,0,camiseta,0.501094,DDPM,1000
fashion_01163.png,7,tênis,0.950742,DDPM,1000
fashion_01164.png,6,camisa,0.383864,DDPM,1000
fashion_01165.png,3,vestido,0.316959,DDPM,1000
fashion_01166.png,2,pulôver,0.775728,DDPM,1000
fashion_01167.png,6,camisa,0.629781,DDPM,1000
fashion_01168.png,4,casaco,0.372570,DDPM,1000
fashion_01169.png,2,pulôver,0.814622,DDPM,1000
fashion_01170.png,2,pulôver,0.590102,DDPM,1000
fashion_01171.png,8,bolsa,0.331997,DDPM,1000
fashion_01172.png,2,pulôver,0.859717,DDPM,1000
fashion_01173.png,9,bota,0.997841,DDPM,1000
fashion_01174.png,4,casaco,0.563435,DDPM,1000
fashion_01175.png,0,camiseta,0.950117,DDPM,1000
fashion_01176.png,0,camiseta,0.513295,DDPM,1000
fashion_01177.png,6,camisa,0.631419,DDPM,1000
fashion_01178.png,8,bolsa,0.973522,DDPM,1000
fashion_01179.png,6,camisa,0.547738,DDPM,1000
fashion_01180.png,2,pulôver,0.672366,DDPM,1000
fashion_01181.png,8,bolsa,0.911408,DDPM,1000
fashion_01182.png,6,camisa,0.728834,DDPM,1000
fashion_01183.png,9,bota,0.908179,DDPM,1000
fashion_01184.png,2,pulôver,0.692618,DDPM,1000
fashion_01185.png,3,vestido,0.741379,DDPM,1000
fashion_01186.png,4,casaco,0.829444,DDPM,1000
fashion_01187.png,3,vestido,0.753320,DDPM,1000
fashion_01188.png,8,bolsa,0.371835,DDPM,1000
fashion_01189.png,0,camiseta,0.460264,DDPM,1000
fashion_01190.png,6,camisa,0.640359,DDPM,1000
fashion_01191.png,2,pulôver,0.712717,DDPM,1000
fashion_01192.png,4,casaco,0.522132,DDPM,1000
fashion_01193.png,0,camiseta,0.686280,DDPM,1000
fashion_01194.png,8,bolsa,0.992753,DDPM,1000
fashion_01195.png,0,camiseta,0.955129,DDPM,1000
fashion_01196.png,6,camisa,0.604502,DDPM,1000
fashion_01197.png,2,pulôver,0.751078,DDPM,1000
fashion_01198.png,6,camisa,0.455295,DDPM,1000
fashion_01199.png,6,camisa,0.894747,DDPM,1000
fashion_01200.png,6,camisa,0.596761,DDPM,1000
fashion_01201.png,3,vestido,0.331821,DDPM,1000
fashion_01202.png,0,camiseta,0.377851,DDPM,1000
fashion_01203.png,4,casaco,0.690542,DDPM,1000
fashion_01204.png,6,camisa,0.665038,DDPM,1000
fashion_01205.png,7,tênis,0.999993,DDPM,1000
fashion_01206.png,6,camisa,0.815824,DDPM,1000
fashion_01207.png,6,camisa,0.654822,DDPM,1000
fashion_01208.png,0,camiseta,0.688136,DDPM,1000
fashion_01209.png,2,pulôver,0.856227,DDPM,1000
fashion_01210.png,8,bolsa,0.921590,DDPM,1000
fashion_01211.png,8,bolsa,0.988231,DDPM,1000
fashion_01212.png,2,pulôver,0.465822,DDPM,1000
fashion_01213.png,4,casaco,0.931339,DDPM,1000
fashion_01214.png,6,camisa,0.671442,DDPM,1000
fashion_01215.png,3,vestido,0.562247,DDPM,1000
fashion_01216.png,2,pulôver,0.347083,DDPM,1000
fashion_01217.png,4,casaco,0.748921,DDPM,1000
fashion_01218.png,6,camisa,0.888173,DDPM,1000
fashion_01219.png,3,vestido,0.678939,DDPM,1000
fashion_01220.png,6,camisa,0.921599,DDPM,1000
fashion_01221.png,6,camisa,0.465152,DDPM,1000
fashion_01222.png,0,camiseta,0.798984,DDPM,1000
fashion_01223.png,9,bota,0.742006,DDPM,1000
fashion_01224.png,8,bolsa,0.991151,DDPM,1000
fashion_01225.png,8,bolsa,0.839488,DDPM,1000
fashion_01226.png,7,tênis,0.872210,DDPM,1000
fashion_01227.png,0,camiseta,0.719194,DDPM,1000
fashion_01228.png,6,camisa,0.543739,DDPM,1000
fashion_01229.png,4,casaco,0.735987,DDPM,1000
fashion_01230.png,2,pulôver,0.668098,DDPM,1000
fashion_01231.png,8,bolsa,0.600037,DDPM,1000
fashion_01232.png,8,bolsa,0.484579,DDPM,1000
fashion_01233.png,7,tênis,0.576951,DDPM,1000
fashion_01234.png,2,pulôver,0.495674,DDPM,1000
fashion_01235.png,2,pulôver,0.803675,DDPM,1000
fashion_01236.png,0,camiseta,0.729557,DDPM,1000
fashion_01237.png,8,bolsa,0.655654,DDPM,1000
fashion_01238.png,0,camiseta,0.836698,DDPM,1000
fashion_01239.png,8,bolsa,0.907345,DDPM,1000
fashion_01240.png,2,pulôver,0.607449,DDPM,1000
fashion_01241.png,8,bolsa,0.999591,DDPM,1000
fashion_01242.png,4,casaco,0.428315,DDPM,1000
fashion_01243.png,6,camisa,0.526337,DDPM,1000
fashion_01244.png,6,camisa,0.403506,DDPM,1000
fashion_01245.png,6,camisa,0.840197,DDPM,1000
fashion_01246.png,6,camisa,0.514980,DDPM,1000
fashion_01247.png,6,camisa,0.833600,DDPM,1000
fashion_01248.png,8,bolsa,0.654442,DDPM,1000
fashion_01249.png,6,camisa,0.534274,DDPM,1000
fashion_01250.png,3,vestido,0.737533,DDPM,1000
fashion_01251.png,2,pulôver,0.669006,DDPM,1000
fashion_01252.png,6,camisa,0.743942,DDPM,1000
fashion_01253.png,4,casaco,0.791509,DDPM,1000
fashion_01254.png,4,casaco,0.365970,DDPM,1000
fashion_01255.png,2,pulôver,0.926964,DDPM,1000
fashion_01256.png,1,calça,0.999533,DDPM,1000
fashion_01257.png,6,camisa,0.827999,DDPM,1000
fashion_01258.png,2,pulôver,0.429946,DDPM,1000
fashion_01259.png,6,camisa,0.941462,DDPM,1000
fashion_01260.png,2,pulôver,0.589563,DDPM,1000
fashion_01261.png,6,camisa,0.710079,DDPM,1000
fashion_01262.png,8,bolsa,0.364728,DDPM,1000
fashion_01263.png,6,camisa,0.529792,DDPM,1000
fashion_01264.png,0,camiseta,0.412799,DDPM,1000
fashion_01265.png,0,camiseta,0.751319,DDPM,1000
fashion_01266.png,6,camisa,0.499914,DDPM,1000
fashion_01267.png,6,camisa,0.501192,DDPM,1000
fashion_01268.png,2,pulôver,0.743268,DDPM,1000
fashion_01269.png,0,camiseta,0.866341,DDPM,1000
fashion_01270.png,3,vestido,0.574251,DDPM,1000
fashion_01271.png,7,tênis,0.708448,DDPM,1000
fashion_01272.png,8,bolsa,0.566785,DDPM,1000
fashion_01273.png,6,camisa,0.526182,DDPM,1000
fashion_01274.png,6,camisa,0.861563,DDPM,1000
fashion_01275.png,8,bolsa,0.942597,DDPM,1000
fashion_01276.png,4,casaco,0.538410,DDPM,1000
fashion_01277.png,4,casaco,0.502195,DDPM,1000
fashion_01278.png,0,camiseta,0.716885,DDPM,1000
fashion_01279.png,6,camisa,0.934857,DDPM,1000
fashion_01280.png,2,pulôver,0.749106,DDPM,1000
fashion_01281.png,4,casaco,0.909801,DDPM,1000
fashion_01282.png,8,bolsa,0.520365,DDPM,1000
fashion_01283.png,6,camisa,0.960526,DDPM,1000
fashion_01284.png,8,bolsa,0.596907,DDPM,1000
fashion_01285.png,2,pulôver,0.850525,DDPM,1000
fashion_01286.png,6,camisa,0.788345,DDPM,1000
fashion_01287.png,6,camisa,0.395377,DDPM,1000
fashion_01288.png,2,pulôver,0.646485,DDPM,1000
fashion_01289.png,6,camisa,0.516760,DDPM,1000
fashion_01290.png,4,casaco,0.634069,DDPM,1000
fashion_01291.png,8,bolsa,0.944741,DDPM,1000
fashion_01292.png,2,pulôver,0.670234,DDPM,1000
fashion_01293.png,6,camisa,0.974832,DDPM,1000
fashion_01294.png,8,bolsa,0.956141,DDPM,1000
fashion_01295.png,8,bolsa,0.882429,DDPM,1000
fashion_01296.png,8,bolsa,0.366759,DDPM,1000
fashion_01297.png,2,pulôver,0.623945,DDPM,1000
fashion_01298.png,8,bolsa,0.635018,DDPM,1000
fashion_01299.png,6,camisa,0.511980,DDPM,1000
fashion_01300.png,2,pulôver,0.808258,DDPM,1000
fashion_01301.png,8,bolsa,0.999172,DDPM,1000
fashion_01302.png,6,camisa,0.432848,DDPM,1000
fashion_01303.png,2,pulôver,0.854663,DDPM,1000
fashion_01304.png,6,camisa,0.499109,DDPM,1000
fashion_01305.png,4,casaco,0.963682,DDPM,1000
fashion_01306.png,1,calça,0.951738,DDPM,1000
fashion_01307.png,7,tênis,0.554641,DDPM,1000
fashion_01308.png,2,pulôver,0.727730,DDPM,1000
fashion_01309.png,2,pulôver,0.649115,DDPM,1000
fashion_01310.png,8,bolsa,0.998253,DDPM,1000
fashion_01311.png,6,camisa,0.873398,DDPM,1000
fashion_01312.png,3,vestido,0.329919,DDPM,1000
fashion_01313.png,0,camiseta,0.316886,DDPM,1000
fashion_01314.png,6,camisa,0.804630,DDPM,1000
fashion_01315.png,3,vestido,0.649503,DDPM,1000
fashion_01316.png,6,camisa,0.915581,DDPM,1000
fashion_01317.png,6,camisa,0.894840,DDPM,1000
fashion_01318.png,2,pulôver,0.433333,DDPM,1000
fashion_01319.png,2,pulôver,0.461769,DDPM,1000
fashion_01320.png,8,bolsa,0.715322,DDPM,1000
fashion_01321.png,9,bota,0.425500,DDPM,1000
fashion_01322.png,2,pulôver,0.690611,DDPM,1000
fashion_01323.png,6,camisa,0.935618,DDPM,1000
fashion_01324.png,6,camisa,0.767028,DDPM,1000
fashion_01325.png,0,camiseta,0.419044,DDPM,1000
fashion_01326.png,3,vestido,0.531261,DDPM,1000
fashion_01327.png,7,tênis,0.210590,DDPM,1000
fashion_01328.png,6,camisa,0.284584,DDPM,1000
fashion_01329.png,0,camiseta,0.388202,DDPM,1000
fashion_01330.png,1,calça,0.402513,DDPM,1000
fashion_01331.png,6,camisa,0.986182,DDPM,1000
fashion_01332.png,4,casaco,0.342988,DDPM,1000
fashion_01333.png,4,casaco,0.363922,DDPM,1000
fashion_01334.png,8,bolsa,0.723157,DDPM,1000
fashion_01335.png,8,bolsa,0.999188,DDPM,1000
fashion_01336.png,2,pulôver,0.989049,DDPM,1000
fashion_01337.png,3,vestido,0.492711,DDPM,1000
fashion_01338.png,2,pulôver,0.587402,DDPM,1000
fashion_01339.png,6,camisa,0.692583,DDPM,1000
fashion_01340.png,8,bolsa,0.960714,DDPM,1000
fashion_01341.png,3,vestido,0.421381,DDPM,1000
fashion_01342.png,9,bota,0.723471,DDPM,1000
fashion_01343.png,4,casaco,0.372893,DDPM,1000
fashion_01344.png,6,camisa,0.854419,DDPM,1000
fashion_01345.png,3,vestido,0.714830,DDPM,1000
fashion_01346.png,6,camisa,0.611005,DDPM,1000
fashion_01347.png,0,camiseta,0.552008,DDPM,1000
fashion_01348.png,3,vestido,0.994519,DDPM,1000
fashion_01349.png,6,camisa,0.568230,DDPM,1000
fashion_01350.png,6,camisa,0.552739,DDPM,1000
fashion_01351.png,7,tênis,0.467072,DDPM,1000
fashion_01352.png,6,camisa,0.614468,DDPM,1000
fashion_01353.png,6,camisa,0.562795,DDPM,1000
fashion_01354.png,4,casaco,0.788605,DDPM,1000
fashion_01355.png,2,pulôver,0.886486,DDPM,1000
fashion_01356.png,6,camisa,0.421842,DDPM,1000
fashion_01357.png,0,camiseta,0.800359,DDPM,1000
fashion_01358.png,8,bolsa,0.999159,DDPM,1000
fashion_01359.png,2,pulôver,0.767065,DDPM,1000
fashion_01360.png,2,pulôver,0.886893,DDPM,1000
fashion_01361.png,0,camiseta,0.757343,DDPM,1000
fashion_01362.png,8,bolsa,0.994400,DDPM,1000
fashion_01363.png,8,bolsa,0.792367,DDPM,1000
fashion_01364.png,3,vestido,0.560180,DDPM,1000
fashion_01365.png,8,bolsa,0.405058,DDPM,1000
fashion_01366.png,3,vestido,0.368605,DDPM,1000
fashion_01367.png,8,bolsa,0.492238,DDPM,1000
fashion_01368.png,0,camiseta,0.394856,DDPM,1000
fashion_01369.png,8,bolsa,0.344363,DDPM,1000
fashion_01370.png,2,pulôver,0.917339,DDPM,1000
fashion_01371.png,2,pulôver,0.678956,DDPM,1000
fashion_01372.png,4,casaco,0.474065,DDPM,1000
fashion_01373.png,9,bota,0.665308,DDPM,1000
fashion_01374.png,3,vestido,0.731609,DDPM,1000
fashion_01375.png,6,camisa,0.693846,DDPM,1000
fashion_01376.png,4,casaco,0.619511,DDPM,1000
fashion_01377.png,0,camiseta,0.324940,DDPM,1000
fashion_01378.png,2,pulôver,0.798535,DDPM,1000
fashion_01379.png,6,camisa,0.912005,DDPM,1000
fashion_01380.png,8,bolsa,0.989428,DDPM,1000
fashion_01381.png,8,bolsa,0.671250,DDPM,1000
fashion_01382.png,2,pulôver,0.521790,DDPM,1000
fashion_01383.png,4,casaco,0.503428,DDPM,1000
fashion_01384.png,0,camiseta,0.517175,DDPM,1000
fashion_01385.png,6,camisa,0.436379,DDPM,1000
fashion_01386.png,8,bolsa,0.984388,DDPM,1000
fashion_01387.png,6,camisa,0.589263,DDPM,1000
fashion_01388.png,6,camisa,0.601926,DDPM,1000
fashion_01389.png,6,camisa,0.507792,DDPM,1000
fashion_01390.png,6,camisa,0.710735,DDPM,1000
fashion_01391.png,9,bota,0.843626,DDPM,1000
fashion_01392.png,2,pulôver,0.452626,DDPM,1000
fashion_01393.png,3,vestido,0.932762,DDPM,1000
fashion_01394.png,2,pulôver,0.982965,DDPM,1000
fashion_01395.png,6,camisa,0.298271,DDPM,1000
fashion_01396.png,6,camisa,0.813161,DDPM,1000
fashion_01397.png,6,camisa,0.559720,DDPM,1000
fashion_01398.png,3,vestido,0.409361,DDPM,1000
fashion_01399.png,4,casaco,0.349022,DDPM,1000
fashion_01400.png,6,camisa,0.538018,DDPM,1000
fashion_01401.png,4,casaco,0.607293,DDPM,1000
fashion_01402.png,6,camisa,0.919040,DDPM,1000
fashion_01403.png,4,casaco,0.458568,DDPM,1000
fashion_01404.png,4,casaco,0.757401,DDPM,1000
fashion_01405.png,8,bolsa,0.546696,DDPM,1000
fashion_01406.png,0,camiseta,0.840156,DDPM,1000
fashion_01407.png,2,pulôver,0.900970,DDPM,1000
fashion_01408.png,6,camisa,0.866619,DDPM,1000
fashion_01409.png,9,bota,0.513566,DDPM,1000
fashion_01410.png,2,pulôver,0.879959,DDPM,1000
fashion_01411.png,0,camiseta,0.734326,DDPM,1000
fashion_01412.png,5,sandália,0.689394,DDPM,1000
fashion_01413.png,5,sandália,0.610594,DDPM,1000
fashion_01414.png,6,camisa,0.482464,DDPM,1000
fashion_01415.png,2,pulôver,0.709406,DDPM,1000
fashion_01416.png,6,camisa,0.942539,DDPM,1000
fashion_01417.png,3,vestido,0.432780,DDPM,1000
fashion_01418.png,2,pulôver,0.883109,DDPM,1000
fashion_01419.png,4,casaco,0.677582,DDPM,1000
fashion_01420.png,2,pulôver,0.426541,DDPM,1000
fashion_01421.png,0,camiseta,0.803752,DDPM,1000
fashion_01422.png,2,pulôver,0.904047,DDPM,1000
fashion_01423.png,6,camisa,0.687715,DDPM,1000
fashion_01424.png,8,bolsa,0.304771,DDPM,1000
fashion_01425.png,8,bolsa,0.999650,DDPM,1000
fashion_01426.png,8,bolsa,0.666455,DDPM,1000
fashion_01427.png,8,bolsa,0.631576,DDPM,1000
fashion_01428.png,2,pulôver,0.940750,DDPM,1000
fashion_01429.png,6,camisa,0.629567,DDPM,1000
fashion_01430.png,8,bolsa,0.999696,DDPM,1000
fashion_01431.png,8,bolsa,0.996361,DDPM,1000
fashion_01432.png,3,vestido,0.693134,DDPM,1000
fashion_01433.png,2,pulôver,0.816605,DDPM,1000
fashion_01434.png,6,camisa,0.494609,DDPM,1000
fashion_01435.png,6,camisa,0.371936,DDPM,1000
fashion_01436.png,2,pulôver,0.551180,DDPM,1000
fashion_01437.png,2,pulôver,0.915113,DDPM,1000
fashion_01438.png,3,vestido,0.811829,DDPM,1000
fashion_01439.png,0,camiseta,0.505716,DDPM,1000
fashion_01440.png,3,vestido,0.429808,DDPM,1000
fashion_01441.png,8,bolsa,0.515516,DDPM,1000
fashion_01442.png,6,camisa,0.487470,DDPM,1000
fashion_01443.png,6,camisa,0.581718,DDPM,1000
fashion_01444.png,6,camisa,0.676612,DDPM,1000
fashion_01445.png,6,camisa,0.582278,DDPM,1000
fashion_01446.png,6,camisa,0.940020,DDPM,1000
fashion_01447.png,6,camisa,0.789006,DDPM,1000
fashion_01448.png,6,camisa,0.630829,DDPM,1000
fashion_01449.png,8,bolsa,0.399355,DDPM,1000
fashion_01450.png,7,tênis,0.467843,DDPM,1000
fashion_01451.png,2,pulôver,0.914578,DDPM,1000
fashion_01452.png,0,camiseta,0.747780,DDPM,1000
fashion_01453.png,6,camisa,0.443555,DDPM,1000
fashion_01454.png,0,camiseta,0.694392,DDPM,1000
fashion_01455.png,6,camisa,0.544670,DDPM,1000
fashion_01456.png,6,camisa,0.613500,DDPM,1000
fashion_01457.png,8,bolsa,0.946167,DDPM,1000
fashion_01458.png,8,bolsa,0.848017,DDPM,1000
fashion_01459.png,8,bolsa,0.960071,DDPM,1000
fashion_01460.png,2,pulôver,0.876635,DDPM,1000
fashion_01461.png,6,camisa,0.368516,DDPM,1000
fashion_01462.png,8,bolsa,0.811317,DDPM,1000
fashion_01463.png,8,bolsa,0.999081,DDPM,1000
fashion_01464.png,2,pulôver,0.895630,DDPM,1000
fashion_01465.png,6,camisa,0.542245,DDPM,1000
fashion_01466.png,2,pulôver,0.635357,DDPM,1000
fashion_01467.png,0,camiseta,0.585270,DDPM,1000
fashion_01468.png,3,vestido,0.957448,DDPM,1000
fashion_01469.png,8,bolsa,0.489096,DDPM,1000
fashion_01470.png,5,sandália,0.618304,DDPM,1000
fashion_01471.png,0,camiseta,0.909176,DDPM,1000
fashion_01472.png,6,camisa,0.925454,DDPM,1000
fashion_01473.png,6,camisa,0.496795,DDPM,1000
fashion_01474.png,2,pulôver,0.451251,DDPM,1000
fashion_01475.png,3,vestido,0.415226,DDPM,1000
fashion_01476.png,0,camiseta,0.627629,DDPM,1000
fashion_01477.png,2,pulôver,0.739981,DDPM,1000
fashion_01478.png,6,camisa,0.525496,DDPM,1000
fashion_01479.png,3,vestido,0.997751,DDPM,1000
fashion_01480.png,8,bolsa,0.935009,DDPM,1000
fashion_01481.png,6,camisa,0.562682,DDPM,1000
fashion_01482.png,6,camisa,0.863287,DDPM,1000
fashion_01483.png,8,bolsa,0.750350,DDPM,1000
fashion_01484.png,6,camisa,0.509090,DDPM,1000
fashion_01485.png,2,pulôver,0.849281,DDPM,1000
fashion_01486.png,0,camiseta,0.527862,DDPM,1000
fashion_01487.png,8,bolsa,0.771395,DDPM,1000
fashion_01488.png,6,camisa,0.492036,DDPM,1000
fashion_01489.png,8,bolsa,0.336386,DDPM,1000
fashion_01490.png,6,camisa,0.659304,DDPM,1000
fashion_01491.png,5,sandália,0.969276,DDPM,1000
fashion_01492.png,2,pulôver,0.798257,DDPM,1000
fashion_01493.png,6,camisa,0.383542,DDPM,1000
fashion_01494.png,3,vestido,0.518273,DDPM,1000
fashion_01495.png,5,sandália,0.541357,DDPM,1000
fashion_01496.png,2,pulôver,0.563295,DDPM,1000
fashion_01497.png,9,bota,0.774856,DDPM,1000
fashion_01498.png,4,casaco,0.878709,DDPM,1000
fashion_01499.png,8,bolsa,0.965148,DDPM,1000
fashion_01500.png,6,camisa,0.992830,DDPM,1000
fashion_01501.png,0,camiseta,0.571064,DDPM,1000
fashion_01502.png,6,camisa,0.783638,DDPM,1000
fashion_01503.png,2,pulôver,0.969992,DDPM,1000
fashion_01504.png,0,camiseta,0.516034,DDPM,1000
fashion_01505.png,4,casaco,0.523575,DDPM,1000
fashion_01506.png,6,camisa,0.690950,DDPM,1000
fashion_01507.png,0,camiseta,0.793672,DDPM,1000
fashion_01508.png,8,bolsa,0.532867,DDPM,1000
fashion_01509.png,8,bolsa,0.706576,DDPM,1000
fashion_01510.png,2,pulôver,0.378757,DDPM,1000
fashion_01511.png,3,vestido,0.970483,DDPM,1000
fashion_01512.png,6,camisa,0.890349,DDPM,1000
fashion_01513.png,6,camisa,0.649885,DDPM,1000
fashion_01514.png,6,camisa,0.886625,DDPM,1000
fashion_01515.png,6,camisa,0.649463,DDPM,1000
fashion_01516.png,8,bolsa,0.445641,DDPM,1000
fashion_01517.png,2,pulôver,0.568895,DDPM,1000
fashion_01518.png,6,camisa,0.446202,DDPM,1000
fashion_01519.png,0,camiseta,0.621544,DDPM,1000
fashion_01520.png,6,camisa,0.754250,DDPM,1000
fashion_01521.png,6,camisa,0.449712,DDPM,1000
fashion_01522.png,0,camiseta,0.645202,DDPM,1000
fashion_01523.png,4,casaco,0.406917,DDPM,1000
fashion_01524.png,8,bolsa,0.995490,DDPM,1000
fashion_01525.png,3,vestido,0.727642,DDPM,1000
fashion_01526.png,6,camisa,0.917449,DDPM,1000
fashion_01527.png,8,bolsa,0.999318,DDPM,1000
fashion_01528.png,4,casaco,0.773536,DDPM,1000
fashion_01529.png,0,camiseta,0.543254,DDPM,1000
fashion_01530.png,2,pulôver,0.936693,DDPM,1000
fashion_01531.png,6,camisa,0.548113,DDPM,1000
fashion_01532.png,6,camisa,0.775377,DDPM,1000
fashion_01533.png,8,bolsa,0.855211,DDPM,1000
fashion_01534.png,2,pulôver,0.742727,DDPM,1000
fashion_01535.png,6,camisa,0.972062,DDPM,1000
fashion_01536.png,0,camiseta,0.631909,DDPM,1000
fashion_01537.png,0,camiseta,0.487189,DDPM,1000
fashion_01538.png,8,bolsa,0.557628,DDPM,1000
fashion_01539.png,6,camisa,0.431649,DDPM,1000
fashion_01540.png,0,camiseta,0.486561,DDPM,1000
fashion_01541.png,0,camiseta,0.744169,DDPM,1000
fashion_01542.png,6,camisa,0.522465,DDPM,1000
fashion_01543.png,6,camisa,0.821541,DDPM,1000
fashion_01544.png,4,casaco,0.430492,DDPM,1000
fashion_01545.png,7,tênis,0.804645,DDPM,1000
fashion_01546.png,4,casaco,0.763795,DDPM,1000
fashion_01547.png,2,pulôver,0.454532,DDPM,1000
fashion_01548.png,6,camisa,0.429250,DDPM,1000
fashion_01549.png,4,casaco,0.851154,DDPM,1000
fashion_01550.png,4,casaco,0.919976,DDPM,1000
fashion_01551.png,0,camiseta,0.546799,DDPM,1000
fashion_01552.png,2,pulôver,0.711533,DDPM,1000
fashion_01553.png,6,camisa,0.560355,DDPM,1000
fashion_01554.png,6,camisa,0.847745,DDPM,1000
fashion_01555.png,6,camisa,0.385501,DDPM,1000
fashion_01556.png,2,pulôver,0.951298,DDPM,1000
fashion_01557.png,9,bota,0.869816,DDPM,1000
fashion_01558.png,4,casaco,0.751899,DDPM,1000
fashion_01559.png,5,sandália,0.999998,DDPM,1000
fashion_01560.png,0,camiseta,0.883151,DDPM,1000
fashion_01561.png,6,camisa,0.700146,DDPM,1000
fashion_01562.png,6,camisa,0.799935,DDPM,1000
fashion_01563.png,4,casaco,0.879221,DDPM,1000
fashion_01564.png,6,camisa,0.399625,DDPM,1000
fashion_01565.png,4,casaco,0.844249,DDPM,1000
fashion_01566.png,6,camisa,0.468732,DDPM,1000
fashion_01567.png,6,camisa,0.843706,DDPM,1000
fashion_01568.png,4,casaco,0.466137,DDPM,1000
fashion_01569.png,0,camiseta,0.571494,DDPM,1000
fashion_01570.png,6,camisa,0.712886,DDPM,1000
fashion_01571.png,2,pulôver,0.613553,DDPM,1000
fashion_01572.png,8,bolsa,0.808979,DDPM,1000
fashion_01573.png,4,casaco,0.316981,DDPM,1000
fashion_01574.png,2,pulôver,0.535361,DDPM,1000
fashion_01575.png,0,camiseta,0.584752,DDPM,1000
fashion_01576.png,4,casaco,0.766566,DDPM,1000
fashion_01577.png,6,camisa,0.437456,DDPM,1000
fashion_01578.png,0,camiseta,0.914097,DDPM,1000
fashion_01579.png,8,bolsa,0.667803,DDPM,1000
fashion_01580.png,2,pulôver,0.590650,DDPM,1000
fashion_01581.png,6,camisa,0.438824,DDPM,1000
fashion_01582.png,8,bolsa,0.990548,DDPM,1000
fashion_01583.png,6,camisa,0.955032,DDPM,1000
fashion_01584.png,0,camiseta,0.574370,DDPM,1000
fashion_01585.png,0,camiseta,0.524583,DDPM,1000
fashion_01586.png,6,camisa,0.860159,DDPM,1000
fashion_01587.png,8,bolsa,0.999923,DDPM,1000
fashion_01588.png,2,pulôver,0.927275,DDPM,1000
fashion_01589.png,8,bolsa,0.810413,DDPM,1000
fashion_01590.png,8,bolsa,0.952457,DDPM,1000
fashion_01591.png,6,camisa,0.430917,DDPM,1000
fashion_01592.png,1,calça,0.787722,DDPM,1000
fashion_01593.png,8,bolsa,0.829515,DDPM,1000
fashion_01594.png,9,bota,0.949018,DDPM,1000
fashion_01595.png,1,calça,0.834927,DDPM,1000
fashion_01596.png,6,camisa,0.426895,DDPM,1000
fashion_01597.png,8,bolsa,0.999452,DDPM,1000
fashion_01598.png,0,camiseta,0.567775,DDPM,1000
fashion_01599.png,8,bolsa,0.983513,DDPM,1000
fashion_01600.png,8,bolsa,0.985883,DDPM,1000
fashion_01601.png,2,pulôver,0.512263,DDPM,1000
fashion_01602.png,3,vestido,0.663410,DDPM,1000
fashion_01603.png,2,pulôver,0.538306,DDPM,1000
fashion_01604.png,6,camisa,0.954451,DDPM,1000
fashion_01605.png,9,bota,0.715588,DDPM,1000
fashion_01606.png,4,casaco,0.506109,DDPM,1000
fashion_01607.png,8,bolsa,0.798780,DDPM,1000
fashion_01608.png,4,casaco,0.635977,DDPM,1000
fashion_01609.png,2,pulôver,0.878919,DDPM,1000
fashion_01610.png,6,camisa,0.796686,DDPM,1000
fashion_01611.png,0,camiseta,0.722440,DDPM,1000
fashion_01612.png,7,tênis,0.719825,DDPM,1000
fashion_01613.png,4,casaco,0.811400,DDPM,1000
fashion_01614.png,6,camisa,0.633504,DDPM,1000
fashion_01615.png,6,camisa,0.584074,DDPM,1000
fashion_01616.png,2,pulôver,0.919972,DDPM,1000
fashion_01617.png,3,vestido,0.731193,DDPM,1000
fashion_01618.png,0,camiseta,0.336987,DDPM,1000
fashion_01619.png,6,camisa,0.815206,DDPM,1000
fashion_01620.png,6,camisa,0.986359,DDPM,1000
fashion_01621.png,8,bolsa,0.922789,DDPM,1000
fashion_01622.png,0,camiseta,0.985296,DDPM,1000
fashion_01623.png,2,pulôver,0.705112,DDPM,1000
fashion_01624.png,0,camiseta,0.566776,DDPM,1000
fashion_01625.png,0,camiseta,0.620978,DDPM,1000
fashion_01626.png,4,casaco,0.697137,DDPM,1000
fashion_01627.png,6,camisa,0.785502,DDPM,1000
fashion_01628.png,2,pulôver,0.757217,DDPM,1000
fashion_01629.png,6,camisa,0.894150,DDPM,1000
fashion_01630.png,6,camisa,0.979295,DDPM,1000
fashion_01631.png,6,camisa,0.828195,DDPM,1000
fashion_01632.png,6,camisa,0.506845,DDPM,1000
fashion_01633.png,2,pulôver,0.322812,DDPM,1000
fashion_01634.png,8,bolsa,0.966934,DDPM,1000
fashion_01635.png,6,camisa,0.807982,DDPM,1000
fashion_01636.png,4,casaco,0.561732,DDPM,1000
fashion_01637.png,0,camiseta,0.528242,DDPM,1000
fashion_01638.png,4,casaco,0.503179,DDPM,1000
fashion_01639.png,6,camisa,0.855671,DDPM,1000
fashion_01640.png,9,bota,0.469139,DDPM,1000
fashion_01641.png,0,camiseta,0.930442,DDPM,1000
fashion_01642.png,8,bolsa,0.942424,DDPM,1000
fashion_01643.png,2,pulôver,0.897080,DDPM,1000
fashion_01644.png,1,calça,0.977299,DDPM,1000
fashion_01645.png,6,camisa,0.467089,DDPM,1000
fashion_01646.png,2,pulôver,0.864466,DDPM,1000
fashion_01647.png,8,bolsa,0.851882,DDPM,1000
fashion_01648.png,2,pulôver,0.849852,DDPM,1000
fashion_01649.png,3,vestido,0.571650,DDPM,1000
fashion_01650.png,6,camisa,0.676446,DDPM,1000
fashion_01651.png,5,sandália,0.931731,DDPM,1000
fashion_01652.png,4,casaco,0.605140,DDPM,1000
fashion_01653.png,2,pulôver,0.442853,DDPM,1000
fashion_01654.png,8,bolsa,0.770818,DDPM,1000
fashion_01655.png,4,casaco,0.750327,DDPM,1000
fashion_01656.png,6,camisa,0.740130,DDPM,1000
fashion_01657.png,8,bolsa,0.976980,DDPM,1000
fashion_01658.png,2,pulôver,0.692183,DDPM,1000
fashion_01659.png,2,pulôver,0.528269,DDPM,1000
fashion_01660.png,2,pulôver,0.981207,DDPM,1000
fashion_01661.png,2,pulôver,0.373422,DDPM,1000
fashion_01662.png,8,bolsa,0.437662,DDPM,1000
fashion_01663.png,2,pulôver,0.509603,DDPM,1000
fashion_01664.png,3,vestido,0.994064,DDPM,1000
fashion_01665.png,8,bolsa,0.794628,DDPM,1000
fashion_01666.png,2,pulôver,0.714915,DDPM,1000
fashion_01667.png,2,pulôver,0.970948,DDPM,1000
fashion_01668.png,3,vestido,0.919526,DDPM,1000
fashion_01669.png,6,camisa,0.749070,DDPM,1000
fashion_01670.png,6,camisa,0.753004,DDPM,1000
fashion_01671.png,8,bolsa,0.994867,DDPM,1000
fashion_01672.png,0,camiseta,0.879986,DDPM,1000
fashion_01673.png,2,pulôver,0.722141,DDPM,1000
fashion_01674.png,0,camiseta,0.713806,DDPM,1000
fashion_01675.png,8,bolsa,0.976132,DDPM,1000
fashion_01676.png,6,camisa,0.668237,DDPM,1000
fashion_01677.png,0,camiseta,0.534591,DDPM,1000
fashion_01678.png,6,camisa,0.778400,DDPM,1000
fashion_01679.png,6,camisa,0.744596,DDPM,1000
fashion_01680.png,0,camiseta,0.643955,DDPM,1000
fashion_01681.png,8,bolsa,0.382566,DDPM,1000
fashion_01682.png,2,pulôver,0.946639,DDPM,1000
fashion_01683.png,8,bolsa,0.276524,DDPM,1000
fashion_01684.png,0,camiseta,0.996220,DDPM,1000
fashion_01685.png,6,camisa,0.946528,DDPM,1000
fashion_01686.png,4,casaco,0.610998,DDPM,1000
fashion_01687.png,1,calça,0.319644,DDPM,1000
fashion_01688.png,2,pulôver,0.971231,DDPM,1000
fashion_01689.png,0,camiseta,0.646183,DDPM,1000
fashion_01690.png,0,camiseta,0.373719,DDPM,1000
fashion_01691.png,8,bolsa,0.992704,DDPM,1000
fashion_01692.png,4,casaco,0.974123,DDPM,1000
fashion_01693.png,6,camisa,0.504829,DDPM,1000
fashion_01694.png,2,pulôver,0.506436,DDPM,1000
fashion_01695.png,0,camiseta,0.560997,DDPM,1000
fashion_01696.png,8,bolsa,0.445203,DDPM,1000
fashion_01697.png,6,camisa,0.437140,DDPM,1000
fashion_01698.png,7,tênis,0.949852,DDPM,1000
fashion_01699.png,8,bolsa,0.307189,DDPM,1000
fashion_01700.png,2,pulôver,0.564323,DDPM,1000
fashion_01701.png,2,pulôver,0.290806,DDPM,1000
fashion_01702.png,8,bolsa,0.374109,DDPM,1000
fashion_01703.png,2,pulôver,0.782093,DDPM,1000
fashion_01704.png,6,camisa,0.674677,DDPM,1000
fashion_01705.png,2,pulôver,0.899446,DDPM,1000
fashion_01706.png,0,camiseta,0.520493,DDPM,1000
fashion_01707.png,0,camiseta,0.442891,DDPM,1000
fashion_01708.png,0,camiseta,0.358741,DDPM,1000
fashion_01709.png,4,casaco,0.714370,DDPM,1000
fashion_01710.png,6,camisa,0.803383,DDPM,1000
fashion_01711.png,6,camisa,0.350979,DDPM,1000
fashion_01712.png,8,bolsa,0.759247,DDPM,1000
fashion_01713.png,8,bolsa,0.995912,DDPM,1000
fashion_01714.png,6,camisa,0.679294,DDPM,1000
fashion_01715.png,2,pulôver,0.580641,DDPM,1000
fashion_01716.png,2,pulôver,0.615762,DDPM,1000
fashion_01717.png,4,casaco,0.374970,DDPM,1000
fashion_01718.png,6,camisa,0.601236,DDPM,1000
fashion_01719.png,0,camiseta,0.924801,DDPM,1000
fashion_01720.png,6,camisa,0.756277,DDPM,1000
fashion_01721.png,4,casaco,0.804611,DDPM,1000
fashion_01722.png,5,sandália,0.939713,DDPM,1000
fashion_01723.png,2,pulôver,0.997265,DDPM,1000
fashion_01724.png,6,camisa,0.817758,DDPM,1000
fashion_01725.png,6,camisa,0.765635,DDPM,1000
fashion_01726.png,6,camisa,0.855055,DDPM,1000
fashion_01727.png,3,vestido,0.999891,DDPM,1000
fashion_01728.png,2,pulôver,0.777942,DDPM,1000
fashion_01729.png,0,camiseta,0.494891,DDPM,1000
fashion_01730.png,5,sandália,0.866382,DDPM,1000
fashion_01731.png,2,pulôver,0.491506,DDPM,1000
fashion_01732.png,6,camisa,0.766187,DDPM,1000
fashion_01733.png,8,bolsa,0.983438,DDPM,1000
fashion_01734.png,2,pulôver,0.880659,DDPM,1000
fashion_01735.png,6,camisa,0.882920,DDPM,1000
fashion_01736.png,4,casaco,0.994880,DDPM,1000
fashion_01737.png,0,camiseta,0.670833,DDPM,1000
fashion_01738.png,8,bolsa,0.709589,DDPM,1000
fashion_01739.png,4,casaco,0.641935,DDPM,1000
fashion_01740.png,6,camisa,0.849838,DDPM,1000
fashion_01741.png,6,camisa,0.938228,DDPM,1000
fashion_01742.png,3,vestido,0.621758,DDPM,1000
fashion_01743.png,8,bolsa,0.526902,DDPM,1000
fashion_01744.png,2,pulôver,0.571411,DDPM,1000
fashion_01745.png,2,pulôver,0.991484,DDPM,1000
fashion_01746.png,3,vestido,0.512143,DDPM,1000
fashion_01747.png,7,tênis,0.926048,DDPM,1000
fashion_01748.png,0,camiseta,0.563765,DDPM,1000
fashion_01749.png,3,vestido,0.883934,DDPM,1000
fashion_01750.png,6,camisa,0.773635,DDPM,1000
fashion_01751.png,6,camisa,0.855748,DDPM,1000
fashion_01752.png,9,bota,0.650556,DDPM,1000
fashion_01753.png,9,bota,0.729038,DDPM,1000
fashion_01754.png,2,pulôver,0.377559,DDPM,1000
fashion_01755.png,9,bota,0.731385,DDPM,1000
fashion_01756.png,2,pulôver,0.912265,DDPM,1000
fashion_01757.png,0,camiseta,0.404061,DDPM,1000
fashion_01758.png,8,bolsa,0.565457,DDPM,1000
fashion_01759.png,8,bolsa,0.934333,DDPM,1000
fashion_01760.png,2,pulôver,0.495430,DDPM,1000
fashion_01761.png,2,pulôver,0.686899,DDPM,1000
fashion_01762.png,0,camiseta,0.525563,DDPM,1000
fashion_01763.png,8,bolsa,0.890368,DDPM,1000
fashion_01764.png,2,pulôver,0.549856,DDPM,1000
fashion_01765.png,4,casaco,0.546935,DDPM,1000
fashion_01766.png,8,bolsa,0.999844,DDPM,1000
fashion_01767.png,4,casaco,0.543241,DDPM,1000
fashion_01768.png,2,pulôver,0.463349,DDPM,1000
fashion_01769.png,6,camisa,0.878989,DDPM,1000
fashion_01770.png,2,pulôver,0.710182,DDPM,1000
fashion_01771.png,2,pulôver,0.830487,DDPM,1000
fashion_01772.png,2,pulôver,0.603839,DDPM,1000
fashion_01773.png,6,camisa,0.640361,DDPM,1000
fashion_01774.png,9,bota,0.947012,DDPM,1000
fashion_01775.png,3,vestido,0.675532,DDPM,1000
fashion_01776.png,6,camisa,0.552471,DDPM,1000
fashion_01777.png,0,camiseta,0.487527,DDPM,1000
fashion_01778.png,9,bota,0.481046,DDPM,1000
fashion_01779.png,4,casaco,0.923447,DDPM,1000
fashion_01780.png,0,camiseta,0.399598,DDPM,1000
fashion_01781.png,6,camisa,0.852739,DDPM,1000
fashion_01782.png,2,pulôver,0.537621,DDPM,1000
fashion_01783.png,4,casaco,0.435927,DDPM,1000
fashion_01784.png,8,bolsa,0.816363,DDPM,1000
fashion_01785.png,4,casaco,0.958813,DDPM,1000
fashion_01786.png,2,pulôver,0.912021,DDPM,1000
fashion_01787.png,2,pulôver,0.408362,DDPM,1000
fashion_01788.png,6,camisa,0.467803,DDPM,1000
fashion_01789.png,8,bolsa,0.311094,DDPM,1000
fashion_01790.png,2,pulôver,0.403118,DDPM,1000
fashion_01791.png,6,camisa,0.699213,DDPM,1000
fashion_01792.png,6,camisa,0.760456,DDPM,1000
fashion_01793.png,3,vestido,0.468438,DDPM,1000
fashion_01794.png,6,camisa,0.865395,DDPM,1000
fashion_01795.png,9,bota,0.980191,DDPM,1000
fashion_01796.png,2,pulôver,0.849861,DDPM,1000
fashion_01797.png,2,pulôver,0.522494,DDPM,1000
fashion_01798.png,2,pulôver,0.497001,DDPM,1000
fashion_01799.png,6,camisa,0.371699,DDPM,1000
fashion_01800.png,2,pulôver,0.872781,DDPM,1000
fashion_01801.png,8,bolsa,0.544200,DDPM,1000
fashion_01802.png,4,casaco,0.566998,DDPM,1000
fashion_01803.png,6,camisa,0.745200,DDPM,1000
fashion_01804.png,0,camiseta,0.819267,DDPM,1000
fashion_01805.png,2,pulôver,0.551499,DDPM,1000
fashion_01806.png,7,tênis,0.922152,DDPM,1000
fashion_01807.png,6,camisa,0.931640,DDPM,1000
fashion_01808.png,3,vestido,0.621455,DDPM,1000
fashion_01809.png,3,vestido,0.933743,DDPM,1000
fashion_01810.png,2,pulôver,0.981256,DDPM,1000
fashion_01811.png,1,calça,0.991942,DDPM,1000
fashion_01812.png,2,pulôver,0.971365,DDPM,1000
fashion_01813.png,8,bolsa,0.963737,DDPM,1000
fashion_01814.png,8,bolsa,0.996110,DDPM,1000
fashion_01815.png,6,camisa,0.841092,DDPM,1000
fashion_01816.png,8,bolsa,0.999721,DDPM,1000
fashion_01817.png,8,bolsa,0.832313,DDPM,1000
fashion_01818.png,6,camisa,0.428495,DDPM,1000
fashion_01819.png,8,bolsa,0.876665,DDPM,1000
fashion_01820.png,6,camisa,0.502226,DDPM,1000
fashion_01821.png,3,vestido,0.581789,DDPM,1000
fashion_01822.png,8,bolsa,0.590190,DDPM,1000
fashion_01823.png,8,bolsa,0.788195,DDPM,1000
fashion_01824.png,3,vestido,0.969192,DDPM,1000
fashion_01825.png,8,bolsa,0.955395,DDPM,1000
fashion_01826.png,0,camiseta,0.285691,DDPM,1000
fashion_01827.png,6,camisa,0.585449,DDPM,1000
fashion_01828.png,2,pulôver,0.986164,DDPM,1000
fashion_01829.png,0,camiseta,0.466201,DDPM,1000
fashion_01830.png,6,camisa,0.318065,DDPM,1000
fashion_01831.png,6,camisa,0.594819,DDPM,1000
fashion_01832.png,2,pulôver,0.547999,DDPM,1000
fashion_01833.png,0,camiseta,0.370498,DDPM,1000
fashion_01834.png,0,camiseta,0.941867,DDPM,1000
fashion_01835.png,9,bota,0.774988,DDPM,1000
fashion_01836.png,2,pulôver,0.804435,DDPM,1000
fashion_01837.png,8,bolsa,0.607683,DDPM,1000
fashion_01838.png,4,casaco,0.637313,DDPM,1000
fashion_01839.png,1,calça,0.518424,DDPM,1000
fashion_01840.png,6,camisa,0.701372,DDPM,1000
fashion_01841.png,4,casaco,0.990561,DDPM,1000
fashion_01842.png,6,camisa,0.833832,DDPM,1000
fashion_01843.png,2,pulôver,0.833722,DDPM,1000
fashion_01844.png,6,camisa,0.525899,DDPM,1000
fashion_01845.png,4,casaco,0.828777,DDPM,1000
fashion_01846.png,4,casaco,0.794127,DDPM,1000
fashion_01847.png,6,camisa,0.376694,DDPM,1000
fashion_01848.png,6,camisa,0.945803,DDPM,1000
fashion_01849.png,6,camisa,0.982252,DDPM,1000
fashion_01850.png,0,camiseta,0.848431,DDPM,1000
fashion_01851.png,3,vestido,0.810374,DDPM,1000
fashion_01852.png,5,sandália,0.999328,DDPM,1000
fashion_01853.png,6,camisa,0.459453,DDPM,1000
fashion_01854.png,2,pulôver,0.898269,DDPM,1000
fashion_01855.png,6,camisa,0.721749,DDPM,1000
fashion_01856.png,2,pulôver,0.342601,DDPM,1000
fashion_01857.png,2,pulôver,0.586105,DDPM,1000
fashion_01858.png,2,pulôver,0.980907,DDPM,1000
fashion_01859.png,3,vestido,0.935996,DDPM,1000
fashion_01860.png,6,camisa,0.287038,DDPM,1000
fashion_01861.png,6,camisa,0.950652,DDPM,1000
fashion_01862.png,0,camiseta,0.853620,DDPM,1000
fashion_01863.png,6,camisa,0.663641,DDPM,1000
fashion_01864.png,5,sandália,0.746414,DDPM,1000
fashion_01865.png,2,pulôver,0.820752,DDPM,1000
fashion_01866.png,2,pulôver,0.897976,DDPM,1000
fashion_01867.png,2,pulôver,0.946098,DDPM,1000
fashion_01868.png,0,camiseta,0.389603,DDPM,1000
fashion_01869.png,0,camiseta,0.530778,DDPM,1000
fashion_01870.png,8,bolsa,0.957562,DDPM,1000
fashion_01871.png,3,vestido,0.905860,DDPM,1000
fashion_01872.png,6,camisa,0.431607,DDPM,1000
fashion_01873.png,6,camisa,0.360032,DDPM,1000
fashion_01874.png,8,bolsa,0.974095,DDPM,1000
fashion_01875.png,8,bolsa,0.995237,DDPM,1000
fashion_01876.png,4,casaco,0.894023,DDPM,1000
fashion_01877.png,6,camisa,0.551732,DDPM,1000
fashion_01878.png,2,pulôver,0.601126,DDPM,1000
fashion_01879.png,6,camisa,0.560560,DDPM,1000
fashion_01880.png,2,pulôver,0.563394,DDPM,1000
fashion_01881.png,6,camisa,0.694650,DDPM,1000
fashion_01882.png,7,tênis,0.939652,DDPM,1000
fashion_01883.png,8,bolsa,0.617162,DDPM,1000
fashion_01884.png,6,camisa,0.783691,DDPM,1000
fashion_01885.png,6,camisa,0.506230,DDPM,1000
fashion_01886.png,2,pulôver,0.409663,DDPM,1000
fashion_01887.png,8,bolsa,0.931563,DDPM,1000
fashion_01888.png,2,pulôver,0.670861,DDPM,1000
fashion_01889.png,4,casaco,0.777620,DDPM,1000
fashion_01890.png,3,vestido,0.731256,DDPM,1000
fashion_01891.png,3,vestido,0.581561,DDPM,1000
fashion_01892.png,9,bota,0.646503,DDPM,1000
fashion_01893.png,3,vestido,0.922312,DDPM,1000
fashion_01894.png,4,casaco,0.585369,DDPM,1000
fashion_01895.png,2,pulôver,0.862219,DDPM,1000
fashion_01896.png,6,camisa,0.545200,DDPM,1000
fashion_01897.png,2,pulôver,0.938239,DDPM,1000
fashion_01898.png,0,camiseta,0.908983,DDPM,1000
fashion_01899.png,0,camiseta,0.604093,DDPM,1000
fashion_01900.png,6,camisa,0.520878,DDPM,1000
fashion_01901.png,8,bolsa,0.836391,DDPM,1000
fashion_01902.png,2,pulôver,0.493403,DDPM,1000
fashion_01903.png,2,pulôver,0.559520,DDPM,1000
fashion_01904.png,6,camisa,0.827528,DDPM,1000
fashion_01905.png,6,camisa,0.525421,DDPM,1000
fashion_01906.png,8,bolsa,0.442013,DDPM,1000
fashion_01907.png,8,bolsa,0.997623,DDPM,1000
fashion_01908.png,8,bolsa,0.656304,DDPM,1000
fashion_01909.png,3,vestido,0.904642,DDPM,1000
fashion_01910.png,2,pulôver,0.493397,DDPM,1000
fashion_01911.png,6,camisa,0.522085,DDPM,1000
fashion_01912.png,2,pulôver,0.483103,DDPM,1000
fashion_01913.png,8,bolsa,0.684915,DDPM,1000
fashion_01914.png,0,camiseta,0.710629,DDPM,1000
fashion_01915.png,4,casaco,0.465182,DDPM,1000
fashion_01916.png,4,casaco,0.828038,DDPM,1000
fashion_01917.png,4,casaco,0.990422,DDPM,1000
fashion_01918.png,6,camisa,0.585686,DDPM,1000
fashion_01919.png,1,calça,0.384039,DDPM,1000
fashion_01920.png,4,casaco,0.652917,DDPM,1000
fashion_01921.png,3,vestido,0.763534,DDPM,1000
fashion_01922.png,6,camisa,0.516007,DDPM,1000
fashion_01923.png,5,sandália,0.982545,DDPM,1000
fashion_01924.png,8,bolsa,0.896900,DDPM,1000
fashion_01925.png,9,bota,0.684528,DDPM,1000
fashion_01926.png,6,camisa,0.804952,DDPM,1000
fashion_01927.png,2,pulôver,0.588689,DDPM,1000
fashion_01928.png,6,camisa,0.959483,DDPM,1000
fashion_01929.png,4,casaco,0.926671,DDPM,1000
fashion_01930.png,4,casaco,0.642533,DDPM,1000
fashion_01931.png,8,bolsa,0.946003,DDPM,1000
fashion_01932.png,6,camisa,0.673951,DDPM,1000
fashion_01933.png,2,pulôver,0.921850,DDPM,1000
fashion_01934.png,2,pulôver,0.821405,DDPM,1000
fashion_01935.png,7,tênis,0.420402,DDPM,1000
fashion_01936.png,8,bolsa,0.703243,DDPM,1000
fashion_01937.png,2,pulôver,0.690385,DDPM,1000
fashion_01938.png,4,casaco,0.533097,DDPM,1000
fashion_01939.png,6,camisa,0.358829,DDPM,1000
fashion_01940.png,6,camisa,0.760499,DDPM,1000
fashion_01941.png,8,bolsa,0.932025,DDPM,1000
fashion_01942.png,6,camisa,0.770773,DDPM,1000
fashion_01943.png,8,bolsa,0.988798,DDPM,1000
fashion_01944.png,6,camisa,0.561267,DDPM,1000
fashion_01945.png,0,camiseta,0.478261,DDPM,1000
fashion_01946.png,2,pulôver,0.799114,DDPM,1000
fashion_01947.png,6,camisa,0.529037,DDPM,1000
fashion_01948.png,3,vestido,0.801520,DDPM,1000
fashion_01949.png,4,casaco,0.617722,DDPM,1000
fashion_01950.png,2,pulôver,0.849463,DDPM,1000
fashion_01951.png,6,camisa,0.918318,DDPM,1000
fashion_01952.png,1,calça,0.488856,DDPM,1000
fashion_01953.png,6,camisa,0.938021,DDPM,1000
fashion_01954.png,2,pulôver,0.432953,DDPM,1000
fashion_01955.png,0,camiseta,0.340365,DDPM,1000
fashion_01956.png,8,bolsa,0.752998,DDPM,1000
fashion_01957.png,0,camiseta,0.556325,DDPM,1000
fashion_01958.png,6,camisa,0.611574,DDPM,1000
fashion_01959.png,4,casaco,0.449601,DDPM,1000
fashion_01960.png,9,bota,0.517863,DDPM,1000
fashion_01961.png,6,camisa,0.966193,DDPM,1000
fashion_01962.png,2,pulôver,0.770336,DDPM,1000
fashion_01963.png,6,camisa,0.442796,DDPM,1000
fashion_01964.png,6,camisa,0.749823,DDPM,1000
fashion_01965.png,2,pulôver,0.463760,DDPM,1000
fashion_01966.png,8,bolsa,0.853899,DDPM,1000
fashion_01967.png,6,camisa,0.513234,DDPM,1000
fashion_01968.png,0,camiseta,0.704291,DDPM,1000
fashion_01969.png,6,camisa,0.655195,DDPM,1000
fashion_01970.png,0,camiseta,0.963222,DDPM,1000
fashion_01971.png,8,bolsa,0.998131,DDPM,1000
fashion_01972.png,6,camisa,0.508820,DDPM,1000
fashion_01973.png,6,camisa,0.648597,DDPM,1000
fashion_01974.png,2,pulôver,0.995777,DDPM,1000
fashion_01975.png,2,pulôver,0.564218,DDPM,1000
fashion_01976.png,9,bota,0.635944,DDPM,1000
fashion_01977.png,4,casaco,0.489959,DDPM,1000
fashion_01978.png,4,casaco,0.453176,DDPM,1000
fashion_01979.png,2,pulôver,0.755984,DDPM,1000
fashion_01980.png,2,pulôver,0.450023,DDPM,1000
fashion_01981.png,6,camisa,0.927221,DDPM,1000
fashion_01982.png,8,bolsa,0.973950,DDPM,1000
fashion_01983.png,0,camiseta,0.573136,DDPM,1000
fashion_01984.png,2,pulôver,0.827045,DDPM,1000
fashion_01985.png,0,camiseta,0.608735,DDPM,1000
fashion_01986.png,8,bolsa,0.815144,DDPM,1000
fashion_01987.png,2,pulôver,0.567978,DDPM,1000
fashion_01988.png,6,camisa,0.453105,DDPM,1000
fashion_01989.png,0,camiseta,0.502955,DDPM,1000
fashion_01990.png,9,bota,0.606962,DDPM,1000
fashion_01991.png,4,casaco,0.603365,DDPM,1000
fashion_01992.png,8,bolsa,0.709977,DDPM,1000
fashion_01993.png,2,pulôver,0.858052,DDPM,1000
fashion_01994.png,2,pulôver,0.993927,DDPM,1000
fashion_01995.png,6,camisa,0.507780,DDPM,1000
fashion_01996.png,8,bolsa,0.995378,DDPM,1000
fashion_01997.png,8,bolsa,0.999561,DDPM,1000
fashion_01998.png,6,camisa,0.891613,DDPM,1000
fashion_01999.png,2,pulôver,0.555636,DDPM,1000
fashion_02000.png,6,camisa,0.522987,DDPM,1000
fashion_02001.png,0,camiseta,0.546412,DDPM,1000
fashion_02002.png,8,bolsa,0.948028,DDPM,1000
fashion_02003.png,2,pulôver,0.541386,DDPM,1000
fashion_02004.png,6,camisa,0.474805,DDPM,1000
fashion_02005.png,7,tênis,0.515861,DDPM,1000
fashion_02006.png,6,camisa,0.934165,DDPM,1000
fashion_02007.png,8,bolsa,0.839459,DDPM,1000
fashion_02008.png,6,camisa,0.948606,DDPM,1000
fashion_02009.png,8,bolsa,0.902728,DDPM,1000
fashion_02010.png,8,bolsa,0.942315,DDPM,1000
fashion_02011.png,6,camisa,0.728550,DDPM,1000
fashion_02012.png,8,bolsa,0.587444,DDPM,1000
fashion_02013.png,4,casaco,0.416861,DDPM,1000
fashion_02014.png,6,camisa,0.477947,DDPM,1000
fashion_02015.png,2,pulôver,0.773081,DDPM,1000
fashion_02016.png,4,casaco,0.437219,DDPM,1000
fashion_02017.png,9,bota,0.972380,DDPM,1000
fashion_02018.png,5,sandália,0.995581,DDPM,1000
fashion_02019.png,4,casaco,0.458190,DDPM,1000
fashion_02020.png,8,bolsa,0.981188,DDPM,1000
fashion_02021.png,3,vestido,0.409391,DDPM,1000
fashion_02022.png,6,camisa,0.871833,DDPM,1000
fashion_02023.png,2,pulôver,0.940484,DDPM,1000
fashion_02024.png,3,vestido,0.545252,DDPM,1000
fashion_02025.png,2,pulôver,0.392823,DDPM,1000
fashion_02026.png,6,camisa,0.703369,DDPM,1000
fashion_02027.png,6,camisa,0.794186,DDPM,1000
fashion_02028.png,8,bolsa,0.789364,DDPM,1000
fashion_02029.png,6,camisa,0.803476,DDPM,1000
fashion_02030.png,8,bolsa,0.995033,DDPM,1000
fashion_02031.png,2,pulôver,0.910748,DDPM,1000
fashion_02032.png,6,camisa,0.547475,DDPM,1000
fashion_02033.png,8,bolsa,0.965451,DDPM,1000
fashion_02034.png,0,camiseta,0.449763,DDPM,1000
fashion_02035.png,2,pulôver,0.599710,DDPM,1000
fashion_02036.png,8,bolsa,0.734345,DDPM,1000
fashion_02037.png,0,camiseta,0.313420,DDPM,1000
fashion_02038.png,6,camisa,0.598025,DDPM,1000
fashion_02039.png,2,pulôver,0.942841,DDPM,1000
fashion_02040.png,6,camisa,0.420301,DDPM,1000
fashion_02041.png,8,bolsa,0.417953,DDPM,1000
fashion_02042.png,5,sandália,0.771987,DDPM,1000
fashion_02043.png,2,pulôver,0.963306,DDPM,1000
fashion_02044.png,4,casaco,0.443881,DDPM,1000
fashion_02045.png,6,camisa,0.946149,DDPM,1000
fashion_02046.png,8,bolsa,0.605864,DDPM,1000
fashion_02047.png,2,pulôver,0.818130,DDPM,1000
fashion_02048.png,6,camisa,0.855750,DDPM,1000
fashion_02049.png,4,casaco,0.323494,DDPM,1000
fashion_02050.png,0,camiseta,0.386464,DDPM,1000
fashion_02051.png,0,camiseta,0.490007,DDPM,1000
fashion_02052.png,2,pulôver,0.809470,DDPM,1000
fashion_02053.png,0,camiseta,0.658331,DDPM,1000
fashion_02054.png,2,pulôver,0.767061,DDPM,1000
fashion_02055.png,0,camiseta,0.389403,DDPM,1000
fashion_02056.png,8,bolsa,0.946438,DDPM,1000
fashion_02057.png,4,casaco,0.515673,DDPM,1000
fashion_02058.png,0,camiseta,0.413797,DDPM,1000
fashion_02059.png,8,bolsa,0.405155,DDPM,1000
fashion_02060.png,8,bolsa,0.998920,DDPM,1000
fashion_02061.png,9,bota,0.992091,DDPM,1000
fashion_02062.png,6,camisa,0.550166,DDPM,1000
fashion_02063.png,6,camisa,0.773302,DDPM,1000
fashion_02064.png,6,camisa,0.735820,DDPM,1000
fashion_02065.png,6,camisa,0.597644,DDPM,1000
fashion_02066.png,2,pulôver,0.438735,DDPM,1000
fashion_02067.png,6,camisa,0.767056,DDPM,1000
fashion_02068.png,6,camisa,0.991880,DDPM,1000
fashion_02069.png,9,bota,0.678038,DDPM,1000
fashion_02070.png,8,bolsa,0.668461,DDPM,1000
fashion_02071.png,0,camiseta,0.897686,DDPM,1000
fashion_02072.png,2,pulôver,0.614241,DDPM,1000
fashion_02073.png,8,bolsa,0.888520,DDPM,1000
fashion_02074.png,0,camiseta,0.366663,DDPM,1000
fashion_02075.png,4,casaco,0.539256,DDPM,1000
fashion_02076.png,8,bolsa,0.988916,DDPM,1000
fashion_02077.png,6,camisa,0.705009,DDPM,1000
fashion_02078.png,2,pulôver,0.681711,DDPM,1000
fashion_02079.png,6,camisa,0.484887,DDPM,1000
fashion_02080.png,6,camisa,0.577595,DDPM,1000
fashion_02081.png,2,pulôver,0.856677,DDPM,1000
fashion_02082.png,6,camisa,0.749664,DDPM,1000
fashion_02083.png,0,camiseta,0.506400,DDPM,1000
fashion_02084.png,2,pulôver,0.395462,DDPM,1000
fashion_02085.png,7,tênis,0.939622,DDPM,1000
fashion_02086.png,0,camiseta,0.397739,DDPM,1000
fashion_02087.png,2,pulôver,0.708738,DDPM,1000
fashion_02088.png,2,pulôver,0.647949,DDPM,1000
fashion_02089.png,6,camisa,0.552411,DDPM,1000
fashion_02090.png,6,camisa,0.824546,DDPM,1000
fashion_02091.png,6,camisa,0.365773,DDPM,1000
fashion_02092.png,6,camisa,0.461546,DDPM,1000
fashion_02093.png,8,bolsa,0.520564,DDPM,1000
fashion_02094.png,8,bolsa,0.929722,DDPM,1000
fashion_02095.png,3,vestido,0.823773,DDPM,1000
fashion_02096.png,6,camisa,0.339680,DDPM,1000
fashion_02097.png,8,bolsa,0.727704,DDPM,1000
fashion_02098.png,2,pulôver,0.487731,DDPM,1000
fashion_02099.png,8,bolsa,0.966534,DDPM,1000
fashion_02100.png,0,camiseta,0.605044,DDPM,1000
fashion_02101.png,9,bota,0.987850,DDPM,1000
fashion_02102.png,4,casaco,0.885707,DDPM,1000
fashion_02103.png,2,pulôver,0.624658,DDPM,1000
fashion_02104.png,1,calça,0.759832,DDPM,1000
fashion_02105.png,6,camisa,0.339944,DDPM,1000
fashion_02106.png,6,camisa,0.736765,DDPM,1000
fashion_02107.png,8,bolsa,0.412594,DDPM,1000
fashion_02108.png,8,bolsa,0.991004,DDPM,1000
fashion_02109.png,8,bolsa,0.695740,DDPM,1000
fashion_02110.png,4,casaco,0.421991,DDPM,1000
fashion_02111.png,6,camisa,0.362435,DDPM,1000
fashion_02112.png,0,camiseta,0.615213,DDPM,1000
fashion_02113.png,6,camisa,0.825740,DDPM,1000
fashion_02114.png,6,camisa,0.648242,DDPM,1000
fashion_02115.png,2,pulôver,0.621020,DDPM,1000
fashion_02116.png,2,pulôver,0.857979,DDPM,1000
fashion_02117.png,0,camiseta,0.624693,DDPM,1000
fashion_02118.png,2,pulôver,0.918398,DDPM,1000
fashion_02119.png,2,pulôver,0.509304,DDPM,1000
fashion_02120.png,8,bolsa,0.395945,DDPM,1000
fashion_02121.png,2,pulôver,0.531188,DDPM,1000
fashion_02122.png,3,vestido,0.459629,DDPM,1000
fashion_02123.png,6,camisa,0.883383,DDPM,1000
fashion_02124.png,8,bolsa,0.692530,DDPM,1000
fashion_02125.png,2,pulôver,0.967488,DDPM,1000
fashion_02126.png,8,bolsa,0.960007,DDPM,1000
fashion_02127.png,4,casaco,0.398037,DDPM,1000
fashion_02128.png,4,casaco,0.444060,DDPM,1000
fashion_02129.png,4,casaco,0.846590,DDPM,1000
fashion_02130.png,6,camisa,0.403742,DDPM,1000
fashion_02131.png,2,pulôver,0.395149,DDPM,1000
fashion_02132.png,6,camisa,0.527610,DDPM,1000
fashion_02133.png,2,pulôver,0.797197,DDPM,1000
fashion_02134.png,6,camisa,0.560665,DDPM,1000
fashion_02135.png,4,casaco,0.866926,DDPM,1000
fashion_02136.png,8,bolsa,0.654318,DDPM,1000
fashion_02137.png,2,pulôver,0.513888,DDPM,1000
fashion_02138.png,4,casaco,0.718134,DDPM,1000
fashion_02139.png,8,bolsa,0.479290,DDPM,1000
fashion_02140.png,6,camisa,0.510758,DDPM,1000
fashion_02141.png,8,bolsa,0.445191,DDPM,1000
fashion_02142.png,6,camisa,0.597754,DDPM,1000
fashion_02143.png,7,tênis,0.960023,DDPM,1000
fashion_02144.png,4,casaco,0.703508,DDPM,1000
fashion_02145.png,6,camisa,0.721060,DDPM,1000
fashion_02146.png,2,pulôver,0.762570,DDPM,1000
fashion_02147.png,0,camiseta,0.642344,DDPM,1000
fashion_02148.png,6,camisa,0.938071,DDPM,1000
fashion_02149.png,6,camisa,0.811432,DDPM,1000
fashion_02150.png,4,casaco,0.715206,DDPM,1000
fashion_02151.png,2,pulôver,0.525164,DDPM,1000
fashion_02152.png,2,pulôver,0.885508,DDPM,1000
fashion_02153.png,2,pulôver,0.572969,DDPM,1000
fashion_02154.png,6,camisa,0.652546,DDPM,1000
fashion_02155.png,6,camisa,0.549904,DDPM,1000
fashion_02156.png,6,camisa,0.690835,DDPM,1000
fashion_02157.png,6,camisa,0.676319,DDPM,1000
fashion_02158.png,0,camiseta,0.767658,DDPM,1000
fashion_02159.png,2,pulôver,0.520518,DDPM,1000
fashion_02160.png,6,camisa,0.939848,DDPM,1000
fashion_02161.png,6,camisa,0.659909,DDPM,1000
fashion_02162.png,8,bolsa,0.828114,DDPM,1000
fashion_02163.png,8,bolsa,0.218482,DDPM,1000
fashion_02164.png,2,pulôver,0.565186,DDPM,1000
fashion_02165.png,2,pulôver,0.405008,DDPM,1000
fashion_02166.png,3,vestido,0.553009,DDPM,1000
fashion_02167.png,6,camisa,0.916772,DDPM,1000
fashion_02168.png,6,camisa,0.371921,DDPM,1000
fashion_02169.png,8,bolsa,0.428442,DDPM,1000
fashion_02170.png,2,pulôver,0.633039,DDPM,1000
fashion_02171.png,4,casaco,0.724271,DDPM,1000
fashion_02172.png,8,bolsa,0.647129,DDPM,1000
fashion_02173.png,0,camiseta,0.493787,DDPM,1000
fashion_02174.png,1,calça,0.453802,DDPM,1000
fashion_02175.png,6,camisa,0.508023,DDPM,1000
fashion_02176.png,2,pulôver,0.846992,DDPM,1000
fashion_02177.png,4,casaco,0.498794,DDPM,1000
fashion_02178.png,6,camisa,0.842505,DDPM,1000
fashion_02179.png,8,bolsa,0.548063,DDPM,1000
fashion_02180.png,4,casaco,0.690829,DDPM,1000
fashion_02181.png,2,pulôver,0.672808,DDPM,1000
fashion_02182.png,3,vestido,0.514006,DDPM,1000
fashion_02183.png,6,camisa,0.723992,DDPM,1000
fashion_02184.png,6,camisa,0.515711,DDPM,1000
fashion_02185.png,2,pulôver,0.630264,DDPM,1000
fashion_02186.png,2,pulôver,0.420051,DDPM,1000
fashion_02187.png,2,pulôver,0.481274,DDPM,1000
fashion_02188.png,2,pulôver,0.404151,DDPM,1000
fashion_02189.png,9,bota,0.496996,DDPM,1000
fashion_02190.png,8,bolsa,0.974203,DDPM,1000
fashion_02191.png,5,sandália,0.599991,DDPM,1000
fashion_02192.png,8,bolsa,0.995634,DDPM,1000
fashion_02193.png,6,camisa,0.961964,DDPM,1000
fashion_02194.png,6,camisa,0.633826,DDPM,1000
fashion_02195.png,2,pulôver,0.722443,DDPM,1000
fashion_02196.png,6,camisa,0.372518,DDPM,1000
fashion_02197.png,6,camisa,0.637340,DDPM,1000
fashion_02198.png,9,bota,0.924923,DDPM,1000
fashion_02199.png,6,camisa,0.747300,DDPM,1000
fashion_02200.png,0,camiseta,0.380766,DDPM,1000
fashion_02201.png,6,camisa,0.913592,DDPM,1000
fashion_02202.png,8,bolsa,0.690944,DDPM,1000
fashion_02203.png,2,pulôver,0.752163,DDPM,1000
fashion_02204.png,6,camisa,0.991968,DDPM,1000
fashion_02205.png,0,camiseta,0.915080,DDPM,1000
fashion_02206.png,2,pulôver,0.956876,DDPM,1000
fashion_02207.png,6,camisa,0.298903,DDPM,1000
fashion_02208.png,6,camisa,0.645319,DDPM,1000
fashion_02209.png,6,camisa,0.573603,DDPM,1000
fashion_02210.png,0,camiseta,0.866709,DDPM,1000
fashion_02211.png,2,pulôver,0.436632,DDPM,1000
fashion_02212.png,4,casaco,0.930933,DDPM,1000
fashion_02213.png,3,vestido,0.773722,DDPM,1000
fashion_02214.png,0,camiseta,0.425749,DDPM,1000
fashion_02215.png,2,pulôver,0.832066,DDPM,1000
fashion_02216.png,3,vestido,0.394043,DDPM,1000
fashion_02217.png,4,casaco,0.338803,DDPM,1000
fashion_02218.png,4,casaco,0.775923,DDPM,1000
fashion_02219.png,0,camiseta,0.998766,DDPM,1000
fashion_02220.png,4,casaco,0.541270,DDPM,1000
fashion_02221.png,6,camisa,0.937245,DDPM,1000
fashion_02222.png,6,camisa,0.459386,DDPM,1000
fashion_02223.png,1,calça,0.921948,DDPM,1000
fashion_02224.png,2,pulôver,0.844464,DDPM,1000
fashion_02225.png,8,bolsa,0.981585,DDPM,1000
fashion_02226.png,8,bolsa,0.855970,DDPM,1000
fashion_02227.png,3,vestido,0.453450,DDPM,1000
fashion_02228.png,6,camisa,0.532455,DDPM,1000
fashion_02229.png,4,casaco,0.491868,DDPM,1000
fashion_02230.png,0,camiseta,0.466585,DDPM,1000
fashion_02231.png,4,casaco,0.899864,DDPM,1000
fashion_02232.png,0,camiseta,0.398670,DDPM,1000
fashion_02233.png,2,pulôver,0.609400,DDPM,1000
fashion_02234.png,6,camisa,0.785015,DDPM,1000
fashion_02235.png,2,pulôver,0.890681,DDPM,1000
fashion_02236.png,6,camisa,0.457136,DDPM,1000
fashion_02237.png,8,bolsa,0.927829,DDPM,1000
fashion_02238.png,4,casaco,0.604335,DDPM,1000
fashion_02239.png,2,pulôver,0.953937,DDPM,1000
fashion_02240.png,8,bolsa,0.723845,DDPM,1000
fashion_02241.png,2,pulôver,0.575241,DDPM,1000
fashion_02242.png,6,camisa,0.554850,DDPM,1000
fashion_02243.png,8,bolsa,0.592091,DDPM,1000
fashion_02244.png,2,pulôver,0.538827,DDPM,1000
fashion_02245.png,8,bolsa,0.680224,DDPM,1000
fashion_02246.png,4,casaco,0.851342,DDPM,1000
fashion_02247.png,2,pulôver,0.504419,DDPM,1000
fashion_02248.png,6,camisa,0.791664,DDPM,1000
fashion_02249.png,2,pulôver,0.509246,DDPM,1000
fashion_02250.png,7,tênis,0.860238,DDPM,1000
fashion_02251.png,6,camisa,0.954966,DDPM,1000
fashion_02252.png,6,camisa,0.888311,DDPM,1000
fashion_02253.png,0,camiseta,0.958083,DDPM,1000
fashion_02254.png,6,camisa,0.483639,DDPM,1000
fashion_02255.png,2,pulôver,0.953662,DDPM,1000
fashion_02256.png,0,camiseta,0.446532,DDPM,1000
fashion_02257.png,6,camisa,0.626858,DDPM,1000
fashion_02258.png,2,pulôver,0.523141,DDPM,1000
fashion_02259.png,2,pulôver,0.688236,DDPM,1000
fashion_02260.png,0,camiseta,0.737858,DDPM,1000
fashion_02261.png,0,camiseta,0.804830,DDPM,1000
fashion_02262.png,9,bota,0.929749,DDPM,1000
fashion_02263.png,2,pulôver,0.844926,DDPM,1000
fashion_02264.png,2,pulôver,0.764808,DDPM,1000
fashion_02265.png,6,camisa,0.657756,DDPM,1000
fashion_02266.png,8,bolsa,0.669523,DDPM,1000
fashion_02267.png,6,camisa,0.956728,DDPM,1000
fashion_02268.png,4,casaco,0.996860,DDPM,1000
fashion_02269.png,2,pulôver,0.681612,DDPM,1000
fashion_02270.png,8,bolsa,0.885611,DDPM,1000
fashion_02271.png,2,pulôver,0.925652,DDPM,1000
fashion_02272.png,0,camiseta,0.411785,DDPM,1000
fashion_02273.png,8,bolsa,0.611772,DDPM,1000
fashion_02274.png,9,bota,0.547961,DDPM,1000
fashion_02275.png,6,camisa,0.892211,DDPM,1000
fashion_02276.png,8,bolsa,0.991432,DDPM,1000
fashion_02277.png,0,camiseta,0.920475,DDPM,1000
fashion_02278.png,6,camisa,0.842906,DDPM,1000
fashion_02279.png,8,bolsa,0.592388,DDPM,1000
fashion_02280.png,7,tênis,0.933703,DDPM,1000
fashion_02281.png,6,camisa,0.507489,DDPM,1000
fashion_02282.png,0,camiseta,0.859125,DDPM,1000
fashion_02283.png,6,camisa,0.963454,DDPM,1000
fashion_02284.png,6,camisa,0.764470,DDPM,1000
fashion_02285.png,6,camisa,0.420634,DDPM,1000
fashion_02286.png,6,camisa,0.771638,DDPM,1000
fashion_02287.png,9,bota,0.422987,DDPM,1000
fashion_02288.png,6,camisa,0.920242,DDPM,1000
fashion_02289.png,0,camiseta,0.447599,DDPM,1000
fashion_02290.png,6,camisa,0.772625,DDPM,1000
fashion_02291.png,2,pulôver,0.830066,DDPM,1000
fashion_02292.png,2,pulôver,0.688640,DDPM,1000
fashion_02293.png,6,camisa,0.765607,DDPM,1000
fashion_02294.png,6,camisa,0.473927,DDPM,1000
fashion_02295.png,5,sandália,0.503360,DDPM,1000
fashion_02296.png,2,pulôver,0.668236,DDPM,1000
fashion_02297.png,6,camisa,0.373593,DDPM,1000
fashion_02298.png,0,camiseta,0.715912,DDPM,1000
fashion_02299.png,3,vestido,0.517041,DDPM,1000
fashion_02300.png,9,bota,0.594964,DDPM,1000
fashion_02301.png,2,pulôver,0.953782,DDPM,1000
fashion_02302.png,2,pulôver,0.946834,DDPM,1000
fashion_02303.png,4,casaco,0.633439,DDPM,1000
fashion_02304.png,2,pulôver,0.430711,DDPM,1000
fashion_02305.png,9,bota,0.384838,DDPM,1000
fashion_02306.png,6,camisa,0.657930,DDPM,1000
fashion_02307.png,4,casaco,0.605183,DDPM,1000
fashion_02308.png,2,pulôver,0.668662,DDPM,1000
fashion_02309.png,8,bolsa,0.984149,DDPM,1000
fashion_02310.png,2,pulôver,0.461607,DDPM,1000
fashion_02311.png,8,bolsa,0.973316,DDPM,1000
fashion_02312.png,0,camiseta,0.503688,DDPM,1000
fashion_02313.png,8,bolsa,0.999977,DDPM,1000
fashion_02314.png,2,pulôver,0.818646,DDPM,1000
fashion_02315.png,8,bolsa,0.797548,DDPM,1000
fashion_02316.png,3,vestido,0.963755,DDPM,1000
fashion_02317.png,0,camiseta,0.707226,DDPM,1000
fashion_02318.png,2,pulôver,0.718918,DDPM,1000
fashion_02319.png,8,bolsa,0.569162,DDPM,1000
fashion_02320.png,8,bolsa,0.459749,DDPM,1000
fashion_02321.png,9,bota,0.935986,DDPM,1000
fashion_02322.png,6,camisa,0.691662,DDPM,1000
fashion_02323.png,9,bota,0.900768,DDPM,1000
fashion_02324.png,8,bolsa,0.717876,DDPM,1000
fashion_02325.png,4,casaco,0.950835,DDPM,1000
fashion_02326.png,8,bolsa,0.447552,DDPM,1000
fashion_02327.png,9,bota,0.940575,DDPM,1000
fashion_02328.png,8,bolsa,0.443247,DDPM,1000
fashion_02329.png,4,casaco,0.671700,DDPM,1000
fashion_02330.png,6,camisa,0.850815,DDPM,1000
fashion_02331.png,2,pulôver,0.383384,DDPM,1000
fashion_02332.png,6,camisa,0.443357,DDPM,1000
fashion_02333.png,3,vestido,0.353871,DDPM,1000
fashion_02334.png,6,camisa,0.895731,DDPM,1000
fashion_02335.png,0,camiseta,0.300741,DDPM,1000
fashion_02336.png,3,vestido,0.987334,DDPM,1000
fashion_02337.png,6,camisa,0.500012,DDPM,1000
fashion_02338.png,6,camisa,0.655533,DDPM,1000
fashion_02339.png,0,camiseta,0.516753,DDPM,1000
fashion_02340.png,9,bota,0.448378,DDPM,1000
fashion_02341.png,4,casaco,0.853968,DDPM,1000
fashion_02342.png,4,casaco,0.724320,DDPM,1000
fashion_02343.png,2,pulôver,0.807667,DDPM,1000
fashion_02344.png,6,camisa,0.338706,DDPM,1000
fashion_02345.png,2,pulôver,0.953545,DDPM,1000
fashion_02346.png,6,camisa,0.522452,DDPM,1000
fashion_02347.png,6,camisa,0.867301,DDPM,1000
fashion_02348.png,4,casaco,0.886806,DDPM,1000
fashion_02349.png,6,camisa,0.863220,DDPM,1000
fashion_02350.png,6,camisa,0.737215,DDPM,1000
fashion_02351.png,0,camiseta,0.920664,DDPM,1000
fashion_02352.png,6,camisa,0.422089,DDPM,1000
fashion_02353.png,2,pulôver,0.977446,DDPM,1000
fashion_02354.png,6,camisa,0.529966,DDPM,1000
fashion_02355.png,4,casaco,0.877524,DDPM,1000
fashion_02356.png,2,pulôver,0.514202,DDPM,1000
fashion_02357.png,2,pulôver,0.498857,DDPM,1000
fashion_02358.png,1,calça,0.940407,DDPM,1000
fashion_02359.png,8,bolsa,0.435288,DDPM,1000
fashion_02360.png,0,camiseta,0.970314,DDPM,1000
fashion_02361.png,8,bolsa,0.537917,DDPM,1000
fashion_02362.png,2,pulôver,0.835094,DDPM,1000
fashion_02363.png,4,casaco,0.838236,DDPM,1000
fashion_02364.png,8,bolsa,0.825455,DDPM,1000
fashion_02365.png,4,casaco,0.624125,DDPM,1000
fashion_02366.png,8,bolsa,0.981561,DDPM,1000
fashion_02367.png,6,camisa,0.426016,DDPM,1000
fashion_02368.png,2,pulôver,0.627124,DDPM,1000
fashion_02369.png,6,camisa,0.978710,DDPM,1000
fashion_02370.png,8,bolsa,0.998703,DDPM,1000
fashion_02371.png,0,camiseta,0.834743,DDPM,1000
fashion_02372.png,8,bolsa,0.999865,DDPM,1000
fashion_02373.png,2,pulôver,0.904316,DDPM,1000
fashion_02374.png,2,pulôver,0.847809,DDPM,1000
fashion_02375.png,6,camisa,0.914399,DDPM,1000
fashion_02376.png,8,bolsa,0.999802,DDPM,1000
fashion_02377.png,9,bota,0.989604,DDPM,1000
fashion_02378.png,8,bolsa,0.968322,DDPM,1000
fashion_02379.png,6,camisa,0.617169,DDPM,1000
fashion_02380.png,6,camisa,0.978171,DDPM,1000
fashion_02381.png,6,camisa,0.575643,DDPM,1000
fashion_02382.png,6,camisa,0.553809,DDPM,1000
fashion_02383.png,8,bolsa,0.747624,DDPM,1000
fashion_02384.png,2,pulôver,0.981062,DDPM,1000
fashion_02385.png,9,bota,0.533129,DDPM,1000
fashion_02386.png,6,camisa,0.646506,DDPM,1000
fashion_02387.png,4,casaco,0.938711,DDPM,1000
fashion_02388.png,8,bolsa,0.882509,DDPM,1000
fashion_02389.png,2,pulôver,0.409353,DDPM,1000
fashion_02390.png,8,bolsa,0.464244,DDPM,1000
fashion_02391.png,8,bolsa,0.494034,DDPM,1000
fashion_02392.png,0,camiseta,0.716120,DDPM,1000
fashion_02393.png,6,camisa,0.658160,DDPM,1000
fashion_02394.png,2,pulôver,0.896629,DDPM,1000
fashion_02395.png,2,pulôver,0.931582,DDPM,1000
fashion_02396.png,2,pulôver,0.702791,DDPM,1000
fashion_02397.png,6,camisa,0.959980,DDPM,1000
fashion_02398.png,8,bolsa,0.488827,DDPM,1000
fashion_02399.png,6,camisa,0.961710,DDPM,1000
fashion_02400.png,4,casaco,0.805368,DDPM,1000
fashion_02401.png,6,camisa,0.857358,DDPM,1000
fashion_02402.png,1,calça,0.864844,DDPM,1000
fashion_02403.png,8,bolsa,0.791462,DDPM,1000
fashion_02404.png,3,vestido,0.959676,DDPM,1000
fashion_02405.png,2,pulôver,0.738846,DDPM,1000
fashion_02406.png,8,bolsa,0.997708,DDPM,1000
fashion_02407.png,6,camisa,0.531041,DDPM,1000
fashion_02408.png,8,bolsa,0.999514,DDPM,1000
fashion_02409.png,8,bolsa,0.965236,DDPM,1000
fashion_02410.png,0,camiseta,0.505297,DDPM,1000
fashion_02411.png,8,bolsa,0.983338,DDPM,1000
fashion_02412.png,6,camisa,0.461796,DDPM,1000
fashion_02413.png,2,pulôver,0.664549,DDPM,1000
fashion_02414.png,6,camisa,0.990047,DDPM,1000
fashion_02415.png,2,pulôver,0.832795,DDPM,1000
fashion_02416.png,2,pulôver,0.879704,DDPM,1000
fashion_02417.png,8,bolsa,0.783438,DDPM,1000
fashion_02418.png,6,camisa,0.819357,DDPM,1000
fashion_02419.png,6,camisa,0.793092,DDPM,1000
fashion_02420.png,6,camisa,0.446443,DDPM,1000
fashion_02421.png,8,bolsa,0.490519,DDPM,1000
fashion_02422.png,2,pulôver,0.666795,DDPM,1000
fashion_02423.png,4,casaco,0.998206,DDPM,1000
fashion_02424.png,6,camisa,0.519237,DDPM,1000
fashion_02425.png,2,pulôver,0.941553,DDPM,1000
fashion_02426.png,6,camisa,0.567519,DDPM,1000
fashion_02427.png,8,bolsa,0.552516,DDPM,1000
fashion_02428.png,8,bolsa,0.528873,DDPM,1000
fashion_02429.png,6,camisa,0.720521,DDPM,1000
fashion_02430.png,2,pulôver,0.582942,DDPM,1000
fashion_02431.png,8,bolsa,0.996780,DDPM,1000
fashion_02432.png,8,bolsa,0.400637,DDPM,1000
fashion_02433.png,6,camisa,0.517725,DDPM,1000
fashion_02434.png,6,camisa,0.448572,DDPM,1000
fashion_02435.png,2,pulôver,0.425351,DDPM,1000
fashion_02436.png,8,bolsa,0.999722,DDPM,1000
fashion_02437.png,9,bota,0.631682,DDPM,1000
fashion_02438.png,8,bolsa,0.741544,DDPM,1000
fashion_02439.png,8,bolsa,0.681312,DDPM,1000
fashion_02440.png,2,pulôver,0.978347,DDPM,1000
fashion_02441.png,0,camiseta,0.658213,DDPM,1000
fashion_02442.png,4,casaco,0.504921,DDPM,1000
fashion_02443.png,8,bolsa,0.994529,DDPM,1000
fashion_02444.png,6,camisa,0.475845,DDPM,1000
fashion_02445.png,2,pulôver,0.845528,DDPM,1000
fashion_02446.png,4,casaco,0.527746,DDPM,1000
fashion_02447.png,1,calça,0.673222,DDPM,1000
fashion_02448.png,8,bolsa,0.730716,DDPM,1000
fashion_02449.png,0,camiseta,0.383638,DDPM,1000
fashion_02450.png,2,pulôver,0.688916,DDPM,1000
fashion_02451.png,2,pulôver,0.953129,DDPM,1000
fashion_02452.png,6,camisa,0.568143,DDPM,1000
fashion_02453.png,9,bota,0.670798,DDPM,1000
fashion_02454.png,4,casaco,0.596834,DDPM,1000
fashion_02455.png,2,pulôver,0.416397,DDPM,1000
fashion_02456.png,0,camiseta,0.639333,DDPM,1000
fashion_02457.png,6,camisa,0.571630,DDPM,1000
fashion_02458.png,6,camisa,0.547830,DDPM,1000
fashion_02459.png,2,pulôver,0.939456,DDPM,1000
fashion_02460.png,2,pulôver,0.848238,DDPM,1000
fashion_02461.png,2,pulôver,0.837184,DDPM,1000
fashion_02462.png,8,bolsa,0.839871,DDPM,1000
fashion_02463.png,6,camisa,0.519466,DDPM,1000
fashion_02464.png,6,camisa,0.471652,DDPM,1000
fashion_02465.png,2,pulôver,0.574814,DDPM,1000
fashion_02466.png,8,bolsa,0.947705,DDPM,1000
fashion_02467.png,2,pulôver,0.439809,DDPM,1000
fashion_02468.png,2,pulôver,0.893759,DDPM,1000
fashion_02469.png,6,camisa,0.503292,DDPM,1000
fashion_02470.png,2,pulôver,0.823516,DDPM,1000
fashion_02471.png,8,bolsa,0.964986,DDPM,1000
fashion_02472.png,4,casaco,0.505428,DDPM,1000
fashion_02473.png,0,camiseta,0.865230,DDPM,1000
fashion_02474.png,2,pulôver,0.744837,DDPM,1000
fashion_02475.png,5,sandália,0.984840,DDPM,1000
fashion_02476.png,6,camisa,0.655685,DDPM,1000
fashion_02477.png,4,casaco,0.613598,DDPM,1000
fashion_02478.png,0,camiseta,0.995986,DDPM,1000
fashion_02479.png,6,camisa,0.873673,DDPM,1000
fashion_02480.png,8,bolsa,0.789818,DDPM,1000
fashion_02481.png,2,pulôver,0.593224,DDPM,1000
fashion_02482.png,6,camisa,0.724363,DDPM,1000
fashion_02483.png,6,camisa,0.826972,DDPM,1000
fashion_02484.png,6,camisa,0.781335,DDPM,1000
fashion_02485.png,2,pulôver,0.744409,DDPM,1000
fashion_02486.png,8,bolsa,0.880201,DDPM,1000
fashion_02487.png,6,camisa,0.480594,DDPM,1000
fashion_02488.png,6,camisa,0.566519,DDPM,1000
fashion_02489.png,4,casaco,0.460282,DDPM,1000
fashion_02490.png,6,camisa,0.505214,DDPM,1000
fashion_02491.png,8,bolsa,0.468855,DDPM,1000
fashion_02492.png,6,camisa,0.986531,DDPM,1000
fashion_02493.png,2,pulôver,0.605995,DDPM,1000
fashion_02494.png,8,bolsa,0.795986,DDPM,1000
fashion_02495.png,6,camisa,0.575204,DDPM,1000
fashion_02496.png,2,pulôver,0.447824,DDPM,1000
fashion_02497.png,2,pulôver,0.682369,DDPM,1000
fashion_02498.png,2,pulôver,0.450848,DDPM,1000
fashion_02499.png,0,camiseta,0.748837,DDPM,1000
fashion_02500.png,3,vestido,0.791325,DDPM,1000
fashion_02501.png,8,bolsa,0.979714,DDPM,1000
fashion_02502.png,6,camisa,0.570857,DDPM,1000
fashion_02503.png,0,camiseta,0.916858,DDPM,1000
fashion_02504.png,2,pulôver,0.438792,DDPM,1000
fashion_02505.png,0,camiseta,0.600748,DDPM,1000
fashion_02506.png,0,camiseta,0.379418,DDPM,1000
fashion_02507.png,0,camiseta,0.961940,DDPM,1000
fashion_02508.png,0,camiseta,0.920887,DDPM,1000
fashion_02509.png,1,calça,0.999987,DDPM,1000
fashion_02510.png,8,bolsa,0.951844,DDPM,1000
fashion_02511.png,6,camisa,0.833127,DDPM,1000
fashion_02512.png,0,camiseta,0.568688,DDPM,1000
fashion_02513.png,6,camisa,0.860824,DDPM,1000
fashion_02514.png,6,camisa,0.473454,DDPM,1000
fashion_02515.png,2,pulôver,0.926914,DDPM,1000
fashion_02516.png,4,casaco,0.503587,DDPM,1000
fashion_02517.png,2,pulôver,0.526820,DDPM,1000
fashion_02518.png,6,camisa,0.959196,DDPM,1000
fashion_02519.png,3,vestido,0.992660,DDPM,1000
fashion_02520.png,8,bolsa,0.339248,DDPM,1000
fashion_02521.png,6,camisa,0.820916,DDPM,1000
fashion_02522.png,8,bolsa,0.488125,DDPM,1000
fashion_02523.png,8,bolsa,0.866078,DDPM,1000
fashion_02524.png,6,camisa,0.771214,DDPM,1000
fashion_02525.png,9,bota,0.796030,DDPM,1000
fashion_02526.png,0,camiseta,0.579793,DDPM,1000
fashion_02527.png,6,camisa,0.840976,DDPM,1000
fashion_02528.png,9,bota,0.754337,DDPM,1000
fashion_02529.png,6,camisa,0.571362,DDPM,1000
fashion_02530.png,2,pulôver,0.724170,DDPM,1000
fashion_02531.png,2,pulôver,0.507595,DDPM,1000
fashion_02532.png,6,camisa,0.629953,DDPM,1000
fashion_02533.png,2,pulôver,0.807211,DDPM,1000
fashion_02534.png,2,pulôver,0.756046,DDPM,1000
fashion_02535.png,6,camisa,0.544783,DDPM,1000
fashion_02536.png,8,bolsa,0.999287,DDPM,1000
fashion_02537.png,2,pulôver,0.654957,DDPM,1000
fashion_02538.png,0,camiseta,0.507714,DDPM,1000
fashion_02539.png,0,camiseta,0.939156,DDPM,1000
fashion_02540.png,8,bolsa,0.593245,DDPM,1000
fashion_02541.png,8,bolsa,0.996211,DDPM,1000
fashion_02542.png,2,pulôver,0.457528,DDPM,1000
fashion_02543.png,4,casaco,0.934646,DDPM,1000
fashion_02544.png,1,calça,0.487472,DDPM,1000
fashion_02545.png,4,casaco,0.891023,DDPM,1000
fashion_02546.png,6,camisa,0.932152,DDPM,1000
fashion_02547.png,8,bolsa,0.904571,DDPM,1000
fashion_02548.png,8,bolsa,0.889229,DDPM,1000
fashion_02549.png,0,camiseta,0.566689,DDPM,1000
fashion_02550.png,8,bolsa,0.506694,DDPM,1000
fashion_02551.png,3,vestido,0.499422,DDPM,1000
fashion_02552.png,0,camiseta,0.289301,DDPM,1000
fashion_02553.png,6,camisa,0.558335,DDPM,1000
fashion_02554.png,8,bolsa,0.999990,DDPM,1000
fashion_02555.png,8,bolsa,0.653538,DDPM,1000
fashion_02556.png,9,bota,0.987861,DDPM,1000
fashion_02557.png,0,camiseta,0.686763,DDPM,1000
fashion_02558.png,2,pulôver,0.368724,DDPM,1000
fashion_02559.png,9,bota,0.973223,DDPM,1000
fashion_02560.png,6,camisa,0.244263,DDPM,1000
fashion_02561.png,0,camiseta,0.602397,DDPM,1000
fashion_02562.png,8,bolsa,0.680896,DDPM,1000
fashion_02563.png,6,camisa,0.470092,DDPM,1000
fashion_02564.png,8,bolsa,0.740298,DDPM,1000
fashion_02565.png,5,sandália,0.416095,DDPM,1000
fashion_02566.png,0,camiseta,0.403172,DDPM,1000
fashion_02567.png,8,bolsa,0.870988,DDPM,1000
fashion_02568.png,2,pulôver,0.447138,DDPM,1000
fashion_02569.png,6,camisa,0.807737,DDPM,1000
fashion_02570.png,0,camiseta,0.805852,DDPM,1000
fashion_02571.png,6,camisa,0.557585,DDPM,1000
fashion_02572.png,2,pulôver,0.625205,DDPM,1000
fashion_02573.png,6,camisa,0.654380,DDPM,1000
fashion_02574.png,6,camisa,0.836670,DDPM,1000
fashion_02575.png,6,camisa,0.974784,DDPM,1000
fashion_02576.png,0,camiseta,0.386543,DDPM,1000
fashion_02577.png,6,camisa,0.535280,DDPM,1000
fashion_02578.png,4,casaco,0.529224,DDPM,1000
fashion_02579.png,8,bolsa,0.999970,DDPM,1000
fashion_02580.png,6,camisa,0.769962,DDPM,1000
fashion_02581.png,9,bota,0.645964,DDPM,1000
fashion_02582.png,8,bolsa,0.970723,DDPM,1000
fashion_02583.png,0,camiseta,0.940134,DDPM,1000
fashion_02584.png,2,pulôver,0.806393,DDPM,1000
fashion_02585.png,5,sandália,0.771778,DDPM,1000
fashion_02586.png,8,bolsa,0.759859,DDPM,1000
fashion_02587.png,6,camisa,0.378377,DDPM,1000
fashion_02588.png,8,bolsa,0.995485,DDPM,1000
fashion_02589.png,0,camiseta,0.835909,DDPM,1000
fashion_02590.png,0,camiseta,0.501797,DDPM,1000
fashion_02591.png,6,camisa,0.647913,DDPM,1000
fashion_02592.png,4,casaco,0.537224,DDPM,1000
fashion_02593.png,6,camisa,0.423187,DDPM,1000
fashion_02594.png,6,camisa,0.505779,DDPM,1000
fashion_02595.png,8,bolsa,0.999737,DDPM,1000
fashion_02596.png,6,camisa,0.349522,DDPM,1000
fashion_02597.png,1,calça,0.272082,DDPM,1000
fashion_02598.png,5,sandália,0.906707,DDPM,1000
fashion_02599.png,2,pulôver,0.514985,DDPM,1000
fashion_02600.png,8,bolsa,0.900870,DDPM,1000
fashion_02601.png,2,pulôver,0.874647,DDPM,1000
fashion_02602.png,6,camisa,0.634925,DDPM,1000
fashion_02603.png,6,camisa,0.359852,DDPM,1000
fashion_02604.png,2,pulôver,0.393001,DDPM,1000
fashion_02605.png,8,bolsa,0.410997,DDPM,1000
fashion_02606.png,4,casaco,0.652689,DDPM,1000
fashion_02607.png,8,bolsa,0.387459,DDPM,1000
fashion_02608.png,7,tênis,0.988283,DDPM,1000
fashion_02609.png,4,casaco,0.963124,DDPM,1000
fashion_02610.png,6,camisa,0.439176,DDPM,1000
fashion_02611.png,8,bolsa,0.589553,DDPM,1000
fashion_02612.png,4,casaco,0.504669,DDPM,1000
fashion_02613.png,5,sandália,0.985788,DDPM,1000
fashion_02614.png,3,vestido,0.349733,DDPM,1000
fashion_02615.png,8,bolsa,0.471361,DDPM,1000
fashion_02616.png,2,pulôver,0.446451,DDPM,1000
fashion_02617.png,0,camiseta,0.336169,DDPM,1000
fashion_02618.png,0,camiseta,0.480273,DDPM,1000
fashion_02619.png,2,pulôver,0.858390,DDPM,1000
fashion_02620.png,0,camiseta,0.454691,DDPM,1000
fashion_02621.png,2,pulôver,0.478304,DDPM,1000
fashion_02622.png,6,camisa,0.680403,DDPM,1000
fashion_02623.png,6,camisa,0.554051,DDPM,1000
fashion_02624.png,0,camiseta,0.459294,DDPM,1000
fashion_02625.png,3,vestido,0.621535,DDPM,1000
fashion_02626.png,3,vestido,0.462974,DDPM,1000
fashion_02627.png,4,casaco,0.828777,DDPM,1000
fashion_02628.png,8,bolsa,0.921169,DDPM,1000
fashion_02629.png,2,pulôver,0.498578,DDPM,1000
fashion_02630.png,6,camisa,0.928615,DDPM,1000
fashion_02631.png,6,camisa,0.261501,DDPM,1000
fashion_02632.png,6,camisa,0.550819,DDPM,1000
fashion_02633.png,3,vestido,0.575065,DDPM,1000
fashion_02634.png,6,camisa,0.754938,DDPM,1000
fashion_02635.png,8,bolsa,0.641080,DDPM,1000
fashion_02636.png,6,camisa,0.583567,DDPM,1000
fashion_02637.png,2,pulôver,0.443487,DDPM,1000
fashion_02638.png,0,camiseta,0.809931,DDPM,1000
fashion_02639.png,4,casaco,0.757298,DDPM,1000
fashion_02640.png,6,camisa,0.885438,DDPM,1000
fashion_02641.png,6,camisa,0.982983,DDPM,1000
fashion_02642.png,0,camiseta,0.473925,DDPM,1000
fashion_02643.png,0,camiseta,0.978288,DDPM,1000
fashion_02644.png,0,camiseta,0.572006,DDPM,1000
fashion_02645.png,2,pulôver,0.918613,DDPM,1000
fashion_02646.png,6,camisa,0.788385,DDPM,1000
fashion_02647.png,6,camisa,0.501266,DDPM,1000
fashion_02648.png,6,camisa,0.607519,DDPM,1000
fashion_02649.png,6,camisa,0.558804,DDPM,1000
fashion_02650.png,6,camisa,0.505779,DDPM,1000
fashion_02651.png,0,camiseta,0.963325,DDPM,1000
fashion_02652.png,2,pulôver,0.654049,DDPM,1000
fashion_02653.png,7,tênis,0.450349,DDPM,1000
fashion_02654.png,6,camisa,0.757272,DDPM,1000
fashion_02655.png,6,camisa,0.809436,DDPM,1000
fashion_02656.png,6,camisa,0.350993,DDPM,1000
fashion_02657.png,4,casaco,0.526221,DDPM,1000
fashion_02658.png,2,pulôver,0.593740,DDPM,1000
fashion_02659.png,4,casaco,0.492319,DDPM,1000
fashion_02660.png,8,bolsa,0.969014,DDPM,1000
fashion_02661.png,8,bolsa,0.567691,DDPM,1000
fashion_02662.png,4,casaco,0.869526,DDPM,1000
fashion_02663.png,4,casaco,0.816772,DDPM,1000
fashion_02664.png,6,camisa,0.619361,DDPM,1000
fashion_02665.png,2,pulôver,0.606424,DDPM,1000
fashion_02666.png,6,camisa,0.739985,DDPM,1000
fashion_02667.png,8,bolsa,0.893410,DDPM,1000
fashion_02668.png,4,casaco,0.973852,DDPM,1000
fashion_02669.png,8,bolsa,0.920760,DDPM,1000
fashion_02670.png,8,bolsa,0.841479,DDPM,1000
fashion_02671.png,3,vestido,0.682499,DDPM,1000
fashion_02672.png,8,bolsa,0.722070,DDPM,1000
fashion_02673.png,6,camisa,0.401050,DDPM,1000
fashion_02674.png,6,camisa,0.577630,DDPM,1000
fashion_02675.png,8,bolsa,0.973975,DDPM,1000
fashion_02676.png,0,camiseta,0.507749,DDPM,1000
fashion_02677.png,6,camisa,0.783703,DDPM,1000
fashion_02678.png,9,bota,0.672121,DDPM,1000
fashion_02679.png,2,pulôver,0.909037,DDPM,1000
fashion_02680.png,8,bolsa,0.905047,DDPM,1000
fashion_02681.png,8,bolsa,0.999999,DDPM,1000
fashion_02682.png,5,sandália,0.999654,DDPM,1000
fashion_02683.png,2,pulôver,0.659085,DDPM,1000
fashion_02684.png,3,vestido,0.733158,DDPM,1000
fashion_02685.png,6,camisa,0.586230,DDPM,1000
fashion_02686.png,2,pulôver,0.412341,DDPM,1000
fashion_02687.png,0,camiseta,0.886564,DDPM,1000
fashion_02688.png,0,camiseta,0.528968,DDPM,1000
fashion_02689.png,2,pulôver,0.916069,DDPM,1000
fashion_02690.png,8,bolsa,0.897322,DDPM,1000
fashion_02691.png,8,bolsa,0.999466,DDPM,1000
fashion_02692.png,2,pulôver,0.943638,DDPM,1000
fashion_02693.png,8,bolsa,0.331210,DDPM,1000
fashion_02694.png,6,camisa,0.604679,DDPM,1000
fashion_02695.png,7,tênis,0.950357,DDPM,1000
fashion_02696.png,8,bolsa,0.999685,DDPM,1000
fashion_02697.png,8,bolsa,0.392165,DDPM,1000
fashion_02698.png,8,bolsa,0.640130,DDPM,1000
fashion_02699.png,4,casaco,0.628311,DDPM,1000
fashion_02700.png,8,bolsa,0.492745,DDPM,1000
fashion_02701.png,6,camisa,0.489191,DDPM,1000
fashion_02702.png,0,camiseta,0.662392,DDPM,1000
fashion_02703.png,4,casaco,0.614247,DDPM,1000
fashion_02704.png,2,pulôver,0.369221,DDPM,1000
fashion_02705.png,0,camiseta,0.592006,DDPM,1000
fashion_02706.png,2,pulôver,0.550521,DDPM,1000
fashion_02707.png,9,bota,0.486978,DDPM,1000
fashion_02708.png,6,camisa,0.533445,DDPM,1000
fashion_02709.png,6,camisa,0.576802,DDPM,1000
fashion_02710.png,8,bolsa,0.922121,DDPM,1000
fashion_02711.png,5,sandália,0.829912,DDPM,1000
fashion_02712.png,0,camiseta,0.826031,DDPM,1000
fashion_02713.png,6,camisa,0.483238,DDPM,1000
fashion_02714.png,2,pulôver,0.454570,DDPM,1000
fashion_02715.png,6,camisa,0.304178,DDPM,1000
fashion_02716.png,3,vestido,0.515894,DDPM,1000
fashion_02717.png,2,pulôver,0.548914,DDPM,1000
fashion_02718.png,2,pulôver,0.756314,DDPM,1000
fashion_02719.png,8,bolsa,0.949309,DDPM,1000
fashion_02720.png,4,casaco,0.492552,DDPM,1000
fashion_02721.png,2,pulôver,0.495394,DDPM,1000
fashion_02722.png,0,camiseta,0.697562,DDPM,1000
fashion_02723.png,2,pulôver,0.637204,DDPM,1000
fashion_02724.png,4,casaco,0.909284,DDPM,1000
fashion_02725.png,4,casaco,0.752128,DDPM,1000
fashion_02726.png,2,pulôver,0.524306,DDPM,1000
fashion_02727.png,8,bolsa,0.998830,DDPM,1000
fashion_02728.png,8,bolsa,0.980210,DDPM,1000
fashion_02729.png,6,camisa,0.768607,DDPM,1000
fashion_02730.png,2,pulôver,0.733609,DDPM,1000
fashion_02731.png,8,bolsa,0.993865,DDPM,1000
fashion_02732.png,2,pulôver,0.915363,DDPM,1000
fashion_02733.png,0,camiseta,0.498369,DDPM,1000
fashion_02734.png,6,camisa,0.627817,DDPM,1000
fashion_02735.png,6,camisa,0.427835,DDPM,1000
fashion_02736.png,9,bota,0.993088,DDPM,1000
fashion_02737.png,2,pulôver,0.629085,DDPM,1000
fashion_02738.png,2,pulôver,0.713600,DDPM,1000
fashion_02739.png,2,pulôver,0.690155,DDPM,1000
fashion_02740.png,2,pulôver,0.396288,DDPM,1000
fashion_02741.png,6,camisa,0.527484,DDPM,1000
fashion_02742.png,2,pulôver,0.719459,DDPM,1000
fashion_02743.png,8,bolsa,0.674019,DDPM,1000
fashion_02744.png,2,pulôver,0.732607,DDPM,1000
fashion_02745.png,2,pulôver,0.607100,DDPM,1000
fashion_02746.png,1,calça,0.901650,DDPM,1000
fashion_02747.png,6,camisa,0.873073,DDPM,1000
fashion_02748.png,0,camiseta,0.632146,DDPM,1000
fashion_02749.png,1,calça,0.996723,DDPM,1000
fashion_02750.png,2,pulôver,0.725633,DDPM,1000
fashion_02751.png,0,camiseta,0.493101,DDPM,1000
fashion_02752.png,2,pulôver,0.588781,DDPM,1000
fashion_02753.png,6,camisa,0.964080,DDPM,1000
fashion_02754.png,6,camisa,0.857022,DDPM,1000
fashion_02755.png,9,bota,0.950494,DDPM,1000
fashion_02756.png,8,bolsa,0.776629,DDPM,1000
fashion_02757.png,2,pulôver,0.621893,DDPM,1000
fashion_02758.png,6,camisa,0.516822,DDPM,1000
fashion_02759.png,9,bota,0.945990,DDPM,1000
fashion_02760.png,9,bota,0.468662,DDPM,1000
fashion_02761.png,4,casaco,0.641055,DDPM,1000
fashion_02762.png,2,pulôver,0.346501,DDPM,1000
fashion_02763.png,8,bolsa,0.999851,DDPM,1000
fashion_02764.png,4,casaco,0.487705,DDPM,1000
fashion_02765.png,8,bolsa,0.701935,DDPM,1000
fashion_02766.png,8,bolsa,0.956008,DDPM,1000
fashion_02767.png,6,camisa,0.898518,DDPM,1000
fashion_02768.png,2,pulôver,0.371499,DDPM,1000
fashion_02769.png,2,pulôver,0.700075,DDPM,1000
fashion_02770.png,0,camiseta,0.873993,DDPM,1000
fashion_02771.png,2,pulôver,0.519220,DDPM,1000
fashion_02772.png,0,camiseta,0.626001,DDPM,1000
fashion_02773.png,2,pulôver,0.936660,DDPM,1000
fashion_02774.png,8,bolsa,0.864067,DDPM,1000
fashion_02775.png,3,vestido,0.318000,DDPM,1000
fashion_02776.png,6,camisa,0.532926,DDPM,1000
fashion_02777.png,0,camiseta,0.651855,DDPM,1000
fashion_02778.png,6,camisa,0.469989,DDPM,1000
fashion_02779.png,2,pulôver,0.765297,DDPM,1000
fashion_02780.png,4,casaco,0.948032,DDPM,1000
fashion_02781.png,3,vestido,0.334017,DDPM,1000
fashion_02782.png,2,pulôver,0.673359,DDPM,1000
fashion_02783.png,4,casaco,0.960338,DDPM,1000
fashion_02784.png,0,camiseta,0.993790,DDPM,1000
fashion_02785.png,5,sandália,0.987161,DDPM,1000
fashion_02786.png,9,bota,0.708466,DDPM,1000
fashion_02787.png,8,bolsa,0.404600,DDPM,1000
fashion_02788.png,6,camisa,0.368701,DDPM,1000
fashion_02789.png,0,camiseta,0.673914,DDPM,1000
fashion_02790.png,9,bota,0.537046,DDPM,1000
fashion_02791.png,0,camiseta,0.985437,DDPM,1000
fashion_02792.png,6,camisa,0.441057,DDPM,1000
fashion_02793.png,4,casaco,0.822258,DDPM,1000
fashion_02794.png,3,vestido,0.521588,DDPM,1000
fashion_02795.png,8,bolsa,0.844780,DDPM,1000
fashion_02796.png,8,bolsa,0.875981,DDPM,1000
fashion_02797.png,4,casaco,0.886928,DDPM,1000
fashion_02798.png,6,camisa,0.965640,DDPM,1000
fashion_02799.png,2,pulôver,0.598724,DDPM,1000
fashion_02800.png,3,vestido,0.981447,DDPM,1000
fashion_02801.png,8,bolsa,0.573855,DDPM,1000
fashion_02802.png,6,camisa,0.995622,DDPM,1000
fashion_02803.png,6,camisa,0.816517,DDPM,1000
fashion_02804.png,9,bota,0.706177,DDPM,1000
fashion_02805.png,6,camisa,0.598158,DDPM,1000
fashion_02806.png,6,camisa,0.643948,DDPM,1000
fashion_02807.png,4,casaco,0.332477,DDPM,1000
fashion_02808.png,6,camisa,0.733457,DDPM,1000
fashion_02809.png,8,bolsa,0.426114,DDPM,1000
fashion_02810.png,0,camiseta,0.732358,DDPM,1000
fashion_02811.png,2,pulôver,0.451800,DDPM,1000
fashion_02812.png,2,pulôver,0.480849,DDPM,1000
fashion_02813.png,6,camisa,0.610954,DDPM,1000
fashion_02814.png,0,camiseta,0.598702,DDPM,1000
fashion_02815.png,2,pulôver,0.761565,DDPM,1000
fashion_02816.png,6,camisa,0.799178,DDPM,1000
fashion_02817.png,8,bolsa,0.945857,DDPM,1000
fashion_02818.png,0,camiseta,0.838903,DDPM,1000
fashion_02819.png,6,camisa,0.530601,DDPM,1000
fashion_02820.png,2,pulôver,0.950977,DDPM,1000
fashion_02821.png,0,camiseta,0.370840,DDPM,1000
fashion_02822.png,6,camisa,0.329477,DDPM,1000
fashion_02823.png,6,camisa,0.556022,DDPM,1000
fashion_02824.png,2,pulôver,0.494205,DDPM,1000
fashion_02825.png,4,casaco,0.946055,DDPM,1000
fashion_02826.png,0,camiseta,0.746614,DDPM,1000
fashion_02827.png,0,camiseta,0.380456,DDPM,1000
fashion_02828.png,3,vestido,0.736385,DDPM,1000
fashion_02829.png,6,camisa,0.770618,DDPM,1000
fashion_02830.png,6,camisa,0.538024,DDPM,1000
fashion_02831.png,4,casaco,0.312077,DDPM,1000
fashion_02832.png,4,casaco,0.495151,DDPM,1000
fashion_02833.png,4,casaco,0.503977,DDPM,1000
fashion_02834.png,8,bolsa,0.984597,DDPM,1000
fashion_02835.png,4,casaco,0.786945,DDPM,1000
fashion_02836.png,8,bolsa,0.672029,DDPM,1000
fashion_02837.png,2,pulôver,0.377147,DDPM,1000
fashion_02838.png,2,pulôver,0.803813,DDPM,1000
fashion_02839.png,8,bolsa,0.707492,DDPM,1000
fashion_02840.png,8,bolsa,0.340639,DDPM,1000
fashion_02841.png,0,camiseta,0.908107,DDPM,1000
fashion_02842.png,3,vestido,0.292040,DDPM,1000
fashion_02843.png,0,camiseta,0.587443,DDPM,1000
fashion_02844.png,8,bolsa,0.911045,DDPM,1000
fashion_02845.png,8,bolsa,0.665412,DDPM,1000
fashion_02846.png,4,casaco,0.615857,DDPM,1000
fashion_02847.png,0,camiseta,0.537809,DDPM,1000
fashion_02848.png,8,bolsa,0.971476,DDPM,1000
fashion_02849.png,8,bolsa,0.934171,DDPM,1000
fashion_02850.png,6,camisa,0.648153,DDPM,1000
fashion_02851.png,8,bolsa,0.375744,DDPM,1000
fashion_02852.png,0,camiseta,0.695273,DDPM,1000
fashion_02853.png,6,camisa,0.781493,DDPM,1000
fashion_02854.png,2,pulôver,0.662561,DDPM,1000
fashion_02855.png,0,camiseta,0.450649,DDPM,1000
fashion_02856.png,2,pulôver,0.354664,DDPM,1000
fashion_02857.png,2,pulôver,0.823717,DDPM,1000
fashion_02858.png,0,camiseta,0.613755,DDPM,1000
fashion_02859.png,7,tênis,0.539660,DDPM,1000
fashion_02860.png,7,tênis,0.730951,DDPM,1000
fashion_02861.png,0,camiseta,0.979112,DDPM,1000
fashion_02862.png,2,pulôver,0.481006,DDPM,1000
fashion_02863.png,4,casaco,0.456642,DDPM,1000
fashion_02864.png,6,camisa,0.659967,DDPM,1000
fashion_02865.png,8,bolsa,0.994504,DDPM,1000
fashion_02866.png,6,camisa,0.636624,DDPM,1000
fashion_02867.png,0,camiseta,0.945065,DDPM,1000
fashion_02868.png,2,pulôver,0.908975,DDPM,1000
fashion_02869.png,0,camiseta,0.553236,DDPM,1000
fashion_02870.png,6,camisa,0.911837,DDPM,1000
fashion_02871.png,8,bolsa,0.495564,DDPM,1000
fashion_02872.png,6,camisa,0.648003,DDPM,1000
fashion_02873.png,8,bolsa,0.997225,DDPM,1000
fashion_02874.png,8,bolsa,0.303012,DDPM,1000
fashion_02875.png,6,camisa,0.755947,DDPM,1000
fashion_02876.png,6,camisa,0.927397,DDPM,1000
fashion_02877.png,8,bolsa,0.556327,DDPM,1000
fashion_02878.png,2,pulôver,0.900583,DDPM,1000
fashion_02879.png,6,camisa,0.442208,DDPM,1000
fashion_02880.png,4,casaco,0.697022,DDPM,1000
fashion_02881.png,2,pulôver,0.831787,DDPM,1000
fashion_02882.png,2,pulôver,0.594624,DDPM,1000
fashion_02883.png,0,camiseta,0.831150,DDPM,1000
fashion_02884.png,6,camisa,0.541281,DDPM,1000
fashion_02885.png,6,camisa,0.516448,DDPM,1000
fashion_02886.png,0,camiseta,0.524118,DDPM,1000
fashion_02887.png,7,tênis,0.714424,DDPM,1000
fashion_02888.png,2,pulôver,0.840337,DDPM,1000
fashion_02889.png,6,camisa,0.534860,DDPM,1000
fashion_02890.png,2,pulôver,0.787177,DDPM,1000
fashion_02891.png,2,pulôver,0.868889,DDPM,1000
fashion_02892.png,6,camisa,0.954944,DDPM,1000
fashion_02893.png,7,tênis,0.960527,DDPM,1000
fashion_02894.png,4,casaco,0.584048,DDPM,1000
fashion_02895.png,2,pulôver,0.884979,DDPM,1000
fashion_02896.png,4,casaco,0.854738,DDPM,1000
fashion_02897.png,6,camisa,0.343437,DDPM,1000
fashion_02898.png,4,casaco,0.836223,DDPM,1000
fashion_02899.png,8,bolsa,0.975176,DDPM,1000
fashion_02900.png,6,camisa,0.684082,DDPM,1000
fashion_02901.png,2,pulôver,0.976448,DDPM,1000
fashion_02902.png,6,camisa,0.921023,DDPM,1000
fashion_02903.png,7,tênis,0.547925,DDPM,1000
fashion_02904.png,0,camiseta,0.328217,DDPM,1000
fashion_02905.png,0,camiseta,0.491999,DDPM,1000
fashion_02906.png,3,vestido,0.354388,DDPM,1000
fashion_02907.png,8,bolsa,0.607520,DDPM,1000
fashion_02908.png,9,bota,0.711574,DDPM,1000
fashion_02909.png,2,pulôver,0.845550,DDPM,1000
fashion_02910.png,2,pulôver,0.726395,DDPM,1000
fashion_02911.png,5,sandália,0.892367,DDPM,1000
fashion_02912.png,6,camisa,0.485628,DDPM,1000
fashion_02913.png,8,bolsa,0.376737,DDPM,1000
fashion_02914.png,4,casaco,0.536353,DDPM,1000
fashion_02915.png,6,camisa,0.785467,DDPM,1000
fashion_02916.png,6,camisa,0.824575,DDPM,1000
fashion_02917.png,8,bolsa,0.997900,DDPM,1000
fashion_02918.png,4,casaco,0.526953,DDPM,1000
fashion_02919.png,0,camiseta,0.897686,DDPM,1000
fashion_02920.png,2,pulôver,0.604922,DDPM,1000
fashion_02921.png,6,camisa,0.884908,DDPM,1000
fashion_02922.png,2,pulôver,0.908077,DDPM,1000
fashion_02923.png,2,pulôver,0.970206,DDPM,1000
fashion_02924.png,3,vestido,0.984721,DDPM,1000
fashion_02925.png,0,camiseta,0.403894,DDPM,1000
fashion_02926.png,2,pulôver,0.602841,DDPM,1000
fashion_02927.png,4,casaco,0.806397,DDPM,1000
fashion_02928.png,8,bolsa,0.482607,DDPM,1000
fashion_02929.png,2,pulôver,0.598124,DDPM,1000
fashion_02930.png,3,vestido,0.433330,DDPM,1000
fashion_02931.png,6,camisa,0.435948,DDPM,1000
fashion_02932.png,2,pulôver,0.936139,DDPM,1000
fashion_02933.png,7,tênis,0.579213,DDPM,1000
fashion_02934.png,8,bolsa,0.780826,DDPM,1000
fashion_02935.png,0,camiseta,0.772993,DDPM,1000
fashion_02936.png,2,pulôver,0.979431,DDPM,1000
fashion_02937.png,8,bolsa,0.648917,DDPM,1000
fashion_02938.png,8,bolsa,0.718796,DDPM,1000
fashion_02939.png,4,casaco,0.675987,DDPM,1000
fashion_02940.png,0,camiseta,0.575776,DDPM,1000
fashion_02941.png,8,bolsa,1.000000,DDPM,1000
fashion_02942.png,0,camiseta,0.551569,DDPM,1000
fashion_02943.png,3,vestido,0.980927,DDPM,1000
fashion_02944.png,8,bolsa,0.992085,DDPM,1000
fashion_02945.png,3,vestido,0.252349,DDPM,1000
fashion_02946.png,8,bolsa,0.475404,DDPM,1000
fashion_02947.png,4,casaco,0.301333,DDPM,1000
fashion_02948.png,8,bolsa,0.894677,DDPM,1000
fashion_02949.png,2,pulôver,0.909956,DDPM,1000
fashion_02950.png,0,camiseta,0.393050,DDPM,1000
fashion_02951.png,6,camisa,0.374283,DDPM,1000
fashion_02952.png,6,camisa,0.835354,DDPM,1000
fashion_02953.png,4,casaco,0.868748,DDPM,1000
fashion_02954.png,4,casaco,0.548687,DDPM,1000
fashion_02955.png,2,pulôver,0.725694,DDPM,1000
fashion_02956.png,0,camiseta,0.461735,DDPM,1000
fashion_02957.png,0,camiseta,0.833693,DDPM,1000
fashion_02958.png,4,casaco,0.697111,DDPM,1000
fashion_02959.png,6,camisa,0.892862,DDPM,1000
fashion_02960.png,0,camiseta,0.510882,DDPM,1000
fashion_02961.png,8,bolsa,0.970590,DDPM,1000
fashion_02962.png,2,pulôver,0.679267,DDPM,1000
fashion_02963.png,6,camisa,0.796112,DDPM,1000
fashion_02964.png,8,bolsa,0.908021,DDPM,1000
fashion_02965.png,6,camisa,0.567631,DDPM,1000
fashion_02966.png,2,pulôver,0.413363,DDPM,1000
fashion_02967.png,2,pulôver,0.781542,DDPM,1000
fashion_02968.png,2,pulôver,0.873436,DDPM,1000
fashion_02969.png,8,bolsa,0.807206,DDPM,1000
fashion_02970.png,4,casaco,0.473235,DDPM,1000
fashion_02971.png,8,bolsa,0.553522,DDPM,1000
fashion_02972.png,4,casaco,0.426436,DDPM,1000
fashion_02973.png,8,bolsa,0.999610,DDPM,1000
fashion_02974.png,3,vestido,0.307660,DDPM,1000
fashion_02975.png,2,pulôver,0.320008,DDPM,1000
fashion_02976.png,8,bolsa,0.999509,DDPM,1000
fashion_02977.png,8,bolsa,0.998833,DDPM,1000
fashion_02978.png,1,calça,0.381386,DDPM,1000
fashion_02979.png,2,pulôver,0.954958,DDPM,1000
fashion_02980.png,2,pulôver,0.430823,DDPM,1000
fashion_02981.png,2,pulôver,0.783438,DDPM,1000
fashion_02982.png,3,vestido,0.888629,DDPM,1000
fashion_02983.png,9,bota,0.961171,DDPM,1000
fashion_02984.png,4,casaco,0.830054,DDPM,1000
fashion_02985.png,8,bolsa,0.493482,DDPM,1000
fashion_02986.png,4,casaco,0.562175,DDPM,1000
fashion_02987.png,6,camisa,0.461974,DDPM,1000
fashion_02988.png,6,camisa,0.882967,DDPM,1000
fashion_02989.png,2,pulôver,0.891221,DDPM,1000
fashion_02990.png,0,camiseta,0.649055,DDPM,1000
fashion_02991.png,8,bolsa,0.492890,DDPM,1000
fashion_02992.png,6,camisa,0.774158,DDPM,1000
fashion_02993.png,8,bolsa,0.368130,DDPM,1000
fashion_02994.png,6,camisa,0.716188,DDPM,1000
fashion_02995.png,2,pulôver,0.766842,DDPM,1000
fashion_02996.png,0,camiseta,0.864109,DDPM,1000
fashion_02997.png,8,bolsa,0.969362,DDPM,1000
fashion_02998.png,8,bolsa,0.983404,DDPM,1000
fashion_02999.png,2,pulôver,0.572938,DDPM,1000
fashion_03000.png,0,camiseta,0.896092,DDPM,1000
fashion_03001.png,6,camisa,0.586403,DDPM,1000
fashion_03002.png,1,calça,0.654638,DDPM,1000
fashion_03003.png,8,bolsa,0.862790,DDPM,1000
fashion_03004.png,0,camiseta,0.820472,DDPM,1000
fashion_03005.png,6,camisa,0.577986,DDPM,1000
fashion_03006.png,6,camisa,0.410390,DDPM,1000
fashion_03007.png,8,bolsa,0.952255,DDPM,1000
fashion_03008.png,8,bolsa,0.880862,DDPM,1000
fashion_03009.png,6,camisa,0.585858,DDPM,1000
fashion_03010.png,2,pulôver,0.979709,DDPM,1000
fashion_03011.png,8,bolsa,0.535296,DDPM,1000
fashion_03012.png,0,camiseta,0.485697,DDPM,1000
fashion_03013.png,4,casaco,0.480154,DDPM,1000
fashion_03014.png,6,camisa,0.652717,DDPM,1000
fashion_03015.png,6,camisa,0.566938,DDPM,1000
fashion_03016.png,4,casaco,0.591287,DDPM,1000
fashion_03017.png,6,camisa,0.804112,DDPM,1000
fashion_03018.png,4,casaco,0.728911,DDPM,1000
fashion_03019.png,2,pulôver,0.787294,DDPM,1000
fashion_03020.png,0,camiseta,0.400023,DDPM,1000
fashion_03021.png,6,camisa,0.553992,DDPM,1000
fashion_03022.png,8,bolsa,0.899087,DDPM,1000
fashion_03023.png,8,bolsa,0.408358,DDPM,1000
fashion_03024.png,6,camisa,0.541261,DDPM,1000
fashion_03025.png,6,camisa,0.626306,DDPM,1000
fashion_03026.png,0,camiseta,0.612717,DDPM,1000
fashion_03027.png,6,camisa,0.981935,DDPM,1000
fashion_03028.png,2,pulôver,0.586120,DDPM,1000
fashion_03029.png,0,camiseta,0.805514,DDPM,1000
fashion_03030.png,3,vestido,0.756217,DDPM,1000
fashion_03031.png,9,bota,0.666914,DDPM,1000
fashion_03032.png,2,pulôver,0.959619,DDPM,1000
fashion_03033.png,2,pulôver,0.408890,DDPM,1000
fashion_03034.png,0,camiseta,0.907883,DDPM,1000
fashion_03035.png,2,pulôver,0.944613,DDPM,1000
fashion_03036.png,4,casaco,0.826266,DDPM,1000
fashion_03037.png,2,pulôver,0.994209,DDPM,1000
fashion_03038.png,8,bolsa,0.743747,DDPM,1000
fashion_03039.png,6,camisa,0.647753,DDPM,1000
fashion_03040.png,2,pulôver,0.339943,DDPM,1000
fashion_03041.png,8,bolsa,0.957087,DDPM,1000
fashion_03042.png,8,bolsa,0.477023,DDPM,1000
fashion_03043.png,2,pulôver,0.435773,DDPM,1000
fashion_03044.png,2,pulôver,0.819665,DDPM,1000
fashion_03045.png,2,pulôver,0.418314,DDPM,1000
fashion_03046.png,6,camisa,0.545019,DDPM,1000
fashion_03047.png,8,bolsa,0.953918,DDPM,1000
fashion_03048.png,3,vestido,0.610051,DDPM,1000
fashion_03049.png,8,bolsa,0.687586,DDPM,1000
fashion_03050.png,4,casaco,0.782807,DDPM,1000
fashion_03051.png,4,casaco,0.756477,DDPM,1000
fashion_03052.png,0,camiseta,0.432926,DDPM,1000
fashion_03053.png,2,pulôver,0.528922,DDPM,1000
fashion_03054.png,6,camisa,0.571500,DDPM,1000
fashion_03055.png,4,casaco,0.377617,DDPM,1000
fashion_03056.png,2,pulôver,0.689808,DDPM,1000
fashion_03057.png,4,casaco,0.704211,DDPM,1000
fashion_03058.png,2,pulôver,0.685376,DDPM,1000
fashion_03059.png,2,pulôver,0.847972,DDPM,1000
fashion_03060.png,8,bolsa,0.446282,DDPM,1000
fashion_03061.png,2,pulôver,0.382635,DDPM,1000
fashion_03062.png,6,camisa,0.354827,DDPM,1000
fashion_03063.png,4,casaco,0.726894,DDPM,1000
fashion_03064.png,6,camisa,0.876265,DDPM,1000
fashion_03065.png,2,pulôver,0.382974,DDPM,1000
fashion_03066.png,6,camisa,0.608677,DDPM,1000
fashion_03067.png,2,pulôver,0.493862,DDPM,1000
fashion_03068.png,2,pulôver,0.926609,DDPM,1000
fashion_03069.png,2,pulôver,0.669992,DDPM,1000
fashion_03070.png,9,bota,0.978924,DDPM,1000
fashion_03071.png,8,bolsa,0.668892,DDPM,1000
fashion_03072.png,2,pulôver,0.540458,DDPM,1000
fashion_03073.png,1,calça,0.446819,DDPM,1000
fashion_03074.png,9,bota,0.460862,DDPM,1000
fashion_03075.png,9,bota,0.787513,DDPM,1000
fashion_03076.png,4,casaco,0.799405,DDPM,1000
fashion_03077.png,2,pulôver,0.546660,DDPM,1000
fashion_03078.png,9,bota,0.968845,DDPM,1000
fashion_03079.png,8,bolsa,0.931778,DDPM,1000
fashion_03080.png,2,pulôver,0.959150,DDPM,1000
fashion_03081.png,6,camisa,0.672659,DDPM,1000
fashion_03082.png,8,bolsa,0.998273,DDPM,1000
fashion_03083.png,4,casaco,0.412731,DDPM,1000
fashion_03084.png,4,casaco,0.333246,DDPM,1000
fashion_03085.png,4,casaco,0.647291,DDPM,1000
fashion_03086.png,2,pulôver,0.924806,DDPM,1000
fashion_03087.png,2,pulôver,0.571564,DDPM,1000
fashion_03088.png,2,pulôver,0.608187,DDPM,1000
fashion_03089.png,6,camisa,0.387717,DDPM,1000
fashion_03090.png,6,camisa,0.535956,DDPM,1000
fashion_03091.png,4,casaco,0.430192,DDPM,1000
fashion_03092.png,0,camiseta,0.297806,DDPM,1000
fashion_03093.png,2,pulôver,0.902995,DDPM,1000
fashion_03094.png,5,sandália,0.657936,DDPM,1000
fashion_03095.png,6,camisa,0.364439,DDPM,1000
fashion_03096.png,3,vestido,0.475628,DDPM,1000
fashion_03097.png,8,bolsa,0.538622,DDPM,1000
fashion_03098.png,6,camisa,0.513928,DDPM,1000
fashion_03099.png,6,camisa,0.888997,DDPM,1000
fashion_03100.png,6,camisa,0.566185,DDPM,1000
fashion_03101.png,6,camisa,0.642849,DDPM,1000
fashion_03102.png,9,bota,0.924861,DDPM,1000
fashion_03103.png,2,pulôver,0.727489,DDPM,1000
fashion_03104.png,6,camisa,0.846056,DDPM,1000
fashion_03105.png,2,pulôver,0.571159,DDPM,1000
fashion_03106.png,4,casaco,0.668715,DDPM,1000
fashion_03107.png,6,camisa,0.495280,DDPM,1000
fashion_03108.png,2,pulôver,0.944117,DDPM,1000
fashion_03109.png,8,bolsa,0.580070,DDPM,1000
fashion_03110.png,0,camiseta,0.564011,DDPM,1000
fashion_03111.png,0,camiseta,0.931459,DDPM,1000
fashion_03112.png,4,casaco,0.505659,DDPM,1000
fashion_03113.png,2,pulôver,0.594322,DDPM,1000
fashion_03114.png,0,camiseta,0.987513,DDPM,1000
fashion_03115.png,2,pulôver,0.883543,DDPM,1000
fashion_03116.png,8,bolsa,0.999836,DDPM,1000
fashion_03117.png,6,camisa,0.974458,DDPM,1000
fashion_03118.png,4,casaco,0.539051,DDPM,1000
fashion_03119.png,6,camisa,0.670893,DDPM,1000
fashion_03120.png,6,camisa,0.650720,DDPM,1000
fashion_03121.png,8,bolsa,0.661219,DDPM,1000
fashion_03122.png,0,camiseta,0.957852,DDPM,1000
fashion_03123.png,0,camiseta,0.667107,DDPM,1000
fashion_03124.png,0,camiseta,0.838743,DDPM,1000
fashion_03125.png,0,camiseta,0.792320,DDPM,1000
fashion_03126.png,8,bolsa,0.878849,DDPM,1000
fashion_03127.png,8,bolsa,0.993378,DDPM,1000
fashion_03128.png,3,vestido,0.978993,DDPM,1000
fashion_03129.png,8,bolsa,0.557611,DDPM,1000
fashion_03130.png,2,pulôver,0.937206,DDPM,1000
fashion_03131.png,4,casaco,0.728563,DDPM,1000
fashion_03132.png,8,bolsa,0.848713,DDPM,1000
fashion_03133.png,2,pulôver,0.328987,DDPM,1000
fashion_03134.png,6,camisa,0.703948,DDPM,1000
fashion_03135.png,2,pulôver,0.701462,DDPM,1000
fashion_03136.png,6,camisa,0.515773,DDPM,1000
fashion_03137.png,8,bolsa,0.794088,DDPM,1000
fashion_03138.png,8,bolsa,0.908130,DDPM,1000
fashion_03139.png,2,pulôver,0.579530,DDPM,1000
fashion_03140.png,3,vestido,0.562169,DDPM,1000
fashion_03141.png,6,camisa,0.848774,DDPM,1000
fashion_03142.png,6,camisa,0.593333,DDPM,1000
fashion_03143.png,9,bota,0.492921,DDPM,1000
fashion_03144.png,2,pulôver,0.417115,DDPM,1000
fashion_03145.png,2,pulôver,0.894203,DDPM,1000
fashion_03146.png,6,camisa,0.590329,DDPM,1000
fashion_03147.png,8,bolsa,0.989109,DDPM,1000
fashion_03148.png,0,camiseta,0.750356,DDPM,1000
fashion_03149.png,4,casaco,0.795043,DDPM,1000
fashion_03150.png,8,bolsa,0.508125,DDPM,1000
fashion_03151.png,0,camiseta,0.361405,DDPM,1000
fashion_03152.png,6,camisa,0.847974,DDPM,1000
fashion_03153.png,3,vestido,0.711206,DDPM,1000
fashion_03154.png,0,camiseta,0.420633,DDPM,1000
fashion_03155.png,6,camisa,0.895039,DDPM,1000
fashion_03156.png,6,camisa,0.607327,DDPM,1000
fashion_03157.png,8,bolsa,0.999842,DDPM,1000
fashion_03158.png,6,camisa,0.607051,DDPM,1000
fashion_03159.png,8,bolsa,0.740297,DDPM,1000
fashion_03160.png,6,camisa,0.915378,DDPM,1000
fashion_03161.png,3,vestido,0.548717,DDPM,1000
fashion_03162.png,4,casaco,0.863060,DDPM,1000
fashion_03163.png,2,pulôver,0.483378,DDPM,1000
fashion_03164.png,2,pulôver,0.630847,DDPM,1000
fashion_03165.png,6,camisa,0.445563,DDPM,1000
fashion_03166.png,8,bolsa,0.311243,DDPM,1000
fashion_03167.png,9,bota,0.995030,DDPM,1000
fashion_03168.png,0,camiseta,0.853051,DDPM,1000
fashion_03169.png,0,camiseta,0.301245,DDPM,1000
fashion_03170.png,6,camisa,0.679139,DDPM,1000
fashion_03171.png,2,pulôver,0.703596,DDPM,1000
fashion_03172.png,6,camisa,0.473148,DDPM,1000
fashion_03173.png,4,casaco,0.794560,DDPM,1000
fashion_03174.png,8,bolsa,0.570014,DDPM,1000
fashion_03175.png,8,bolsa,0.944705,DDPM,1000
fashion_03176.png,0,camiseta,0.760276,DDPM,1000
fashion_03177.png,8,bolsa,0.895342,DDPM,1000
fashion_03178.png,6,camisa,0.645134,DDPM,1000
fashion_03179.png,6,camisa,0.958799,DDPM,1000
fashion_03180.png,2,pulôver,0.465983,DDPM,1000
fashion_03181.png,2,pulôver,0.435173,DDPM,1000
fashion_03182.png,4,casaco,0.664641,DDPM,1000
fashion_03183.png,5,sandália,0.789475,DDPM,1000
fashion_03184.png,2,pulôver,0.593877,DDPM,1000
fashion_03185.png,2,pulôver,0.955783,DDPM,1000
fashion_03186.png,0,camiseta,0.858240,DDPM,1000
fashion_03187.png,2,pulôver,0.530096,DDPM,1000
fashion_03188.png,6,camisa,0.463825,DDPM,1000
fashion_03189.png,6,camisa,0.392941,DDPM,1000
fashion_03190.png,0,camiseta,0.477623,DDPM,1000
fashion_03191.png,2,pulôver,0.975942,DDPM,1000
fashion_03192.png,8,bolsa,0.868631,DDPM,1000
fashion_03193.png,4,casaco,0.673346,DDPM,1000
fashion_03194.png,0,camiseta,0.724614,DDPM,1000
fashion_03195.png,6,camisa,0.652848,DDPM,1000
fashion_03196.png,6,camisa,0.991450,DDPM,1000
fashion_03197.png,3,vestido,0.894575,DDPM,1000
fashion_03198.png,2,pulôver,0.836739,DDPM,1000
fashion_03199.png,2,pulôver,0.647422,DDPM,1000
fashion_03200.png,6,camisa,0.866261,DDPM,1000
fashion_03201.png,6,camisa,0.418944,DDPM,1000
fashion_03202.png,0,camiseta,0.558717,DDPM,1000
fashion_03203.png,8,bolsa,0.883727,DDPM,1000
fashion_03204.png,8,bolsa,0.570109,DDPM,1000
fashion_03205.png,8,bolsa,0.627834,DDPM,1000
fashion_03206.png,2,pulôver,0.983538,DDPM,1000
fashion_03207.png,6,camisa,0.576088,DDPM,1000
fashion_03208.png,6,camisa,0.731948,DDPM,1000
fashion_03209.png,4,casaco,0.501058,DDPM,1000
fashion_03210.png,8,bolsa,0.412785,DDPM,1000
fashion_03211.png,6,camisa,0.751098,DDPM,1000
fashion_03212.png,6,camisa,0.367278,DDPM,1000
fashion_03213.png,2,pulôver,0.725672,DDPM,1000
fashion_03214.png,6,camisa,0.438036,DDPM,1000
fashion_03215.png,8,bolsa,0.333504,DDPM,1000
fashion_03216.png,2,pulôver,0.371823,DDPM,1000
fashion_03217.png,0,camiseta,0.850801,DDPM,1000
fashion_03218.png,6,camisa,0.376509,DDPM,1000
fashion_03219.png,8,bolsa,0.890818,DDPM,1000
fashion_03220.png,8,bolsa,0.848402,DDPM,1000
fashion_03221.png,6,camisa,0.690201,DDPM,1000
fashion_03222.png,2,pulôver,0.446137,DDPM,1000
fashion_03223.png,6,camisa,0.712779,DDPM,1000
fashion_03224.png,0,camiseta,0.414696,DDPM,1000
fashion_03225.png,0,camiseta,0.446968,DDPM,1000
fashion_03226.png,4,casaco,0.860811,DDPM,1000
fashion_03227.png,8,bolsa,0.880051,DDPM,1000
fashion_03228.png,0,camiseta,0.995929,DDPM,1000
fashion_03229.png,0,camiseta,0.401344,DDPM,1000
fashion_03230.png,6,camisa,0.938199,DDPM,1000
fashion_03231.png,6,camisa,0.704188,DDPM,1000
fashion_03232.png,8,bolsa,0.459335,DDPM,1000
fashion_03233.png,8,bolsa,0.375019,DDPM,1000
fashion_03234.png,8,bolsa,0.934162,DDPM,1000
fashion_03235.png,4,casaco,0.917661,DDPM,1000
fashion_03236.png,2,pulôver,0.850874,DDPM,1000
fashion_03237.png,0,camiseta,0.905303,DDPM,1000
fashion_03238.png,8,bolsa,0.998890,DDPM,1000
fashion_03239.png,6,camisa,0.975204,DDPM,1000
fashion_03240.png,8,bolsa,0.749507,DDPM,1000
fashion_03241.png,6,camisa,0.939349,DDPM,1000
fashion_03242.png,7,tênis,0.842757,DDPM,1000
fashion_03243.png,2,pulôver,0.367604,DDPM,1000
fashion_03244.png,5,sandália,0.930728,DDPM,1000
fashion_03245.png,4,casaco,0.314340,DDPM,1000
fashion_03246.png,4,casaco,0.685399,DDPM,1000
fashion_03247.png,6,camisa,0.626260,DDPM,1000
fashion_03248.png,1,calça,0.756396,DDPM,1000
fashion_03249.png,6,camisa,0.620127,DDPM,1000
fashion_03250.png,6,camisa,0.460919,DDPM,1000
fashion_03251.png,0,camiseta,0.470880,DDPM,1000
fashion_03252.png,6,camisa,0.707891,DDPM,1000
fashion_03253.png,2,pulôver,0.436968,DDPM,1000
fashion_03254.png,0,camiseta,0.638380,DDPM,1000
fashion_03255.png,8,bolsa,0.858235,DDPM,1000
fashion_03256.png,9,bota,0.856661,DDPM,1000
fashion_03257.png,6,camisa,0.583167,DDPM,1000
fashion_03258.png,2,pulôver,0.561303,DDPM,1000
fashion_03259.png,8,bolsa,0.643848,DDPM,1000
fashion_03260.png,2,pulôver,0.650472,DDPM,1000
fashion_03261.png,3,vestido,0.623882,DDPM,1000
fashion_03262.png,8,bolsa,0.712665,DDPM,1000
fashion_03263.png,6,camisa,0.814264,DDPM,1000
fashion_03264.png,8,bolsa,0.959356,DDPM,1000
fashion_03265.png,0,camiseta,0.999114,DDPM,1000
fashion_03266.png,9,bota,0.719664,DDPM,1000
fashion_03267.png,1,calça,0.449309,DDPM,1000
fashion_03268.png,2,pulôver,0.779969,DDPM,1000
fashion_03269.png,6,camisa,0.950520,DDPM,1000
fashion_03270.png,6,camisa,0.564476,DDPM,1000
fashion_03271.png,2,pulôver,0.839592,DDPM,1000
fashion_03272.png,2,pulôver,0.669270,DDPM,1000
fashion_03273.png,6,camisa,0.530497,DDPM,1000
fashion_03274.png,2,pulôver,0.613338,DDPM,1000
fashion_03275.png,2,pulôver,0.667174,DDPM,1000
fashion_03276.png,6,camisa,0.527176,DDPM,1000
fashion_03277.png,2,pulôver,0.878031,DDPM,1000
fashion_03278.png,6,camisa,0.764563,DDPM,1000
fashion_03279.png,0,camiseta,0.691706,DDPM,1000
fashion_03280.png,8,bolsa,0.949773,DDPM,1000
fashion_03281.png,8,bolsa,0.871251,DDPM,1000
fashion_03282.png,2,pulôver,0.756270,DDPM,1000
fashion_03283.png,8,bolsa,0.918872,DDPM,1000
fashion_03284.png,6,camisa,0.866816,DDPM,1000
fashion_03285.png,2,pulôver,0.410031,DDPM,1000
fashion_03286.png,8,bolsa,0.998943,DDPM,1000
fashion_03287.png,0,camiseta,0.587760,DDPM,1000
fashion_03288.png,6,camisa,0.402131,DDPM,1000
fashion_03289.png,0,camiseta,0.674074,DDPM,1000
fashion_03290.png,6,camisa,0.742191,DDPM,1000
fashion_03291.png,2,pulôver,0.673574,DDPM,1000
fashion_03292.png,8,bolsa,0.984005,DDPM,1000
fashion_03293.png,6,camisa,0.977292,DDPM,1000
fashion_03294.png,6,camisa,0.673067,DDPM,1000
fashion_03295.png,0,camiseta,0.791611,DDPM,1000
fashion_03296.png,6,camisa,0.576401,DDPM,1000
fashion_03297.png,6,camisa,0.380911,DDPM,1000
fashion_03298.png,8,bolsa,0.999874,DDPM,1000
fashion_03299.png,6,camisa,0.420398,DDPM,1000
fashion_03300.png,4,casaco,0.616798,DDPM,1000
fashion_03301.png,6,camisa,0.920407,DDPM,1000
fashion_03302.png,2,pulôver,0.731196,DDPM,1000
fashion_03303.png,6,camisa,0.573495,DDPM,1000
fashion_03304.png,7,tênis,0.893039,DDPM,1000
fashion_03305.png,6,camisa,0.362448,DDPM,1000
fashion_03306.png,6,camisa,0.819005,DDPM,1000
fashion_03307.png,4,casaco,0.930342,DDPM,1000
fashion_03308.png,6,camisa,0.780440,DDPM,1000
fashion_03309.png,3,vestido,0.993368,DDPM,1000
fashion_03310.png,8,bolsa,0.272044,DDPM,1000
fashion_03311.png,2,pulôver,0.959310,DDPM,1000
fashion_03312.png,6,camisa,0.751633,DDPM,1000
fashion_03313.png,6,camisa,0.627950,DDPM,1000
fashion_03314.png,0,camiseta,0.362478,DDPM,1000
fashion_03315.png,6,camisa,0.875308,DDPM,1000
fashion_03316.png,0,camiseta,0.654055,DDPM,1000
fashion_03317.png,9,bota,0.912941,DDPM,1000
fashion_03318.png,1,calça,0.609303,DDPM,1000
fashion_03319.png,6,camisa,0.605923,DDPM,1000
fashion_03320.png,6,camisa,0.556114,DDPM,1000
fashion_03321.png,1,calça,0.732149,DDPM,1000
fashion_03322.png,9,bota,0.799300,DDPM,1000
fashion_03323.png,4,casaco,0.788041,DDPM,1000
fashion_03324.png,6,camisa,0.714568,DDPM,1000
fashion_03325.png,6,camisa,0.406584,DDPM,1000
fashion_03326.png,0,camiseta,0.339598,DDPM,1000
fashion_03327.png,0,camiseta,0.965576,DDPM,1000
fashion_03328.png,9,bota,0.901159,DDPM,1000
fashion_03329.png,4,casaco,0.636283,DDPM,1000
fashion_03330.png,4,casaco,0.768221,DDPM,1000
fashion_03331.png,3,vestido,0.379228,DDPM,1000
fashion_03332.png,0,camiseta,0.997343,DDPM,1000
fashion_03333.png,6,camisa,0.357891,DDPM,1000
fashion_03334.png,6,camisa,0.472098,DDPM,1000
fashion_03335.png,2,pulôver,0.811261,DDPM,1000
fashion_03336.png,0,camiseta,0.936616,DDPM,1000
fashion_03337.png,2,pulôver,0.892633,DDPM,1000
fashion_03338.png,2,pulôver,0.867577,DDPM,1000
fashion_03339.png,8,bolsa,0.903004,DDPM,1000
fashion_03340.png,6,camisa,0.813985,DDPM,1000
fashion_03341.png,8,bolsa,0.957214,DDPM,1000
fashion_03342.png,2,pulôver,0.695342,DDPM,1000
fashion_03343.png,8,bolsa,0.985304,DDPM,1000
fashion_03344.png,0,camiseta,0.888908,DDPM,1000
fashion_03345.png,4,casaco,0.630784,DDPM,1000
fashion_03346.png,8,bolsa,0.879693,DDPM,1000
fashion_03347.png,6,camisa,0.952249,DDPM,1000
fashion_03348.png,8,bolsa,0.848632,DDPM,1000
fashion_03349.png,2,pulôver,0.681056,DDPM,1000
fashion_03350.png,2,pulôver,0.912950,DDPM,1000
fashion_03351.png,6,camisa,0.975466,DDPM,1000
fashion_03352.png,2,pulôver,0.632931,DDPM,1000
fashion_03353.png,2,pulôver,0.440257,DDPM,1000
fashion_03354.png,6,camisa,0.542865,DDPM,1000
fashion_03355.png,8,bolsa,0.713906,DDPM,1000
fashion_03356.png,0,camiseta,0.884159,DDPM,1000
fashion_03357.png,2,pulôver,0.845317,DDPM,1000
fashion_03358.png,1,calça,0.767882,DDPM,1000
fashion_03359.png,6,camisa,0.470135,DDPM,1000
fashion_03360.png,2,pulôver,0.818011,DDPM,1000
fashion_03361.png,6,camisa,0.878373,DDPM,1000
fashion_03362.png,6,camisa,0.706293,DDPM,1000
fashion_03363.png,2,pulôver,0.497229,DDPM,1000
fashion_03364.png,3,vestido,0.357801,DDPM,1000
fashion_03365.png,8,bolsa,0.950188,DDPM,1000
fashion_03366.png,6,camisa,0.540593,DDPM,1000
fashion_03367.png,4,casaco,0.972747,DDPM,1000
fashion_03368.png,6,camisa,0.633765,DDPM,1000
fashion_03369.png,6,camisa,0.920286,DDPM,1000
fashion_03370.png,1,calça,0.573900,DDPM,1000
fashion_03371.png,8,bolsa,0.600009,DDPM,1000
fashion_03372.png,8,bolsa,0.538995,DDPM,1000
fashion_03373.png,2,pulôver,0.907465,DDPM,1000
fashion_03374.png,2,pulôver,0.678583,DDPM,1000
fashion_03375.png,2,pulôver,0.831784,DDPM,1000
fashion_03376.png,4,casaco,0.886243,DDPM,1000
fashion_03377.png,6,camisa,0.788469,DDPM,1000
fashion_03378.png,8,bolsa,0.917277,DDPM,1000
fashion_03379.png,2,pulôver,0.546936,DDPM,1000
fashion_03380.png,0,camiseta,0.436178,DDPM,1000
fashion_03381.png,2,pulôver,0.797373,DDPM,1000
fashion_03382.png,2,pulôver,0.970757,DDPM,1000
fashion_03383.png,0,camiseta,0.697716,DDPM,1000
fashion_03384.png,2,pulôver,0.442765,DDPM,1000
fashion_03385.png,6,camisa,0.718504,DDPM,1000
fashion_03386.png,6,camisa,0.986234,DDPM,1000
fashion_03387.png,2,pulôver,0.264574,DDPM,1000
fashion_03388.png,4,casaco,0.495920,DDPM,1000
fashion_03389.png,0,camiseta,0.722089,DDPM,1000
fashion_03390.png,9,bota,0.479630,DDPM,1000
fashion_03391.png,0,camiseta,0.491791,DDPM,1000
fashion_03392.png,2,pulôver,0.796545,DDPM,1000
fashion_03393.png,6,camisa,0.713656,DDPM,1000
fashion_03394.png,8,bolsa,0.998833,DDPM,1000
fashion_03395.png,6,camisa,0.603770,DDPM,1000
fashion_03396.png,7,tênis,0.664088,DDPM,1000
fashion_03397.png,2,pulôver,0.635342,DDPM,1000
fashion_03398.png,2,pulôver,0.663037,DDPM,1000
fashion_03399.png,6,camisa,0.858075,DDPM,1000
fashion_03400.png,5,sandália,0.700370,DDPM,1000
fashion_03401.png,6,camisa,0.384036,DDPM,1000
fashion_03402.png,0,camiseta,0.371060,DDPM,1000
fashion_03403.png,4,casaco,0.486339,DDPM,1000
fashion_03404.png,2,pulôver,0.921759,DDPM,1000
fashion_03405.png,6,camisa,0.976868,DDPM,1000
fashion_03406.png,4,casaco,0.658920,DDPM,1000
fashion_03407.png,6,camisa,0.482396,DDPM,1000
fashion_03408.png,9,bota,0.977225,DDPM,1000
fashion_03409.png,2,pulôver,0.883137,DDPM,1000
fashion_03410.png,6,camisa,0.885005,DDPM,1000
fashion_03411.png,3,vestido,0.663479,DDPM,1000
fashion_03412.png,6,camisa,0.989659,DDPM,1000
fashion_03413.png,3,vestido,0.511764,DDPM,1000
fashion_03414.png,1,calça,0.721950,DDPM,1000
fashion_03415.png,6,camisa,0.561926,DDPM,1000
fashion_03416.png,2,pulôver,0.883337,DDPM,1000
fashion_03417.png,8,bolsa,0.317271,DDPM,1000
fashion_03418.png,2,pulôver,0.608453,DDPM,1000
fashion_03419.png,2,pulôver,0.647558,DDPM,1000
fashion_03420.png,0,camiseta,0.885202,DDPM,1000
fashion_03421.png,6,camisa,0.801804,DDPM,1000
fashion_03422.png,8,bolsa,0.422852,DDPM,1000
fashion_03423.png,7,tênis,0.814878,DDPM,1000
fashion_03424.png,0,camiseta,0.989399,DDPM,1000
fashion_03425.png,4,casaco,0.598632,DDPM,1000
fashion_03426.png,4,casaco,0.546275,DDPM,1000
fashion_03427.png,8,bolsa,0.991548,DDPM,1000
fashion_03428.png,6,camisa,0.467967,DDPM,1000
fashion_03429.png,2,pulôver,0.405754,DDPM,1000
fashion_03430.png,0,camiseta,0.434972,DDPM,1000
fashion_03431.png,9,bota,0.515992,DDPM,1000
fashion_03432.png,6,camisa,0.652375,DDPM,1000
fashion_03433.png,2,pulôver,0.423470,DDPM,1000
fashion_03434.png,2,pulôver,0.310584,DDPM,1000
fashion_03435.png,6,camisa,0.596189,DDPM,1000
fashion_03436.png,6,camisa,0.511040,DDPM,1000
fashion_03437.png,8,bolsa,0.846880,DDPM,1000
fashion_03438.png,0,camiseta,0.347988,DDPM,1000
fashion_03439.png,2,pulôver,0.976952,DDPM,1000
fashion_03440.png,6,camisa,0.624545,DDPM,1000
fashion_03441.png,6,camisa,0.802535,DDPM,1000
fashion_03442.png,6,camisa,0.750267,DDPM,1000
fashion_03443.png,2,pulôver,0.556735,DDPM,1000
fashion_03444.png,9,bota,0.804731,DDPM,1000
fashion_03445.png,8,bolsa,0.844116,DDPM,1000
fashion_03446.png,6,camisa,0.489634,DDPM,1000
fashion_03447.png,0,camiseta,0.566282,DDPM,1000
fashion_03448.png,2,pulôver,0.595866,DDPM,1000
fashion_03449.png,8,bolsa,0.748905,DDPM,1000
fashion_03450.png,2,pulôver,0.538719,DDPM,1000
fashion_03451.png,0,camiseta,0.766271,DDPM,1000
fashion_03452.png,6,camisa,0.939050,DDPM,1000
fashion_03453.png,8,bolsa,0.526496,DDPM,1000
fashion_03454.png,2,pulôver,0.958525,DDPM,1000
fashion_03455.png,6,camisa,0.720894,DDPM,1000
fashion_03456.png,0,camiseta,0.869273,DDPM,1000
fashion_03457.png,2,pulôver,0.683357,DDPM,1000
fashion_03458.png,7,tênis,0.821476,DDPM,1000
fashion_03459.png,2,pulôver,0.363987,DDPM,1000
fashion_03460.png,6,camisa,0.969352,DDPM,1000
fashion_03461.png,5,sandália,0.999696,DDPM,1000
fashion_03462.png,6,camisa,0.962562,DDPM,1000
fashion_03463.png,6,camisa,0.844112,DDPM,1000
fashion_03464.png,6,camisa,0.869335,DDPM,1000
fashion_03465.png,2,pulôver,0.508174,DDPM,1000
fashion_03466.png,6,camisa,0.878766,DDPM,1000
fashion_03467.png,8,bolsa,0.439484,DDPM,1000
fashion_03468.png,6,camisa,0.789333,DDPM,1000
fashion_03469.png,2,pulôver,0.937444,DDPM,1000
fashion_03470.png,0,camiseta,0.541884,DDPM,1000
fashion_03471.png,2,pulôver,0.417447,DDPM,1000
fashion_03472.png,2,pulôver,0.643371,DDPM,1000
fashion_03473.png,8,bolsa,0.515964,DDPM,1000
fashion_03474.png,2,pulôver,0.902912,DDPM,1000
fashion_03475.png,8,bolsa,0.820509,DDPM,1000
fashion_03476.png,0,camiseta,0.531906,DDPM,1000
fashion_03477.png,2,pulôver,0.522224,DDPM,1000
fashion_03478.png,6,camisa,0.542134,DDPM,1000
fashion_03479.png,8,bolsa,0.983809,DDPM,1000
fashion_03480.png,2,pulôver,0.637415,DDPM,1000
fashion_03481.png,0,camiseta,0.742619,DDPM,1000
fashion_03482.png,6,camisa,0.826581,DDPM,1000
fashion_03483.png,8,bolsa,0.939755,DDPM,1000
fashion_03484.png,4,casaco,0.711952,DDPM,1000
fashion_03485.png,2,pulôver,0.488723,DDPM,1000
fashion_03486.png,5,sandália,0.517679,DDPM,1000
fashion_03487.png,3,vestido,0.701968,DDPM,1000
fashion_03488.png,0,camiseta,0.512900,DDPM,1000
fashion_03489.png,4,casaco,0.466534,DDPM,1000
fashion_03490.png,2,pulôver,0.852702,DDPM,1000
fashion_03491.png,8,bolsa,0.560802,DDPM,1000
fashion_03492.png,4,casaco,0.492113,DDPM,1000
fashion_03493.png,2,pulôver,0.506726,DDPM,1000
fashion_03494.png,0,camiseta,0.334272,DDPM,1000
fashion_03495.png,4,casaco,0.493394,DDPM,1000
fashion_03496.png,8,bolsa,0.577876,DDPM,1000
fashion_03497.png,3,vestido,0.254585,DDPM,1000
fashion_03498.png,9,bota,0.789128,DDPM,1000
fashion_03499.png,2,pulôver,0.283879,DDPM,1000
fashion_03500.png,6,camisa,0.561301,DDPM,1000
fashion_03501.png,6,camisa,0.862878,DDPM,1000
fashion_03502.png,4,casaco,0.936274,DDPM,1000
fashion_03503.png,6,camisa,0.657976,DDPM,1000
fashion_03504.png,6,camisa,0.761482,DDPM,1000
fashion_03505.png,6,camisa,0.990779,DDPM,1000
fashion_03506.png,0,camiseta,0.354159,DDPM,1000
fashion_03507.png,6,camisa,0.867352,DDPM,1000
fashion_03508.png,3,vestido,0.467731,DDPM,1000
fashion_03509.png,6,camisa,0.603423,DDPM,1000
fashion_03510.png,3,vestido,0.984078,DDPM,1000
fashion_03511.png,0,camiseta,0.563456,DDPM,1000
fashion_03512.png,0,camiseta,0.414673,DDPM,1000
fashion_03513.png,8,bolsa,0.974839,DDPM,1000
fashion_03514.png,8,bolsa,0.964337,DDPM,1000
fashion_03515.png,4,casaco,0.738299,DDPM,1000
fashion_03516.png,2,pulôver,0.505062,DDPM,1000
fashion_03517.png,2,pulôver,0.960763,DDPM,1000
fashion_03518.png,6,camisa,0.448307,DDPM,1000
fashion_03519.png,4,casaco,0.321950,DDPM,1000
fashion_03520.png,5,sandália,0.660079,DDPM,1000
fashion_03521.png,6,camisa,0.478144,DDPM,1000
fashion_03522.png,0,camiseta,0.946346,DDPM,1000
fashion_03523.png,8,bolsa,0.624438,DDPM,1000
fashion_03524.png,3,vestido,0.601064,DDPM,1000
fashion_03525.png,2,pulôver,0.800850,DDPM,1000
fashion_03526.png,6,camisa,0.677850,DDPM,1000
fashion_03527.png,2,pulôver,0.904603,DDPM,1000
fashion_03528.png,6,camisa,0.745880,DDPM,1000
fashion_03529.png,6,camisa,0.565730,DDPM,1000
fashion_03530.png,6,camisa,0.967586,DDPM,1000
fashion_03531.png,8,bolsa,0.534637,DDPM,1000
fashion_03532.png,4,casaco,0.676645,DDPM,1000
fashion_03533.png,8,bolsa,0.856550,DDPM,1000
fashion_03534.png,4,casaco,0.659854,DDPM,1000
fashion_03535.png,0,camiseta,0.475586,DDPM,1000
fashion_03536.png,2,pulôver,0.644535,DDPM,1000
fashion_03537.png,4,casaco,0.814128,DDPM,1000
fashion_03538.png,6,camisa,0.666824,DDPM,1000
fashion_03539.png,9,bota,0.933831,DDPM,1000
fashion_03540.png,0,camiseta,0.615120,DDPM,1000
fashion_03541.png,0,camiseta,0.445293,DDPM,1000
fashion_03542.png,8,bolsa,0.977843,DDPM,1000
fashion_03543.png,9,bota,0.619121,DDPM,1000
fashion_03544.png,8,bolsa,0.834229,DDPM,1000
fashion_03545.png,2,pulôver,0.369888,DDPM,1000
fashion_03546.png,2,pulôver,0.853179,DDPM,1000
fashion_03547.png,0,camiseta,0.635498,DDPM,1000
fashion_03548.png,8,bolsa,0.965748,DDPM,1000
fashion_03549.png,3,vestido,0.763950,DDPM,1000
fashion_03550.png,6,camisa,0.511709,DDPM,1000
fashion_03551.png,8,bolsa,0.520406,DDPM,1000
fashion_03552.png,6,camisa,0.509413,DDPM,1000
fashion_03553.png,6,camisa,0.973503,DDPM,1000
fashion_03554.png,2,pulôver,0.676788,DDPM,1000
fashion_03555.png,8,bolsa,0.997003,DDPM,1000
fashion_03556.png,0,camiseta,0.537391,DDPM,1000
fashion_03557.png,0,camiseta,0.544718,DDPM,1000
fashion_03558.png,8,bolsa,0.328083,DDPM,1000
fashion_03559.png,8,bolsa,0.844209,DDPM,1000
fashion_03560.png,4,casaco,0.882901,DDPM,1000
fashion_03561.png,6,camisa,0.794372,DDPM,1000
fashion_03562.png,2,pulôver,0.915757,DDPM,1000
fashion_03563.png,2,pulôver,0.559943,DDPM,1000
fashion_03564.png,8,bolsa,0.630503,DDPM,1000
fashion_03565.png,6,camisa,0.736988,DDPM,1000
fashion_03566.png,0,camiseta,0.479181,DDPM,1000
fashion_03567.png,2,pulôver,0.751558,DDPM,1000
fashion_03568.png,0,camiseta,0.344012,DDPM,1000
fashion_03569.png,6,camisa,0.956414,DDPM,1000
fashion_03570.png,6,camisa,0.555300,DDPM,1000
fashion_03571.png,2,pulôver,0.864182,DDPM,1000
fashion_03572.png,6,camisa,0.555348,DDPM,1000
fashion_03573.png,8,bolsa,0.787057,DDPM,1000
fashion_03574.png,2,pulôver,0.503703,DDPM,1000
fashion_03575.png,6,camisa,0.706759,DDPM,1000
fashion_03576.png,6,camisa,0.969516,DDPM,1000
fashion_03577.png,2,pulôver,0.865285,DDPM,1000
fashion_03578.png,2,pulôver,0.538737,DDPM,1000
fashion_03579.png,2,pulôver,0.632641,DDPM,1000
fashion_03580.png,2,pulôver,0.638033,DDPM,1000
fashion_03581.png,6,camisa,0.937639,DDPM,1000
fashion_03582.png,8,bolsa,0.430884,DDPM,1000
fashion_03583.png,2,pulôver,0.540167,DDPM,1000
fashion_03584.png,5,sandália,0.986409,DDPM,1000
fashion_03585.png,6,camisa,0.498368,DDPM,1000
fashion_03586.png,0,camiseta,0.705794,DDPM,1000
fashion_03587.png,2,pulôver,0.572385,DDPM,1000
fashion_03588.png,8,bolsa,0.907611,DDPM,1000
fashion_03589.png,6,camisa,0.733373,DDPM,1000
fashion_03590.png,6,camisa,0.910309,DDPM,1000
fashion_03591.png,4,casaco,0.349467,DDPM,1000
fashion_03592.png,2,pulôver,0.920465,DDPM,1000
fashion_03593.png,2,pulôver,0.793642,DDPM,1000
fashion_03594.png,6,camisa,0.592564,DDPM,1000
fashion_03595.png,4,casaco,0.515286,DDPM,1000
fashion_03596.png,0,camiseta,0.902570,DDPM,1000
fashion_03597.png,4,casaco,0.790263,DDPM,1000
fashion_03598.png,2,pulôver,0.441953,DDPM,1000
fashion_03599.png,9,bota,0.771916,DDPM,1000
fashion_03600.png,0,camiseta,0.957983,DDPM,1000
fashion_03601.png,3,vestido,0.439450,DDPM,1000
fashion_03602.png,6,camisa,0.859694,DDPM,1000
fashion_03603.png,0,camiseta,0.859902,DDPM,1000
fashion_03604.png,8,bolsa,0.663930,DDPM,1000
fashion_03605.png,9,bota,0.998571,DDPM,1000
fashion_03606.png,7,tênis,0.695579,DDPM,1000
fashion_03607.png,6,camisa,0.808886,DDPM,1000
fashion_03608.png,3,vestido,0.968635,DDPM,1000
fashion_03609.png,6,camisa,0.859260,DDPM,1000
fashion_03610.png,8,bolsa,0.996910,DDPM,1000
fashion_03611.png,8,bolsa,0.830764,DDPM,1000
fashion_03612.png,6,camisa,0.395753,DDPM,1000
fashion_03613.png,8,bolsa,0.663153,DDPM,1000
fashion_03614.png,8,bolsa,0.998960,DDPM,1000
fashion_03615.png,6,camisa,0.464627,DDPM,1000
fashion_03616.png,6,camisa,0.983052,DDPM,1000
fashion_03617.png,2,pulôver,0.568835,DDPM,1000
fashion_03618.png,6,camisa,0.395105,DDPM,1000
fashion_03619.png,2,pulôver,0.880459,DDPM,1000
fashion_03620.png,8,bolsa,0.976120,DDPM,1000
fashion_03621.png,6,camisa,0.861060,DDPM,1000
fashion_03622.png,6,camisa,0.689720,DDPM,1000
fashion_03623.png,2,pulôver,0.677653,DDPM,1000
fashion_03624.png,5,sandália,0.744391,DDPM,1000
fashion_03625.png,6,camisa,0.816918,DDPM,1000
fashion_03626.png,7,tênis,0.999224,DDPM,1000
fashion_03627.png,3,vestido,0.966265,DDPM,1000
fashion_03628.png,2,pulôver,0.267998,DDPM,1000
fashion_03629.png,0,camiseta,0.620305,DDPM,1000
fashion_03630.png,8,bolsa,0.980611,DDPM,1000
fashion_03631.png,4,casaco,0.740931,DDPM,1000
fashion_03632.png,9,bota,0.819203,DDPM,1000
fashion_03633.png,6,camisa,0.760277,DDPM,1000
fashion_03634.png,6,camisa,0.814331,DDPM,1000
fashion_03635.png,8,bolsa,0.467411,DDPM,1000
fashion_03636.png,4,casaco,0.471328,DDPM,1000
fashion_03637.png,3,vestido,0.998307,DDPM,1000
fashion_03638.png,6,camisa,0.890664,DDPM,1000
fashion_03639.png,6,camisa,0.830374,DDPM,1000
fashion_03640.png,4,casaco,0.729832,DDPM,1000
fashion_03641.png,2,pulôver,0.689778,DDPM,1000
fashion_03642.png,6,camisa,0.867401,DDPM,1000
fashion_03643.png,2,pulôver,0.964841,DDPM,1000
fashion_03644.png,6,camisa,0.453987,DDPM,1000
fashion_03645.png,2,pulôver,0.572245,DDPM,1000
fashion_03646.png,8,bolsa,0.929059,DDPM,1000
fashion_03647.png,0,camiseta,0.364312,DDPM,1000
fashion_03648.png,6,camisa,0.593778,DDPM,1000
fashion_03649.png,8,bolsa,0.924601,DDPM,1000
fashion_03650.png,1,calça,0.647771,DDPM,1000
fashion_03651.png,6,camisa,0.234745,DDPM,1000
fashion_03652.png,4,casaco,0.775744,DDPM,1000
fashion_03653.png,6,camisa,0.316592,DDPM,1000
fashion_03654.png,6,camisa,0.381735,DDPM,1000
fashion_03655.png,0,camiseta,0.940873,DDPM,1000
fashion_03656.png,9,bota,0.863794,DDPM,1000
fashion_03657.png,9,bota,0.914101,DDPM,1000
fashion_03658.png,6,camisa,0.710991,DDPM,1000
fashion_03659.png,6,camisa,0.616104,DDPM,1000
fashion_03660.png,2,pulôver,0.989089,DDPM,1000
fashion_03661.png,6,camisa,0.925994,DDPM,1000
fashion_03662.png,6,camisa,0.961476,DDPM,1000
fashion_03663.png,6,camisa,0.434507,DDPM,1000
fashion_03664.png,2,pulôver,0.936179,DDPM,1000
fashion_03665.png,8,bolsa,0.872044,DDPM,1000
fashion_03666.png,9,bota,0.990770,DDPM,1000
fashion_03667.png,8,bolsa,0.793860,DDPM,1000
fashion_03668.png,9,bota,0.954520,DDPM,1000
fashion_03669.png,6,camisa,0.839139,DDPM,1000
fashion_03670.png,8,bolsa,0.982182,DDPM,1000
fashion_03671.png,8,bolsa,0.832711,DDPM,1000
fashion_03672.png,3,vestido,0.620034,DDPM,1000
fashion_03673.png,8,bolsa,0.996422,DDPM,1000
fashion_03674.png,6,camisa,0.616307,DDPM,1000
fashion_03675.png,6,camisa,0.681098,DDPM,1000
fashion_03676.png,8,bolsa,0.810017,DDPM,1000
fashion_03677.png,0,camiseta,0.381166,DDPM,1000
fashion_03678.png,6,camisa,0.777588,DDPM,1000
fashion_03679.png,6,camisa,0.641987,DDPM,1000
fashion_03680.png,8,bolsa,0.342975,DDPM,1000
fashion_03681.png,9,bota,0.603281,DDPM,1000
fashion_03682.png,3,vestido,0.401755,DDPM,1000
fashion_03683.png,6,camisa,0.363827,DDPM,1000
fashion_03684.png,7,tênis,0.525082,DDPM,1000
fashion_03685.png,8,bolsa,0.994942,DDPM,1000
fashion_03686.png,8,bolsa,0.600556,DDPM,1000
fashion_03687.png,8,bolsa,0.882060,DDPM,1000
fashion_03688.png,6,camisa,0.984180,DDPM,1000
fashion_03689.png,3,vestido,0.793661,DDPM,1000
fashion_03690.png,4,casaco,0.498113,DDPM,1000
fashion_03691.png,5,sandália,0.949584,DDPM,1000
fashion_03692.png,8,bolsa,0.545788,DDPM,1000
fashion_03693.png,0,camiseta,0.596716,DDPM,1000
fashion_03694.png,6,camisa,0.359886,DDPM,1000
fashion_03695.png,0,camiseta,0.685133,DDPM,1000
fashion_03696.png,4,casaco,0.666062,DDPM,1000
fashion_03697.png,0,camiseta,0.857461,DDPM,1000
fashion_03698.png,5,sandália,0.998168,DDPM,1000
fashion_03699.png,6,camisa,0.656433,DDPM,1000
fashion_03700.png,2,pulôver,0.796711,DDPM,1000
fashion_03701.png,8,bolsa,0.895746,DDPM,1000
fashion_03702.png,4,casaco,0.405794,DDPM,1000
fashion_03703.png,6,camisa,0.911327,DDPM,1000
fashion_03704.png,8,bolsa,0.999991,DDPM,1000
fashion_03705.png,0,camiseta,0.963178,DDPM,1000
fashion_03706.png,2,pulôver,0.548724,DDPM,1000
fashion_03707.png,6,camisa,0.551124,DDPM,1000
fashion_03708.png,0,camiseta,0.787828,DDPM,1000
fashion_03709.png,0,camiseta,0.843651,DDPM,1000
fashion_03710.png,2,pulôver,0.508930,DDPM,1000
fashion_03711.png,4,casaco,0.554579,DDPM,1000
fashion_03712.png,2,pulôver,0.543639,DDPM,1000
fashion_03713.png,8,bolsa,0.987473,DDPM,1000
fashion_03714.png,8,bolsa,0.891852,DDPM,1000
fashion_03715.png,6,camisa,0.335611,DDPM,1000
fashion_03716.png,2,pulôver,0.458920,DDPM,1000
fashion_03717.png,0,camiseta,0.762678,DDPM,1000
fashion_03718.png,6,camisa,0.397822,DDPM,1000
fashion_03719.png,1,calça,0.868036,DDPM,1000
fashion_03720.png,8,bolsa,0.993847,DDPM,1000
fashion_03721.png,2,pulôver,0.876592,DDPM,1000
fashion_03722.png,6,camisa,0.560154,DDPM,1000
fashion_03723.png,6,camisa,0.711491,DDPM,1000
fashion_03724.png,4,casaco,0.486949,DDPM,1000
fashion_03725.png,8,bolsa,0.936815,DDPM,1000
fashion_03726.png,2,pulôver,0.365608,DDPM,1000
fashion_03727.png,4,casaco,0.527465,DDPM,1000
fashion_03728.png,3,vestido,0.287448,DDPM,1000
fashion_03729.png,0,camiseta,0.897379,DDPM,1000
fashion_03730.png,2,pulôver,0.408605,DDPM,1000
fashion_03731.png,9,bota,0.521133,DDPM,1000
fashion_03732.png,8,bolsa,0.867063,DDPM,1000
fashion_03733.png,7,tênis,0.541868,DDPM,1000
fashion_03734.png,4,casaco,0.501788,DDPM,1000
fashion_03735.png,2,pulôver,0.807015,DDPM,1000
fashion_03736.png,6,camisa,0.750616,DDPM,1000
fashion_03737.png,8,bolsa,0.978829,DDPM,1000
fashion_03738.png,6,camisa,0.616943,DDPM,1000
fashion_03739.png,4,casaco,0.550821,DDPM,1000
fashion_03740.png,2,pulôver,0.765779,DDPM,1000
fashion_03741.png,6,camisa,0.888286,DDPM,1000
fashion_03742.png,2,pulôver,0.412179,DDPM,1000
fashion_03743.png,0,camiseta,0.869819,DDPM,1000
fashion_03744.png,8,bolsa,0.769135,DDPM,1000
fashion_03745.png,1,calça,0.962630,DDPM,1000
fashion_03746.png,6,camisa,0.714729,DDPM,1000
fashion_03747.png,3,vestido,0.723572,DDPM,1000
fashion_03748.png,6,camisa,0.922026,DDPM,1000
fashion_03749.png,4,casaco,0.879537,DDPM,1000
fashion_03750.png,1,calça,0.823776,DDPM,1000
fashion_03751.png,8,bolsa,0.956535,DDPM,1000
fashion_03752.png,0,camiseta,0.527608,DDPM,1000
fashion_03753.png,0,camiseta,0.483227,DDPM,1000
fashion_03754.png,2,pulôver,0.896483,DDPM,1000
fashion_03755.png,2,pulôver,0.496203,DDPM,1000
fashion_03756.png,2,pulôver,0.599317,DDPM,1000
fashion_03757.png,6,camisa,0.904426,DDPM,1000
fashion_03758.png,8,bolsa,0.648760,DDPM,1000
fashion_03759.png,2,pulôver,0.422312,DDPM,1000
fashion_03760.png,2,pulôver,0.740440,DDPM,1000
fashion_03761.png,6,camisa,0.594059,DDPM,1000
fashion_03762.png,2,pulôver,0.781242,DDPM,1000
fashion_03763.png,4,casaco,0.899850,DDPM,1000
fashion_03764.png,6,camisa,0.796529,DDPM,1000
fashion_03765.png,8,bolsa,0.562878,DDPM,1000
fashion_03766.png,7,tênis,0.466968,DDPM,1000
fashion_03767.png,8,bolsa,0.440293,DDPM,1000
fashion_03768.png,2,pulôver,0.702215,DDPM,1000
fashion_03769.png,4,casaco,0.551225,DDPM,1000
fashion_03770.png,4,casaco,0.806927,DDPM,1000
fashion_03771.png,9,bota,0.808174,DDPM,1000
fashion_03772.png,8,bolsa,0.900215,DDPM,1000
fashion_03773.png,6,camisa,0.869753,DDPM,1000
fashion_03774.png,0,camiseta,0.967373,DDPM,1000
fashion_03775.png,0,camiseta,0.578882,DDPM,1000
fashion_03776.png,4,casaco,0.555598,DDPM,1000
fashion_03777.png,8,bolsa,0.979639,DDPM,1000
fashion_03778.png,2,pulôver,0.882749,DDPM,1000
fashion_03779.png,8,bolsa,0.563821,DDPM,1000
fashion_03780.png,6,camisa,0.994995,DDPM,1000
fashion_03781.png,8,bolsa,0.999983,DDPM,1000
fashion_03782.png,6,camisa,0.339502,DDPM,1000
fashion_03783.png,5,sandália,0.764925,DDPM,1000
fashion_03784.png,8,bolsa,0.534889,DDPM,1000
fashion_03785.png,6,camisa,0.522472,DDPM,1000
fashion_03786.png,4,casaco,0.604333,DDPM,1000
fashion_03787.png,6,camisa,0.970516,DDPM,1000
fashion_03788.png,6,camisa,0.683368,DDPM,1000
fashion_03789.png,6,camisa,0.435540,DDPM,1000
fashion_03790.png,0,camiseta,0.389999,DDPM,1000
fashion_03791.png,6,camisa,0.809493,DDPM,1000
fashion_03792.png,8,bolsa,0.383338,DDPM,1000
fashion_03793.png,2,pulôver,0.677695,DDPM,1000
fashion_03794.png,1,calça,0.999819,DDPM,1000
fashion_03795.png,2,pulôver,0.786915,DDPM,1000
fashion_03796.png,2,pulôver,0.592609,DDPM,1000
fashion_03797.png,6,camisa,0.635082,DDPM,1000
fashion_03798.png,6,camisa,0.693402,DDPM,1000
fashion_03799.png,5,sandália,0.479995,DDPM,1000
fashion_03800.png,0,camiseta,0.890994,DDPM,1000
fashion_03801.png,3,vestido,0.625276,DDPM,1000
fashion_03802.png,8,bolsa,0.341298,DDPM,1000
fashion_03803.png,4,casaco,0.633996,DDPM,1000
fashion_03804.png,8,bolsa,0.924322,DDPM,1000
fashion_03805.png,4,casaco,0.921767,DDPM,1000
fashion_03806.png,6,camisa,0.854532,DDPM,1000
fashion_03807.png,2,pulôver,0.947549,DDPM,1000
fashion_03808.png,6,camisa,0.843710,DDPM,1000
fashion_03809.png,2,pulôver,0.961572,DDPM,1000
fashion_03810.png,4,casaco,0.858709,DDPM,1000
fashion_03811.png,0,camiseta,0.626218,DDPM,1000
fashion_03812.png,6,camisa,0.558301,DDPM,1000
fashion_03813.png,0,camiseta,0.451398,DDPM,1000
fashion_03814.png,2,pulôver,0.715208,DDPM,1000
fashion_03815.png,6,camisa,0.593714,DDPM,1000
fashion_03816.png,8,bolsa,0.704640,DDPM,1000
fashion_03817.png,2,pulôver,0.981629,DDPM,1000
fashion_03818.png,4,casaco,0.984507,DDPM,1000
fashion_03819.png,2,pulôver,0.972690,DDPM,1000
fashion_03820.png,5,sandália,0.928521,DDPM,1000
fashion_03821.png,3,vestido,0.475825,DDPM,1000
fashion_03822.png,4,casaco,0.747795,DDPM,1000
fashion_03823.png,6,camisa,0.974767,DDPM,1000
fashion_03824.png,7,tênis,0.716182,DDPM,1000
fashion_03825.png,8,bolsa,0.653070,DDPM,1000
fashion_03826.png,2,pulôver,0.927679,DDPM,1000
fashion_03827.png,6,camisa,0.947651,DDPM,1000
fashion_03828.png,6,camisa,0.645871,DDPM,1000
fashion_03829.png,2,pulôver,0.973155,DDPM,1000
fashion_03830.png,6,camisa,0.567933,DDPM,1000
fashion_03831.png,2,pulôver,0.598147,DDPM,1000
fashion_03832.png,6,camisa,0.648210,DDPM,1000
fashion_03833.png,6,camisa,0.385667,DDPM,1000
fashion_03834.png,9,bota,0.259827,DDPM,1000
fashion_03835.png,3,vestido,0.840024,DDPM,1000
fashion_03836.png,4,casaco,0.442109,DDPM,1000
fashion_03837.png,3,vestido,0.895082,DDPM,1000
fashion_03838.png,0,camiseta,0.625274,DDPM,1000
fashion_03839.png,6,camisa,0.583216,DDPM,1000
fashion_03840.png,0,camiseta,0.975705,DDPM,1000
fashion_03841.png,6,camisa,0.504939,DDPM,1000
fashion_03842.png,3,vestido,0.955852,DDPM,1000
fashion_03843.png,4,casaco,0.673240,DDPM,1000
fashion_03844.png,3,vestido,0.649932,DDPM,1000
fashion_03845.png,6,camisa,0.819638,DDPM,1000
fashion_03846.png,6,camisa,0.488849,DDPM,1000
fashion_03847.png,6,camisa,0.396263,DDPM,1000
fashion_03848.png,2,pulôver,0.796715,DDPM,1000
fashion_03849.png,2,pulôver,0.480637,DDPM,1000
fashion_03850.png,6,camisa,0.949547,DDPM,1000
fashion_03851.png,6,camisa,0.773673,DDPM,1000
fashion_03852.png,0,camiseta,0.893058,DDPM,1000
fashion_03853.png,2,pulôver,0.666805,DDPM,1000
fashion_03854.png,0,camiseta,0.485126,DDPM,1000
fashion_03855.png,0,camiseta,0.981657,DDPM,1000
fashion_03856.png,2,pulôver,0.608583,DDPM,1000
fashion_03857.png,0,camiseta,0.504753,DDPM,1000
fashion_03858.png,3,vestido,0.348462,DDPM,1000
fashion_03859.png,6,camisa,0.967285,DDPM,1000
fashion_03860.png,2,pulôver,0.472958,DDPM,1000
fashion_03861.png,6,camisa,0.921504,DDPM,1000
fashion_03862.png,1,calça,0.947352,DDPM,1000
fashion_03863.png,0,camiseta,0.756553,DDPM,1000
fashion_03864.png,6,camisa,0.418795,DDPM,1000
fashion_03865.png,6,camisa,0.920980,DDPM,1000
fashion_03866.png,7,tênis,0.669896,DDPM,1000
fashion_03867.png,2,pulôver,0.428895,DDPM,1000
fashion_03868.png,6,camisa,0.635759,DDPM,1000
fashion_03869.png,3,vestido,0.505451,DDPM,1000
fashion_03870.png,2,pulôver,0.679496,DDPM,1000
fashion_03871.png,2,pulôver,0.638689,DDPM,1000
fashion_03872.png,8,bolsa,0.609639,DDPM,1000
fashion_03873.png,8,bolsa,0.325308,DDPM,1000
fashion_03874.png,6,camisa,0.532103,DDPM,1000
fashion_03875.png,6,camisa,0.657404,DDPM,1000
fashion_03876.png,2,pulôver,0.499259,DDPM,1000
fashion_03877.png,4,casaco,0.817959,DDPM,1000
fashion_03878.png,8,bolsa,0.522076,DDPM,1000
fashion_03879.png,6,camisa,0.863516,DDPM,1000
fashion_03880.png,0,camiseta,0.314889,DDPM,1000
fashion_03881.png,4,casaco,0.609514,DDPM,1000
fashion_03882.png,7,tênis,0.484641,DDPM,1000
fashion_03883.png,8,bolsa,0.986604,DDPM,1000
fashion_03884.png,2,pulôver,0.503512,DDPM,1000
fashion_03885.png,2,pulôver,0.516888,DDPM,1000
fashion_03886.png,8,bolsa,0.888655,DDPM,1000
fashion_03887.png,2,pulôver,0.796591,DDPM,1000
fashion_03888.png,6,camisa,0.518461,DDPM,1000
fashion_03889.png,3,vestido,0.849069,DDPM,1000
fashion_03890.png,4,casaco,0.443852,DDPM,1000
fashion_03891.png,2,pulôver,0.665821,DDPM,1000
fashion_03892.png,6,camisa,0.472348,DDPM,1000
fashion_03893.png,6,camisa,0.578346,DDPM,1000
fashion_03894.png,6,camisa,0.774611,DDPM,1000
fashion_03895.png,8,bolsa,0.437445,DDPM,1000
fashion_03896.png,0,camiseta,0.606496,DDPM,1000
fashion_03897.png,2,pulôver,0.455487,DDPM,1000
fashion_03898.png,6,camisa,0.626296,DDPM,1000
fashion_03899.png,2,pulôver,0.977991,DDPM,1000
fashion_03900.png,0,camiseta,0.429011,DDPM,1000
fashion_03901.png,3,vestido,0.402763,DDPM,1000
fashion_03902.png,0,camiseta,0.644603,DDPM,1000
fashion_03903.png,2,pulôver,0.730929,DDPM,1000
fashion_03904.png,4,casaco,0.790093,DDPM,1000
fashion_03905.png,6,camisa,0.840192,DDPM,1000
fashion_03906.png,6,camisa,0.629005,DDPM,1000
fashion_03907.png,0,camiseta,0.942796,DDPM,1000
fashion_03908.png,4,casaco,0.872118,DDPM,1000
fashion_03909.png,6,camisa,0.451637,DDPM,1000
fashion_03910.png,2,pulôver,0.750939,DDPM,1000
fashion_03911.png,0,camiseta,0.806555,DDPM,1000
fashion_03912.png,2,pulôver,0.769273,DDPM,1000
fashion_03913.png,4,casaco,0.355464,DDPM,1000
fashion_03914.png,8,bolsa,0.463236,DDPM,1000
fashion_03915.png,3,vestido,0.666684,DDPM,1000
fashion_03916.png,6,camisa,0.980907,DDPM,1000
fashion_03917.png,6,camisa,0.634758,DDPM,1000
fashion_03918.png,6,camisa,0.958993,DDPM,1000
fashion_03919.png,0,camiseta,0.498965,DDPM,1000
fashion_03920.png,6,camisa,0.829507,DDPM,1000
fashion_03921.png,8,bolsa,0.606317,DDPM,1000
fashion_03922.png,6,camisa,0.507218,DDPM,1000
fashion_03923.png,2,pulôver,0.604619,DDPM,1000
fashion_03924.png,6,camisa,0.742468,DDPM,1000
fashion_03925.png,4,casaco,0.591504,DDPM,1000
fashion_03926.png,2,pulôver,0.485789,DDPM,1000
fashion_03927.png,2,pulôver,0.941356,DDPM,1000
fashion_03928.png,2,pulôver,0.702730,DDPM,1000
fashion_03929.png,0,camiseta,0.426542,DDPM,1000
fashion_03930.png,4,casaco,0.749417,DDPM,1000
fashion_03931.png,0,camiseta,0.533076,DDPM,1000
fashion_03932.png,0,camiseta,0.357898,DDPM,1000
fashion_03933.png,8,bolsa,0.501366,DDPM,1000
fashion_03934.png,8,bolsa,0.592827,DDPM,1000
fashion_03935.png,8,bolsa,0.950907,DDPM,1000
fashion_03936.png,8,bolsa,0.826688,DDPM,1000
fashion_03937.png,2,pulôver,0.452453,DDPM,1000
fashion_03938.png,6,camisa,0.902696,DDPM,1000
fashion_03939.png,0,camiseta,0.937209,DDPM,1000
fashion_03940.png,3,vestido,0.632738,DDPM,1000
fashion_03941.png,2,pulôver,0.612978,DDPM,1000
fashion_03942.png,6,camisa,0.853717,DDPM,1000
fashion_03943.png,2,pulôver,0.738408,DDPM,1000
fashion_03944.png,0,camiseta,0.467829,DDPM,1000
fashion_03945.png,8,bolsa,0.862232,DDPM,1000
fashion_03946.png,8,bolsa,0.855077,DDPM,1000
fashion_03947.png,6,camisa,0.580539,DDPM,1000
fashion_03948.png,8,bolsa,0.378522,DDPM,1000
fashion_03949.png,0,camiseta,0.466002,DDPM,1000
fashion_03950.png,8,bolsa,0.766177,DDPM,1000
fashion_03951.png,6,camisa,0.618300,DDPM,1000
fashion_03952.png,8,bolsa,0.949720,DDPM,1000
fashion_03953.png,8,bolsa,0.673186,DDPM,1000
fashion_03954.png,0,camiseta,0.513401,DDPM,1000
fashion_03955.png,2,pulôver,0.371457,DDPM,1000
fashion_03956.png,8,bolsa,0.986282,DDPM,1000
fashion_03957.png,0,camiseta,0.705089,DDPM,1000
fashion_03958.png,6,camisa,0.330473,DDPM,1000
fashion_03959.png,0,camiseta,0.363699,DDPM,1000
fashion_03960.png,2,pulôver,0.962699,DDPM,1000
fashion_03961.png,8,bolsa,0.884872,DDPM,1000
fashion_03962.png,8,bolsa,0.973126,DDPM,1000
fashion_03963.png,0,camiseta,0.512916,DDPM,1000
fashion_03964.png,8,bolsa,0.296211,DDPM,1000
fashion_03965.png,6,camisa,0.589459,DDPM,1000
fashion_03966.png,6,camisa,0.892534,DDPM,1000
fashion_03967.png,4,casaco,0.587023,DDPM,1000
fashion_03968.png,2,pulôver,0.611885,DDPM,1000
fashion_03969.png,3,vestido,0.459503,DDPM,1000
fashion_03970.png,6,camisa,0.389228,DDPM,1000
fashion_03971.png,6,camisa,0.660257,DDPM,1000
fashion_03972.png,2,pulôver,0.379065,DDPM,1000
fashion_03973.png,8,bolsa,0.805479,DDPM,1000
fashion_03974.png,2,pulôver,0.452713,DDPM,1000
fashion_03975.png,2,pulôver,0.431629,DDPM,1000
fashion_03976.png,6,camisa,0.949160,DDPM,1000
fashion_03977.png,8,bolsa,0.876103,DDPM,1000
fashion_03978.png,2,pulôver,0.618967,DDPM,1000
fashion_03979.png,2,pulôver,0.735481,DDPM,1000
fashion_03980.png,0,camiseta,0.667841,DDPM,1000
fashion_03981.png,1,calça,0.728958,DDPM,1000
fashion_03982.png,4,casaco,0.495458,DDPM,1000
fashion_03983.png,4,casaco,0.892291,DDPM,1000
fashion_03984.png,8,bolsa,0.873408,DDPM,1000
fashion_03985.png,9,bota,0.918672,DDPM,1000
fashion_03986.png,8,bolsa,0.574548,DDPM,1000
fashion_03987.png,0,camiseta,0.575193,DDPM,1000
fashion_03988.png,6,camisa,0.455473,DDPM,1000
fashion_03989.png,8,bolsa,0.808133,DDPM,1000
fashion_03990.png,2,pulôver,0.505178,DDPM,1000
fashion_03991.png,6,camisa,0.659086,DDPM,1000
fashion_03992.png,0,camiseta,0.572765,DDPM,1000
fashion_03993.png,2,pulôver,0.918851,DDPM,1000
fashion_03994.png,7,tênis,0.859558,DDPM,1000
fashion_03995.png,6,camisa,0.774907,DDPM,1000
fashion_03996.png,0,camiseta,0.912935,DDPM,1000
fashion_03997.png,8,bolsa,0.997851,DDPM,1000
fashion_03998.png,1,calça,0.779020,DDPM,1000
fashion_03999.png,0,camiseta,0.420755,DDPM,1000
fashion_04000.png,8,bolsa,0.994632,DDPM,1000
fashion_04001.png,6,camisa,0.599684,DDPM,1000
fashion_04002.png,2,pulôver,0.921535,DDPM,1000
fashion_04003.png,6,camisa,0.691183,DDPM,1000
fashion_04004.png,2,pulôver,0.513181,DDPM,1000
fashion_04005.png,0,camiseta,0.400731,DDPM,1000
fashion_04006.png,4,casaco,0.558235,DDPM,1000
fashion_04007.png,0,camiseta,0.537592,DDPM,1000
fashion_04008.png,2,pulôver,0.321094,DDPM,1000
fashion_04009.png,0,camiseta,0.735485,DDPM,1000
fashion_04010.png,6,camisa,0.595673,DDPM,1000
fashion_04011.png,0,camiseta,0.380793,DDPM,1000
fashion_04012.png,8,bolsa,0.497324,DDPM,1000
fashion_04013.png,6,camisa,0.517640,DDPM,1000
fashion_04014.png,0,camiseta,0.734551,DDPM,1000
fashion_04015.png,2,pulôver,0.483510,DDPM,1000
fashion_04016.png,8,bolsa,0.991040,DDPM,1000
fashion_04017.png,2,pulôver,0.713522,DDPM,1000
fashion_04018.png,6,camisa,0.372893,DDPM,1000
fashion_04019.png,0,camiseta,0.787941,DDPM,1000
fashion_04020.png,6,camisa,0.514963,DDPM,1000
fashion_04021.png,2,pulôver,0.567833,DDPM,1000
fashion_04022.png,6,camisa,0.658712,DDPM,1000
fashion_04023.png,6,camisa,0.584141,DDPM,1000
fashion_04024.png,2,pulôver,0.537970,DDPM,1000
fashion_04025.png,8,bolsa,0.886707,DDPM,1000
fashion_04026.png,3,vestido,0.406498,DDPM,1000
fashion_04027.png,5,sandália,0.999742,DDPM,1000
fashion_04028.png,8,bolsa,0.990788,DDPM,1000
fashion_04029.png,6,camisa,0.473607,DDPM,1000
fashion_04030.png,8,bolsa,0.349132,DDPM,1000
fashion_04031.png,0,camiseta,0.619259,DDPM,1000
fashion_04032.png,6,camisa,0.891978,DDPM,1000
fashion_04033.png,6,camisa,0.933039,DDPM,1000
fashion_04034.png,2,pulôver,0.772692,DDPM,1000
fashion_04035.png,9,bota,0.788955,DDPM,1000
fashion_04036.png,6,camisa,0.772780,DDPM,1000
fashion_04037.png,5,sandália,0.927134,DDPM,1000
fashion_04038.png,6,camisa,0.741693,DDPM,1000
fashion_04039.png,0,camiseta,0.497660,DDPM,1000
fashion_04040.png,2,pulôver,0.936402,DDPM,1000
fashion_04041.png,6,camisa,0.528809,DDPM,1000
fashion_04042.png,6,camisa,0.635533,DDPM,1000
fashion_04043.png,4,casaco,0.493216,DDPM,1000
fashion_04044.png,2,pulôver,0.628163,DDPM,1000
fashion_04045.png,2,pulôver,0.640437,DDPM,1000
fashion_04046.png,8,bolsa,0.843127,DDPM,1000
fashion_04047.png,6,camisa,0.535050,DDPM,1000
fashion_04048.png,0,camiseta,0.434298,DDPM,1000
fashion_04049.png,4,casaco,0.694639,DDPM,1000
fashion_04050.png,6,camisa,0.418382,DDPM,1000
fashion_04051.png,8,bolsa,0.916736,DDPM,1000
fashion_04052.png,4,casaco,0.729018,DDPM,1000
fashion_04053.png,6,camisa,0.901661,DDPM,1000
fashion_04054.png,2,pulôver,0.718162,DDPM,1000
fashion_04055.png,2,pulôver,0.452910,DDPM,1000
fashion_04056.png,0,camiseta,0.524621,DDPM,1000
fashion_04057.png,2,pulôver,0.967835,DDPM,1000
fashion_04058.png,6,camisa,0.666608,DDPM,1000
fashion_04059.png,0,camiseta,0.471025,DDPM,1000
fashion_04060.png,2,pulôver,0.955926,DDPM,1000
fashion_04061.png,6,camisa,0.658337,DDPM,1000
fashion_04062.png,2,pulôver,0.679240,DDPM,1000
fashion_04063.png,8,bolsa,0.972453,DDPM,1000
fashion_04064.png,8,bolsa,0.981847,DDPM,1000
fashion_04065.png,1,calça,0.379402,DDPM,1000
fashion_04066.png,6,camisa,0.808711,DDPM,1000
fashion_04067.png,2,pulôver,0.858507,DDPM,1000
fashion_04068.png,6,camisa,0.521505,DDPM,1000
fashion_04069.png,6,camisa,0.559283,DDPM,1000
fashion_04070.png,6,camisa,0.466392,DDPM,1000
fashion_04071.png,6,camisa,0.875723,DDPM,1000
fashion_04072.png,4,casaco,0.736283,DDPM,1000
fashion_04073.png,2,pulôver,0.418308,DDPM,1000
fashion_04074.png,6,camisa,0.388065,DDPM,1000
fashion_04075.png,6,camisa,0.469068,DDPM,1000
fashion_04076.png,6,camisa,0.940912,DDPM,1000
fashion_04077.png,6,camisa,0.769556,DDPM,1000
fashion_04078.png,8,bolsa,0.423427,DDPM,1000
fashion_04079.png,9,bota,0.699499,DDPM,1000
fashion_04080.png,6,camisa,0.694099,DDPM,1000
fashion_04081.png,7,tênis,0.897649,DDPM,1000
fashion_04082.png,2,pulôver,0.611107,DDPM,1000
fashion_04083.png,8,bolsa,0.977123,DDPM,1000
fashion_04084.png,6,camisa,0.976684,DDPM,1000
fashion_04085.png,2,pulôver,0.483522,DDPM,1000
fashion_04086.png,4,casaco,0.559642,DDPM,1000
fashion_04087.png,2,pulôver,0.471285,DDPM,1000
fashion_04088.png,2,pulôver,0.963599,DDPM,1000
fashion_04089.png,9,bota,0.353521,DDPM,1000
fashion_04090.png,0,camiseta,0.491028,DDPM,1000
fashion_04091.png,2,pulôver,0.639408,DDPM,1000
fashion_04092.png,2,pulôver,0.458723,DDPM,1000
fashion_04093.png,8,bolsa,0.697036,DDPM,1000
fashion_04094.png,2,pulôver,0.473691,DDPM,1000
fashion_04095.png,8,bolsa,0.616831,DDPM,1000
fashion_04096.png,0,camiseta,0.827798,DDPM,1000
fashion_04097.png,2,pulôver,0.645410,DDPM,1000
fashion_04098.png,2,pulôver,0.932505,DDPM,1000
fashion_04099.png,4,casaco,0.513010,DDPM,1000
fashion_04100.png,8,bolsa,0.999176,DDPM,1000
fashion_04101.png,2,pulôver,0.880950,DDPM,1000
fashion_04102.png,8,bolsa,0.935852,DDPM,1000
fashion_04103.png,6,camisa,0.671134,DDPM,1000
fashion_04104.png,3,vestido,0.975107,DDPM,1000
fashion_04105.png,2,pulôver,0.815989,DDPM,1000
fashion_04106.png,6,camisa,0.776758,DDPM,1000
fashion_04107.png,2,pulôver,0.302243,DDPM,1000
fashion_04108.png,4,casaco,0.829339,DDPM,1000
fashion_04109.png,3,vestido,0.934091,DDPM,1000
fashion_04110.png,6,camisa,0.537546,DDPM,1000
fashion_04111.png,1,calça,0.975484,DDPM,1000
fashion_04112.png,0,camiseta,0.401128,DDPM,1000
fashion_04113.png,0,camiseta,0.885479,DDPM,1000
fashion_04114.png,2,pulôver,0.280053,DDPM,1000
fashion_04115.png,8,bolsa,0.248701,DDPM,1000
fashion_04116.png,4,casaco,0.485468,DDPM,1000
fashion_04117.png,6,camisa,0.824069,DDPM,1000
fashion_04118.png,8,bolsa,0.998362,DDPM,1000
fashion_04119.png,2,pulôver,0.719318,DDPM,1000
fashion_04120.png,6,camisa,0.358775,DDPM,1000
fashion_04121.png,0,camiseta,0.787396,DDPM,1000
fashion_04122.png,2,pulôver,0.971547,DDPM,1000
fashion_04123.png,4,casaco,0.542425,DDPM,1000
fashion_04124.png,4,casaco,0.365933,DDPM,1000
fashion_04125.png,1,calça,0.891029,DDPM,1000
fashion_04126.png,2,pulôver,0.539110,DDPM,1000
fashion_04127.png,8,bolsa,0.999340,DDPM,1000
fashion_04128.png,8,bolsa,0.995771,DDPM,1000
fashion_04129.png,8,bolsa,0.999922,DDPM,1000
fashion_04130.png,6,camisa,0.778244,DDPM,1000
fashion_04131.png,0,camiseta,0.969198,DDPM,1000
fashion_04132.png,6,camisa,0.757494,DDPM,1000
fashion_04133.png,2,pulôver,0.846428,DDPM,1000
fashion_04134.png,6,camisa,0.543592,DDPM,1000
fashion_04135.png,5,sandália,0.892570,DDPM,1000
fashion_04136.png,8,bolsa,0.535218,DDPM,1000
fashion_04137.png,7,tênis,0.637114,DDPM,1000
fashion_04138.png,1,calça,0.715219,DDPM,1000
fashion_04139.png,6,camisa,0.579178,DDPM,1000
fashion_04140.png,4,casaco,0.452743,DDPM,1000
fashion_04141.png,2,pulôver,0.641287,DDPM,1000
fashion_04142.png,6,camisa,0.911348,DDPM,1000
fashion_04143.png,6,camisa,0.620449,DDPM,1000
fashion_04144.png,6,camisa,0.428771,DDPM,1000
fashion_04145.png,7,tênis,0.952475,DDPM,1000
fashion_04146.png,0,camiseta,0.955471,DDPM,1000
fashion_04147.png,6,camisa,0.425826,DDPM,1000
fashion_04148.png,3,vestido,0.968130,DDPM,1000
fashion_04149.png,8,bolsa,0.596792,DDPM,1000
fashion_04150.png,0,camiseta,0.729519,DDPM,1000
fashion_04151.png,6,camisa,0.519238,DDPM,1000
fashion_04152.png,2,pulôver,0.695363,DDPM,1000
fashion_04153.png,6,camisa,0.905044,DDPM,1000
fashion_04154.png,8,bolsa,0.952889,DDPM,1000
fashion_04155.png,6,camisa,0.862115,DDPM,1000
fashion_04156.png,6,camisa,0.713863,DDPM,1000
fashion_04157.png,2,pulôver,0.580369,DDPM,1000
fashion_04158.png,9,bota,0.990092,DDPM,1000
fashion_04159.png,2,pulôver,0.871773,DDPM,1000
fashion_04160.png,6,camisa,0.522409,DDPM,1000
fashion_04161.png,6,camisa,0.478546,DDPM,1000
fashion_04162.png,3,vestido,0.513410,DDPM,1000
fashion_04163.png,6,camisa,0.900767,DDPM,1000
fashion_04164.png,4,casaco,0.837739,DDPM,1000
fashion_04165.png,2,pulôver,0.904537,DDPM,1000
fashion_04166.png,6,camisa,0.695770,DDPM,1000
fashion_04167.png,0,camiseta,0.633507,DDPM,1000
fashion_04168.png,6,camisa,0.999076,DDPM,1000
fashion_04169.png,8,bolsa,0.606055,DDPM,1000
fashion_04170.png,8,bolsa,0.905716,DDPM,1000
fashion_04171.png,5,sandália,0.969602,DDPM,1000
fashion_04172.png,6,camisa,0.675898,DDPM,1000
fashion_04173.png,6,camisa,0.837053,DDPM,1000
fashion_04174.png,2,pulôver,0.593591,DDPM,1000
fashion_04175.png,2,pulôver,0.442684,DDPM,1000
fashion_04176.png,2,pulôver,0.232923,DDPM,1000
fashion_04177.png,6,camisa,0.868027,DDPM,1000
fashion_04178.png,2,pulôver,0.434037,DDPM,1000
fashion_04179.png,6,camisa,0.413809,DDPM,1000
fashion_04180.png,6,camisa,0.373198,DDPM,1000
fashion_04181.png,2,pulôver,0.565785,DDPM,1000
fashion_04182.png,6,camisa,0.448228,DDPM,1000
fashion_04183.png,3,vestido,0.415268,DDPM,1000
fashion_04184.png,8,bolsa,0.683805,DDPM,1000
fashion_04185.png,6,camisa,0.668965,DDPM,1000
fashion_04186.png,2,pulôver,0.682217,DDPM,1000
fashion_04187.png,2,pulôver,0.416787,DDPM,1000
fashion_04188.png,0,camiseta,0.512715,DDPM,1000
fashion_04189.png,3,vestido,0.533032,DDPM,1000
fashion_04190.png,4,casaco,0.460803,DDPM,1000
fashion_04191.png,8,bolsa,0.540513,DDPM,1000
fashion_04192.png,2,pulôver,0.487468,DDPM,1000
fashion_04193.png,6,camisa,0.948333,DDPM,1000
fashion_04194.png,4,casaco,0.408340,DDPM,1000
fashion_04195.png,8,bolsa,0.828551,DDPM,1000
fashion_04196.png,6,camisa,0.447489,DDPM,1000
fashion_04197.png,0,camiseta,0.930571,DDPM,1000
fashion_04198.png,0,camiseta,0.417158,DDPM,1000
fashion_04199.png,0,camiseta,0.868793,DDPM,1000
fashion_04200.png,4,casaco,0.579332,DDPM,1000
fashion_04201.png,2,pulôver,0.504250,DDPM,1000
fashion_04202.png,0,camiseta,0.542115,DDPM,1000
fashion_04203.png,6,camisa,0.544164,DDPM,1000
fashion_04204.png,2,pulôver,0.798496,DDPM,1000
fashion_04205.png,8,bolsa,0.824766,DDPM,1000
fashion_04206.png,4,casaco,0.434037,DDPM,1000
fashion_04207.png,0,camiseta,0.514985,DDPM,1000
fashion_04208.png,6,camisa,0.778696,DDPM,1000
fashion_04209.png,2,pulôver,0.877732,DDPM,1000
fashion_04210.png,8,bolsa,0.626006,DDPM,1000
fashion_04211.png,2,pulôver,0.929894,DDPM,1000
fashion_04212.png,2,pulôver,0.529959,DDPM,1000
fashion_04213.png,4,casaco,0.682755,DDPM,1000
fashion_04214.png,8,bolsa,0.424391,DDPM,1000
fashion_04215.png,2,pulôver,0.776743,DDPM,1000
fashion_04216.png,0,camiseta,0.554260,DDPM,1000
fashion_04217.png,0,camiseta,0.773719,DDPM,1000
fashion_04218.png,2,pulôver,0.757488,DDPM,1000
fashion_04219.png,8,bolsa,0.999292,DDPM,1000
fashion_04220.png,6,camisa,0.711999,DDPM,1000
fashion_04221.png,0,camiseta,0.594246,DDPM,1000
fashion_04222.png,6,camisa,0.713684,DDPM,1000
fashion_04223.png,2,pulôver,0.559965,DDPM,1000
fashion_04224.png,0,camiseta,0.334689,DDPM,1000
fashion_04225.png,6,camisa,0.455454,DDPM,1000
fashion_04226.png,5,sandália,0.365563,DDPM,1000
fashion_04227.png,2,pulôver,0.762419,DDPM,1000
fashion_04228.png,0,camiseta,0.782508,DDPM,1000
fashion_04229.png,6,camisa,0.967288,DDPM,1000
fashion_04230.png,0,camiseta,0.880963,DDPM,1000
fashion_04231.png,0,camiseta,0.488938,DDPM,1000
fashion_04232.png,6,camisa,0.678411,DDPM,1000
fashion_04233.png,2,pulôver,0.628056,DDPM,1000
fashion_04234.png,8,bolsa,0.720914,DDPM,1000
fashion_04235.png,8,bolsa,0.789356,DDPM,1000
fashion_04236.png,8,bolsa,0.414073,DDPM,1000
fashion_04237.png,6,camisa,0.963915,DDPM,1000
fashion_04238.png,6,camisa,0.521258,DDPM,1000
fashion_04239.png,0,camiseta,0.429495,DDPM,1000
fashion_04240.png,8,bolsa,0.932549,DDPM,1000
fashion_04241.png,0,camiseta,0.625628,DDPM,1000
fashion_04242.png,0,camiseta,0.357629,DDPM,1000
fashion_04243.png,3,vestido,0.731021,DDPM,1000
fashion_04244.png,2,pulôver,0.252837,DDPM,1000
fashion_04245.png,2,pulôver,0.485603,DDPM,1000
fashion_04246.png,6,camisa,0.694197,DDPM,1000
fashion_04247.png,2,pulôver,0.939775,DDPM,1000
fashion_04248.png,2,pulôver,0.775705,DDPM,1000
fashion_04249.png,8,bolsa,0.870258,DDPM,1000
fashion_04250.png,6,camisa,0.744088,DDPM,1000
fashion_04251.png,0,camiseta,0.391554,DDPM,1000
fashion_04252.png,8,bolsa,0.403239,DDPM,1000
fashion_04253.png,8,bolsa,0.793073,DDPM,1000
fashion_04254.png,0,camiseta,0.982456,DDPM,1000
fashion_04255.png,2,pulôver,0.532696,DDPM,1000
fashion_04256.png,6,camisa,0.561168,DDPM,1000
fashion_04257.png,8,bolsa,0.995017,DDPM,1000
fashion_04258.png,3,vestido,0.490589,DDPM,1000
fashion_04259.png,4,casaco,0.398748,DDPM,1000
fashion_04260.png,0,camiseta,0.921987,DDPM,1000
fashion_04261.png,3,vestido,0.344544,DDPM,1000
fashion_04262.png,6,camisa,0.492965,DDPM,1000
fashion_04263.png,2,pulôver,0.771524,DDPM,1000
fashion_04264.png,2,pulôver,0.499598,DDPM,1000
fashion_04265.png,0,camiseta,0.913494,DDPM,1000
fashion_04266.png,8,bolsa,0.901157,DDPM,1000
fashion_04267.png,0,camiseta,0.762665,DDPM,1000
fashion_04268.png,7,tênis,0.526909,DDPM,1000
fashion_04269.png,3,vestido,0.425590,DDPM,1000
fashion_04270.png,0,camiseta,0.516034,DDPM,1000
fashion_04271.png,0,camiseta,0.742856,DDPM,1000
fashion_04272.png,3,vestido,0.878839,DDPM,1000
fashion_04273.png,2,pulôver,0.802920,DDPM,1000
fashion_04274.png,2,pulôver,0.824386,DDPM,1000
fashion_04275.png,2,pulôver,0.426382,DDPM,1000
fashion_04276.png,6,camisa,0.891072,DDPM,1000
fashion_04277.png,2,pulôver,0.700384,DDPM,1000
fashion_04278.png,8,bolsa,0.351711,DDPM,1000
fashion_04279.png,8,bolsa,0.999081,DDPM,1000
fashion_04280.png,4,casaco,0.846018,DDPM,1000
fashion_04281.png,6,camisa,0.930512,DDPM,1000
fashion_04282.png,8,bolsa,0.996281,DDPM,1000
fashion_04283.png,6,camisa,0.442734,DDPM,1000
fashion_04284.png,0,camiseta,0.382504,DDPM,1000
fashion_04285.png,2,pulôver,0.744939,DDPM,1000
fashion_04286.png,4,casaco,0.742886,DDPM,1000
fashion_04287.png,6,camisa,0.810586,DDPM,1000
fashion_04288.png,8,bolsa,0.994919,DDPM,1000
fashion_04289.png,6,camisa,0.485917,DDPM,1000
fashion_04290.png,2,pulôver,0.420895,DDPM,1000
fashion_04291.png,8,bolsa,0.575292,DDPM,1000
fashion_04292.png,6,camisa,0.871062,DDPM,1000
fashion_04293.png,8,bolsa,0.925771,DDPM,1000
fashion_04294.png,6,camisa,0.670567,DDPM,1000
fashion_04295.png,8,bolsa,0.946447,DDPM,1000
fashion_04296.png,0,camiseta,0.559482,DDPM,1000
fashion_04297.png,2,pulôver,0.952313,DDPM,1000
fashion_04298.png,8,bolsa,0.927914,DDPM,1000
fashion_04299.png,2,pulôver,0.749756,DDPM,1000
fashion_04300.png,6,camisa,0.372705,DDPM,1000
fashion_04301.png,8,bolsa,0.917572,DDPM,1000
fashion_04302.png,2,pulôver,0.924027,DDPM,1000
fashion_04303.png,6,camisa,0.451144,DDPM,1000
fashion_04304.png,8,bolsa,0.799840,DDPM,1000
fashion_04305.png,8,bolsa,0.756167,DDPM,1000
fashion_04306.png,0,camiseta,0.893041,DDPM,1000
fashion_04307.png,4,casaco,0.854071,DDPM,1000
fashion_04308.png,6,camisa,0.622596,DDPM,1000
fashion_04309.png,6,camisa,0.825831,DDPM,1000
fashion_04310.png,4,casaco,0.360872,DDPM,1000
fashion_04311.png,8,bolsa,0.966173,DDPM,1000
fashion_04312.png,5,sandália,0.833611,DDPM,1000
fashion_04313.png,2,pulôver,0.553319,DDPM,1000
fashion_04314.png,6,camisa,0.628049,DDPM,1000
fashion_04315.png,0,camiseta,0.863763,DDPM,1000
fashion_04316.png,6,camisa,0.958384,DDPM,1000
fashion_04317.png,2,pulôver,0.500614,DDPM,1000
fashion_04318.png,6,camisa,0.404598,DDPM,1000
fashion_04319.png,8,bolsa,0.475933,DDPM,1000
fashion_04320.png,2,pulôver,0.743406,DDPM,1000
fashion_04321.png,6,camisa,0.958650,DDPM,1000
fashion_04322.png,4,casaco,0.452593,DDPM,1000
fashion_04323.png,4,casaco,0.837187,DDPM,1000
fashion_04324.png,0,camiseta,0.661654,DDPM,1000
fashion_04325.png,8,bolsa,0.809857,DDPM,1000
fashion_04326.png,8,bolsa,0.821747,DDPM,1000
fashion_04327.png,8,bolsa,0.843058,DDPM,1000
fashion_04328.png,6,camisa,0.610642,DDPM,1000
fashion_04329.png,6,camisa,0.894546,DDPM,1000
fashion_04330.png,7,tênis,0.674031,DDPM,1000
fashion_04331.png,2,pulôver,0.706974,DDPM,1000
fashion_04332.png,8,bolsa,0.722491,DDPM,1000
fashion_04333.png,8,bolsa,0.999412,DDPM,1000
fashion_04334.png,6,camisa,0.472747,DDPM,1000
fashion_04335.png,1,calça,0.438744,DDPM,1000
fashion_04336.png,7,tênis,0.351094,DDPM,1000
fashion_04337.png,6,camisa,0.518191,DDPM,1000
fashion_04338.png,0,camiseta,0.778192,DDPM,1000
fashion_04339.png,4,casaco,0.773364,DDPM,1000
fashion_04340.png,8,bolsa,0.836185,DDPM,1000
fashion_04341.png,2,pulôver,0.975996,DDPM,1000
fashion_04342.png,6,camisa,0.823358,DDPM,1000
fashion_04343.png,6,camisa,0.357966,DDPM,1000
fashion_04344.png,0,camiseta,0.770296,DDPM,1000
fashion_04345.png,6,camisa,0.482441,DDPM,1000
fashion_04346.png,6,camisa,0.726796,DDPM,1000
fashion_04347.png,0,camiseta,0.448320,DDPM,1000
fashion_04348.png,3,vestido,0.900352,DDPM,1000
fashion_04349.png,6,camisa,0.868771,DDPM,1000
fashion_04350.png,6,camisa,0.527548,DDPM,1000
fashion_04351.png,0,camiseta,0.541045,DDPM,1000
fashion_04352.png,0,camiseta,0.699737,DDPM,1000
fashion_04353.png,8,bolsa,0.383604,DDPM,1000
fashion_04354.png,8,bolsa,0.940962,DDPM,1000
fashion_04355.png,4,casaco,0.793504,DDPM,1000
fashion_04356.png,8,bolsa,0.494059,DDPM,1000
fashion_04357.png,6,camisa,0.639667,DDPM,1000
fashion_04358.png,2,pulôver,0.392814,DDPM,1000
fashion_04359.png,2,pulôver,0.951158,DDPM,1000
fashion_04360.png,9,bota,0.417589,DDPM,1000
fashion_04361.png,6,camisa,0.531243,DDPM,1000
fashion_04362.png,8,bolsa,0.967378,DDPM,1000
fashion_04363.png,6,camisa,0.876234,DDPM,1000
fashion_04364.png,3,vestido,0.276776,DDPM,1000
fashion_04365.png,5,sandália,0.997874,DDPM,1000
fashion_04366.png,0,camiseta,0.559901,DDPM,1000
fashion_04367.png,8,bolsa,0.824365,DDPM,1000
fashion_04368.png,4,casaco,0.938936,DDPM,1000
fashion_04369.png,6,camisa,0.524548,DDPM,1000
fashion_04370.png,8,bolsa,0.797003,DDPM,1000
fashion_04371.png,5,sandália,0.970777,DDPM,1000
fashion_04372.png,2,pulôver,0.995586,DDPM,1000
fashion_04373.png,8,bolsa,0.994828,DDPM,1000
fashion_04374.png,6,camisa,0.747159,DDPM,1000
fashion_04375.png,2,pulôver,0.827134,DDPM,1000
fashion_04376.png,8,bolsa,0.620399,DDPM,1000
fashion_04377.png,0,camiseta,0.540930,DDPM,1000
fashion_04378.png,4,casaco,0.913737,DDPM,1000
fashion_04379.png,8,bolsa,0.996633,DDPM,1000
fashion_04380.png,6,camisa,0.530961,DDPM,1000
fashion_04381.png,4,casaco,0.614494,DDPM,1000
fashion_04382.png,4,casaco,0.549980,DDPM,1000
fashion_04383.png,0,camiseta,0.733418,DDPM,1000
fashion_04384.png,2,pulôver,0.457696,DDPM,1000
fashion_04385.png,4,casaco,0.645853,DDPM,1000
fashion_04386.png,2,pulôver,0.653388,DDPM,1000
fashion_04387.png,6,camisa,0.809313,DDPM,1000
fashion_04388.png,0,camiseta,0.875844,DDPM,1000
fashion_04389.png,6,camisa,0.430583,DDPM,1000
fashion_04390.png,8,bolsa,0.450550,DDPM,1000
fashion_04391.png,6,camisa,0.458272,DDPM,1000
fashion_04392.png,8,bolsa,0.992842,DDPM,1000
fashion_04393.png,2,pulôver,0.501033,DDPM,1000
fashion_04394.png,0,camiseta,0.727032,DDPM,1000
fashion_04395.png,9,bota,0.718458,DDPM,1000
fashion_04396.png,6,camisa,0.610496,DDPM,1000
fashion_04397.png,2,pulôver,0.758964,DDPM,1000
fashion_04398.png,4,casaco,0.977847,DDPM,1000
fashion_04399.png,6,camisa,0.630287,DDPM,1000
fashion_04400.png,2,pulôver,0.730611,DDPM,1000
fashion_04401.png,0,camiseta,0.907188,DDPM,1000
fashion_04402.png,6,camisa,0.510105,DDPM,1000
fashion_04403.png,8,bolsa,0.978539,DDPM,1000
fashion_04404.png,3,vestido,0.434817,DDPM,1000
fashion_04405.png,6,camisa,0.392933,DDPM,1000
fashion_04406.png,6,camisa,0.515095,DDPM,1000
fashion_04407.png,8,bolsa,0.372047,DDPM,1000
fashion_04408.png,2,pulôver,0.429263,DDPM,1000
fashion_04409.png,2,pulôver,0.893516,DDPM,1000
fashion_04410.png,8,bolsa,0.719899,DDPM,1000
fashion_04411.png,6,camisa,0.675615,DDPM,1000
fashion_04412.png,2,pulôver,0.616487,DDPM,1000
fashion_04413.png,7,tênis,0.563368,DDPM,1000
fashion_04414.png,6,camisa,0.977838,DDPM,1000
fashion_04415.png,0,camiseta,0.443462,DDPM,1000
fashion_04416.png,6,camisa,0.822992,DDPM,1000
fashion_04417.png,2,pulôver,0.314057,DDPM,1000
fashion_04418.png,6,camisa,0.353494,DDPM,1000
fashion_04419.png,2,pulôver,0.629775,DDPM,1000
fashion_04420.png,1,calça,0.525684,DDPM,1000
fashion_04421.png,2,pulôver,0.400030,DDPM,1000
fashion_04422.png,8,bolsa,0.510554,DDPM,1000
fashion_04423.png,6,camisa,0.689306,DDPM,1000
fashion_04424.png,8,bolsa,0.548864,DDPM,1000
fashion_04425.png,2,pulôver,0.476363,DDPM,1000
fashion_04426.png,6,camisa,0.726012,DDPM,1000
fashion_04427.png,6,camisa,0.870140,DDPM,1000
fashion_04428.png,6,camisa,0.972226,DDPM,1000
fashion_04429.png,4,casaco,0.897563,DDPM,1000
fashion_04430.png,0,camiseta,0.419114,DDPM,1000
fashion_04431.png,6,camisa,0.470344,DDPM,1000
fashion_04432.png,2,pulôver,0.961171,DDPM,1000
fashion_04433.png,8,bolsa,0.339605,DDPM,1000
fashion_04434.png,9,bota,0.533077,DDPM,1000
fashion_04435.png,4,casaco,0.445800,DDPM,1000
fashion_04436.png,6,camisa,0.934244,DDPM,1000
fashion_04437.png,6,camisa,0.733610,DDPM,1000
fashion_04438.png,9,bota,0.303241,DDPM,1000
fashion_04439.png,0,camiseta,0.475001,DDPM,1000
fashion_04440.png,2,pulôver,0.390998,DDPM,1000
fashion_04441.png,6,camisa,0.962526,DDPM,1000
fashion_04442.png,4,casaco,0.515697,DDPM,1000
fashion_04443.png,8,bolsa,0.656805,DDPM,1000
fashion_04444.png,8,bolsa,0.993946,DDPM,1000
fashion_04445.png,2,pulôver,0.688674,DDPM,1000
fashion_04446.png,9,bota,0.324291,DDPM,1000
fashion_04447.png,3,vestido,0.688816,DDPM,1000
fashion_04448.png,5,sandália,0.869356,DDPM,1000
fashion_04449.png,2,pulôver,0.552731,DDPM,1000
fashion_04450.png,3,vestido,0.867856,DDPM,1000
fashion_04451.png,4,casaco,0.615019,DDPM,1000
fashion_04452.png,4,casaco,0.644421,DDPM,1000
fashion_04453.png,2,pulôver,0.967624,DDPM,1000
fashion_04454.png,2,pulôver,0.555396,DDPM,1000
fashion_04455.png,8,bolsa,0.459541,DDPM,1000
fashion_04456.png,9,bota,0.927409,DDPM,1000
fashion_04457.png,6,camisa,0.552532,DDPM,1000
fashion_04458.png,8,bolsa,0.999910,DDPM,1000
fashion_04459.png,4,casaco,0.765359,DDPM,1000
fashion_04460.png,8,bolsa,0.997822,DDPM,1000
fashion_04461.png,4,casaco,0.477097,DDPM,1000
fashion_04462.png,8,bolsa,0.881272,DDPM,1000
fashion_04463.png,2,pulôver,0.949809,DDPM,1000
fashion_04464.png,0,camiseta,0.320207,DDPM,1000
fashion_04465.png,2,pulôver,0.989062,DDPM,1000
fashion_04466.png,8,bolsa,0.999785,DDPM,1000
fashion_04467.png,4,casaco,0.610644,DDPM,1000
fashion_04468.png,4,casaco,0.795764,DDPM,1000
fashion_04469.png,2,pulôver,0.931536,DDPM,1000
fashion_04470.png,2,pulôver,0.952831,DDPM,1000
fashion_04471.png,4,casaco,0.669149,DDPM,1000
fashion_04472.png,8,bolsa,0.637112,DDPM,1000
fashion_04473.png,0,camiseta,0.555340,DDPM,1000
fashion_04474.png,0,camiseta,0.489294,DDPM,1000
fashion_04475.png,2,pulôver,0.938038,DDPM,1000
fashion_04476.png,4,casaco,0.192783,DDPM,1000
fashion_04477.png,6,camisa,0.740550,DDPM,1000
fashion_04478.png,8,bolsa,0.984085,DDPM,1000
fashion_04479.png,4,casaco,0.428774,DDPM,1000
fashion_04480.png,3,vestido,0.881030,DDPM,1000
fashion_04481.png,0,camiseta,0.793718,DDPM,1000
fashion_04482.png,6,camisa,0.383050,DDPM,1000
fashion_04483.png,6,camisa,0.462911,DDPM,1000
fashion_04484.png,8,bolsa,0.894801,DDPM,1000
fashion_04485.png,6,camisa,0.312538,DDPM,1000
fashion_04486.png,4,casaco,0.769676,DDPM,1000
fashion_04487.png,4,casaco,0.818248,DDPM,1000
fashion_04488.png,2,pulôver,0.846857,DDPM,1000
fashion_04489.png,0,camiseta,0.513954,DDPM,1000
fashion_04490.png,6,camisa,0.624832,DDPM,1000
fashion_04491.png,2,pulôver,0.862742,DDPM,1000
fashion_04492.png,4,casaco,0.437759,DDPM,1000
fashion_04493.png,3,vestido,0.315471,DDPM,1000
fashion_04494.png,3,vestido,0.565785,DDPM,1000
fashion_04495.png,3,vestido,0.940621,DDPM,1000
fashion_04496.png,6,camisa,0.320601,DDPM,1000
fashion_04497.png,6,camisa,0.981031,DDPM,1000
fashion_04498.png,5,sandália,0.777453,DDPM,1000
fashion_04499.png,9,bota,0.428634,DDPM,1000
fashion_04500.png,8,bolsa,0.913486,DDPM,1000
fashion_04501.png,2,pulôver,0.949824,DDPM,1000
fashion_04502.png,6,camisa,0.998156,DDPM,1000
fashion_04503.png,2,pulôver,0.801284,DDPM,1000
fashion_04504.png,9,bota,0.878324,DDPM,1000
fashion_04505.png,2,pulôver,0.856033,DDPM,1000
fashion_04506.png,2,pulôver,0.853513,DDPM,1000
fashion_04507.png,2,pulôver,0.873182,DDPM,1000
fashion_04508.png,2,pulôver,0.631809,DDPM,1000
fashion_04509.png,2,pulôver,0.951063,DDPM,1000
fashion_04510.png,8,bolsa,0.618764,DDPM,1000
fashion_04511.png,2,pulôver,0.875841,DDPM,1000
fashion_04512.png,2,pulôver,0.547602,DDPM,1000
fashion_04513.png,6,camisa,0.281032,DDPM,1000
fashion_04514.png,0,camiseta,0.837162,DDPM,1000
fashion_04515.png,0,camiseta,0.739389,DDPM,1000
fashion_04516.png,6,camisa,0.828148,DDPM,1000
fashion_04517.png,9,bota,0.892342,DDPM,1000
fashion_04518.png,6,camisa,0.465292,DDPM,1000
fashion_04519.png,8,bolsa,0.994464,DDPM,1000
fashion_04520.png,4,casaco,0.905622,DDPM,1000
fashion_04521.png,6,camisa,0.824830,DDPM,1000
fashion_04522.png,8,bolsa,0.969785,DDPM,1000
fashion_04523.png,0,camiseta,0.431381,DDPM,1000
fashion_04524.png,2,pulôver,0.331428,DDPM,1000
fashion_04525.png,4,casaco,0.585268,DDPM,1000
fashion_04526.png,8,bolsa,0.997886,DDPM,1000
fashion_04527.png,2,pulôver,0.874712,DDPM,1000
fashion_04528.png,8,bolsa,0.411202,DDPM,1000
fashion_04529.png,9,bota,0.320311,DDPM,1000
fashion_04530.png,2,pulôver,0.996045,DDPM,1000
fashion_04531.png,0,camiseta,0.420575,DDPM,1000
fashion_04532.png,8,bolsa,0.909649,DDPM,1000
fashion_04533.png,7,tênis,0.915252,DDPM,1000
fashion_04534.png,2,pulôver,0.939964,DDPM,1000
fashion_04535.png,6,camisa,0.397404,DDPM,1000
fashion_04536.png,0,camiseta,0.503035,DDPM,1000
fashion_04537.png,6,camisa,0.484828,DDPM,1000
fashion_04538.png,8,bolsa,0.999990,DDPM,1000
fashion_04539.png,8,bolsa,0.998700,DDPM,1000
fashion_04540.png,3,vestido,0.426821,DDPM,1000
fashion_04541.png,0,camiseta,0.537390,DDPM,1000
fashion_04542.png,5,sandália,0.991032,DDPM,1000
fashion_04543.png,2,pulôver,0.519429,DDPM,1000
fashion_04544.png,2,pulôver,0.945343,DDPM,1000
fashion_04545.png,8,bolsa,0.992222,DDPM,1000
fashion_04546.png,6,camisa,0.940395,DDPM,1000
fashion_04547.png,2,pulôver,0.904634,DDPM,1000
fashion_04548.png,0,camiseta,0.444150,DDPM,1000
fashion_04549.png,0,camiseta,0.477116,DDPM,1000
fashion_04550.png,8,bolsa,0.640123,DDPM,1000
fashion_04551.png,2,pulôver,0.542242,DDPM,1000
fashion_04552.png,3,vestido,0.748489,DDPM,1000
fashion_04553.png,3,vestido,0.758934,DDPM,1000
fashion_04554.png,0,camiseta,0.605087,DDPM,1000
fashion_04555.png,8,bolsa,0.980770,DDPM,1000
fashion_04556.png,8,bolsa,0.916817,DDPM,1000
fashion_04557.png,4,casaco,0.445216,DDPM,1000
fashion_04558.png,6,camisa,0.520540,DDPM,1000
fashion_04559.png,6,camisa,0.684583,DDPM,1000
fashion_04560.png,6,camisa,0.338919,DDPM,1000
fashion_04561.png,8,bolsa,0.764904,DDPM,1000
fashion_04562.png,6,camisa,0.938367,DDPM,1000
fashion_04563.png,6,camisa,0.753335,DDPM,1000
fashion_04564.png,6,camisa,0.526145,DDPM,1000
fashion_04565.png,2,pulôver,0.446026,DDPM,1000
fashion_04566.png,6,camisa,0.401426,DDPM,1000
fashion_04567.png,9,bota,0.481849,DDPM,1000
fashion_04568.png,4,casaco,0.549693,DDPM,1000
fashion_04569.png,0,camiseta,0.489693,DDPM,1000
fashion_04570.png,9,bota,0.662445,DDPM,1000
fashion_04571.png,8,bolsa,0.871904,DDPM,1000
fashion_04572.png,4,casaco,0.496786,DDPM,1000
fashion_04573.png,0,camiseta,0.515756,DDPM,1000
fashion_04574.png,2,pulôver,0.618850,DDPM,1000
fashion_04575.png,2,pulôver,0.546938,DDPM,1000
fashion_04576.png,8,bolsa,0.535461,DDPM,1000
fashion_04577.png,6,camisa,0.939730,DDPM,1000
fashion_04578.png,6,camisa,0.654601,DDPM,1000
fashion_04579.png,1,calça,0.600390,DDPM,1000
fashion_04580.png,4,casaco,0.989708,DDPM,1000
fashion_04581.png,5,sandália,0.678986,DDPM,1000
fashion_04582.png,2,pulôver,0.700451,DDPM,1000
fashion_04583.png,4,casaco,0.522243,DDPM,1000
fashion_04584.png,6,camisa,0.598946,DDPM,1000
fashion_04585.png,2,pulôver,0.371309,DDPM,1000
fashion_04586.png,0,camiseta,0.305808,DDPM,1000
fashion_04587.png,6,camisa,0.447820,DDPM,1000
fashion_04588.png,2,pulôver,0.748035,DDPM,1000
fashion_04589.png,2,pulôver,0.521711,DDPM,1000
fashion_04590.png,6,camisa,0.777917,DDPM,1000
fashion_04591.png,0,camiseta,0.929491,DDPM,1000
fashion_04592.png,4,casaco,0.912497,DDPM,1000
fashion_04593.png,6,camisa,0.661036,DDPM,1000
fashion_04594.png,0,camiseta,0.543590,DDPM,1000
fashion_04595.png,2,pulôver,0.651725,DDPM,1000
fashion_04596.png,1,calça,0.946462,DDPM,1000
fashion_04597.png,3,vestido,0.771497,DDPM,1000
fashion_04598.png,8,bolsa,0.999998,DDPM,1000
fashion_04599.png,8,bolsa,0.374048,DDPM,1000
fashion_04600.png,8,bolsa,0.474791,DDPM,1000
fashion_04601.png,2,pulôver,0.910976,DDPM,1000
fashion_04602.png,0,camiseta,0.808287,DDPM,1000
fashion_04603.png,6,camisa,0.762941,DDPM,1000
fashion_04604.png,2,pulôver,0.349385,DDPM,1000
fashion_04605.png,9,bota,0.461791,DDPM,1000
fashion_04606.png,0,camiseta,0.619074,DDPM,1000
fashion_04607.png,3,vestido,0.786460,DDPM,1000
fashion_04608.png,0,camiseta,0.644445,DDPM,1000
fashion_04609.png,0,camiseta,0.566117,DDPM,1000
fashion_04610.png,8,bolsa,0.409448,DDPM,1000
fashion_04611.png,3,vestido,0.669658,DDPM,1000
fashion_04612.png,8,bolsa,0.999149,DDPM,1000
fashion_04613.png,6,camisa,0.520405,DDPM,1000
fashion_04614.png,6,camisa,0.806999,DDPM,1000
fashion_04615.png,6,camisa,0.733441,DDPM,1000
fashion_04616.png,8,bolsa,0.938539,DDPM,1000
fashion_04617.png,0,camiseta,0.917116,DDPM,1000
fashion_04618.png,3,vestido,0.926045,DDPM,1000
fashion_04619.png,0,camiseta,0.647766,DDPM,1000
fashion_04620.png,6,camisa,0.719939,DDPM,1000
fashion_04621.png,6,camisa,0.617709,DDPM,1000
fashion_04622.png,2,pulôver,0.644105,DDPM,1000
fashion_04623.png,2,pulôver,0.947875,DDPM,1000
fashion_04624.png,0,camiseta,0.415212,DDPM,1000
fashion_04625.png,8,bolsa,0.847282,DDPM,1000
fashion_04626.png,0,camiseta,0.505433,DDPM,1000
fashion_04627.png,6,camisa,0.638750,DDPM,1000
fashion_04628.png,8,bolsa,0.493661,DDPM,1000
fashion_04629.png,2,pulôver,0.827964,DDPM,1000
fashion_04630.png,6,camisa,0.430614,DDPM,1000
fashion_04631.png,2,pulôver,0.506543,DDPM,1000
fashion_04632.png,4,casaco,0.451626,DDPM,1000
fashion_04633.png,2,pulôver,0.451137,DDPM,1000
fashion_04634.png,6,camisa,0.398210,DDPM,1000
fashion_04635.png,2,pulôver,0.526346,DDPM,1000
fashion_04636.png,4,casaco,0.887681,DDPM,1000
fashion_04637.png,9,bota,0.451155,DDPM,1000
fashion_04638.png,2,pulôver,0.917833,DDPM,1000
fashion_04639.png,2,pulôver,0.594080,DDPM,1000
fashion_04640.png,6,camisa,0.351561,DDPM,1000
fashion_04641.png,8,bolsa,0.509787,DDPM,1000
fashion_04642.png,2,pulôver,0.662501,DDPM,1000
fashion_04643.png,6,camisa,0.483410,DDPM,1000
fashion_04644.png,4,casaco,0.732421,DDPM,1000
fashion_04645.png,6,camisa,0.921881,DDPM,1000
fashion_04646.png,8,bolsa,0.719969,DDPM,1000
fashion_04647.png,6,camisa,0.994984,DDPM,1000
fashion_04648.png,5,sandália,0.995437,DDPM,1000
fashion_04649.png,6,camisa,0.620603,DDPM,1000
fashion_04650.png,0,camiseta,0.972172,DDPM,1000
fashion_04651.png,9,bota,0.555716,DDPM,1000
fashion_04652.png,6,camisa,0.977517,DDPM,1000
fashion_04653.png,6,camisa,0.461700,DDPM,1000
fashion_04654.png,1,calça,0.507881,DDPM,1000
fashion_04655.png,8,bolsa,0.639233,DDPM,1000
fashion_04656.png,6,camisa,0.517247,DDPM,1000
fashion_04657.png,6,camisa,0.791493,DDPM,1000
fashion_04658.png,8,bolsa,0.317517,DDPM,1000
fashion_04659.png,2,pulôver,0.862365,DDPM,1000
fashion_04660.png,4,casaco,0.419925,DDPM,1000
fashion_04661.png,2,pulôver,0.577028,DDPM,1000
fashion_04662.png,0,camiseta,0.632968,DDPM,1000
fashion_04663.png,3,vestido,0.849596,DDPM,1000
fashion_04664.png,2,pulôver,0.427564,DDPM,1000
fashion_04665.png,8,bolsa,0.930283,DDPM,1000
fashion_04666.png,6,camisa,0.410222,DDPM,1000
fashion_04667.png,4,casaco,0.699470,DDPM,1000
fashion_04668.png,6,camisa,0.449317,DDPM,1000
fashion_04669.png,3,vestido,0.456547,DDPM,1000
fashion_04670.png,3,vestido,0.861390,DDPM,1000
fashion_04671.png,6,camisa,0.876767,DDPM,1000
fashion_04672.png,2,pulôver,0.994446,DDPM,1000
fashion_04673.png,6,camisa,0.652131,DDPM,1000
fashion_04674.png,6,camisa,0.972680,DDPM,1000
fashion_04675.png,6,camisa,0.847875,DDPM,1000
fashion_04676.png,0,camiseta,0.868104,DDPM,1000
fashion_04677.png,6,camisa,0.816790,DDPM,1000
fashion_04678.png,0,camiseta,0.332280,DDPM,1000
fashion_04679.png,6,camisa,0.662697,DDPM,1000
fashion_04680.png,8,bolsa,0.879498,DDPM,1000
fashion_04681.png,2,pulôver,0.656835,DDPM,1000
fashion_04682.png,2,pulôver,0.667556,DDPM,1000
fashion_04683.png,2,pulôver,0.859136,DDPM,1000
fashion_04684.png,6,camisa,0.427816,DDPM,1000
fashion_04685.png,6,camisa,0.566794,DDPM,1000
fashion_04686.png,6,camisa,0.917791,DDPM,1000
fashion_04687.png,7,tênis,0.712113,DDPM,1000
fashion_04688.png,7,tênis,0.827568,DDPM,1000
fashion_04689.png,0,camiseta,0.587855,DDPM,1000
fashion_04690.png,4,casaco,0.594204,DDPM,1000
fashion_04691.png,6,camisa,0.694992,DDPM,1000
fashion_04692.png,8,bolsa,0.990767,DDPM,1000
fashion_04693.png,0,camiseta,0.516651,DDPM,1000
fashion_04694.png,6,camisa,0.344494,DDPM,1000
fashion_04695.png,0,camiseta,0.920711,DDPM,1000
fashion_04696.png,2,pulôver,0.727695,DDPM,1000
fashion_04697.png,4,casaco,0.643840,DDPM,1000
fashion_04698.png,2,pulôver,0.769040,DDPM,1000
fashion_04699.png,3,vestido,0.711739,DDPM,1000
fashion_04700.png,0,camiseta,0.503722,DDPM,1000
fashion_04701.png,0,camiseta,0.795313,DDPM,1000
fashion_04702.png,4,casaco,0.577234,DDPM,1000
fashion_04703.png,9,bota,0.995140,DDPM,1000
fashion_04704.png,8,bolsa,0.836617,DDPM,1000
fashion_04705.png,0,camiseta,0.672438,DDPM,1000
fashion_04706.png,2,pulôver,0.410142,DDPM,1000
fashion_04707.png,6,camisa,0.749012,DDPM,1000
fashion_04708.png,2,pulôver,0.764356,DDPM,1000
fashion_04709.png,2,pulôver,0.779785,DDPM,1000
fashion_04710.png,2,pulôver,0.458000,DDPM,1000
fashion_04711.png,2,pulôver,0.484794,DDPM,1000
fashion_04712.png,8,bolsa,0.869896,DDPM,1000
fashion_04713.png,2,pulôver,0.994960,DDPM,1000
fashion_04714.png,0,camiseta,0.548523,DDPM,1000
fashion_04715.png,2,pulôver,0.833841,DDPM,1000
fashion_04716.png,8,bolsa,0.999903,DDPM,1000
fashion_04717.png,0,camiseta,0.611800,DDPM,1000
fashion_04718.png,6,camisa,0.992873,DDPM,1000
fashion_04719.png,6,camisa,0.535922,DDPM,1000
fashion_04720.png,6,camisa,0.787679,DDPM,1000
fashion_04721.png,8,bolsa,0.999218,DDPM,1000
fashion_04722.png,6,camisa,0.444448,DDPM,1000
fashion_04723.png,4,casaco,0.924442,DDPM,1000
fashion_04724.png,8,bolsa,0.580020,DDPM,1000
fashion_04725.png,2,pulôver,0.979023,DDPM,1000
fashion_04726.png,2,pulôver,0.403558,DDPM,1000
fashion_04727.png,6,camisa,0.922548,DDPM,1000
fashion_04728.png,6,camisa,0.696622,DDPM,1000
fashion_04729.png,2,pulôver,0.988248,DDPM,1000
fashion_04730.png,3,vestido,0.983014,DDPM,1000
fashion_04731.png,4,casaco,0.334500,DDPM,1000
fashion_04732.png,4,casaco,0.431027,DDPM,1000
fashion_04733.png,6,camisa,0.858415,DDPM,1000
fashion_04734.png,8,bolsa,0.885430,DDPM,1000
fashion_04735.png,6,camisa,0.534990,DDPM,1000
fashion_04736.png,4,casaco,0.918671,DDPM,1000
fashion_04737.png,2,pulôver,0.970126,DDPM,1000
fashion_04738.png,8,bolsa,0.358543,DDPM,1000
fashion_04739.png,6,camisa,0.765714,DDPM,1000
fashion_04740.png,4,casaco,0.494192,DDPM,1000
fashion_04741.png,8,bolsa,0.628339,DDPM,1000
fashion_04742.png,5,sandália,0.893122,DDPM,1000
fashion_04743.png,6,camisa,0.679355,DDPM,1000
fashion_04744.png,4,casaco,0.684917,DDPM,1000
fashion_04745.png,6,camisa,0.597243,DDPM,1000
fashion_04746.png,2,pulôver,0.556961,DDPM,1000
fashion_04747.png,2,pulôver,0.585935,DDPM,1000
fashion_04748.png,0,camiseta,0.629149,DDPM,1000
fashion_04749.png,6,camisa,0.445965,DDPM,1000
fashion_04750.png,3,vestido,0.588664,DDPM,1000
fashion_04751.png,6,camisa,0.641973,DDPM,1000
fashion_04752.png,8,bolsa,0.394261,DDPM,1000
fashion_04753.png,4,casaco,0.841344,DDPM,1000
fashion_04754.png,2,pulôver,0.544326,DDPM,1000
fashion_04755.png,8,bolsa,0.905906,DDPM,1000
fashion_04756.png,8,bolsa,0.625797,DDPM,1000
fashion_04757.png,8,bolsa,0.615576,DDPM,1000
fashion_04758.png,4,casaco,0.494823,DDPM,1000
fashion_04759.png,6,camisa,0.477617,DDPM,1000
fashion_04760.png,6,camisa,0.642290,DDPM,1000
fashion_04761.png,4,casaco,0.576657,DDPM,1000
fashion_04762.png,0,camiseta,0.586303,DDPM,1000
fashion_04763.png,3,vestido,0.563730,DDPM,1000
fashion_04764.png,6,camisa,0.605774,DDPM,1000
fashion_04765.png,8,bolsa,0.782413,DDPM,1000
fashion_04766.png,6,camisa,0.989759,DDPM,1000
fashion_04767.png,2,pulôver,0.448496,DDPM,1000
fashion_04768.png,4,casaco,0.750875,DDPM,1000
fashion_04769.png,0,camiseta,0.870677,DDPM,1000
fashion_04770.png,6,camisa,0.539985,DDPM,1000
fashion_04771.png,9,bota,0.472252,DDPM,1000
fashion_04772.png,0,camiseta,0.585172,DDPM,1000
fashion_04773.png,8,bolsa,0.996601,DDPM,1000
fashion_04774.png,2,pulôver,0.641348,DDPM,1000
fashion_04775.png,0,camiseta,0.917851,DDPM,1000
fashion_04776.png,6,camisa,0.487825,DDPM,1000
fashion_04777.png,3,vestido,0.784147,DDPM,1000
fashion_04778.png,8,bolsa,0.915078,DDPM,1000
fashion_04779.png,8,bolsa,0.574324,DDPM,1000
fashion_04780.png,2,pulôver,0.492154,DDPM,1000
fashion_04781.png,6,camisa,0.537734,DDPM,1000
fashion_04782.png,4,casaco,0.407360,DDPM,1000
fashion_04783.png,0,camiseta,0.675497,DDPM,1000
fashion_04784.png,8,bolsa,0.723216,DDPM,1000
fashion_04785.png,8,bolsa,0.297109,DDPM,1000
fashion_04786.png,6,camisa,0.787337,DDPM,1000
fashion_04787.png,0,camiseta,0.855204,DDPM,1000
fashion_04788.png,9,bota,0.983234,DDPM,1000
fashion_04789.png,4,casaco,0.794872,DDPM,1000
fashion_04790.png,2,pulôver,0.914566,DDPM,1000
fashion_04791.png,8,bolsa,0.983601,DDPM,1000
fashion_04792.png,0,camiseta,0.884854,DDPM,1000
fashion_04793.png,2,pulôver,0.930459,DDPM,1000
fashion_04794.png,2,pulôver,0.669175,DDPM,1000
fashion_04795.png,2,pulôver,0.463591,DDPM,1000
fashion_04796.png,8,bolsa,0.670626,DDPM,1000
fashion_04797.png,2,pulôver,0.680880,DDPM,1000
fashion_04798.png,6,camisa,0.639397,DDPM,1000
fashion_04799.png,6,camisa,0.986941,DDPM,1000
fashion_04800.png,5,sandália,0.999903,DDPM,1000
fashion_04801.png,6,camisa,0.709712,DDPM,1000
fashion_04802.png,4,casaco,0.477890,DDPM,1000
fashion_04803.png,6,camisa,0.393412,DDPM,1000
fashion_04804.png,9,bota,0.998311,DDPM,1000
fashion_04805.png,6,camisa,0.806490,DDPM,1000
fashion_04806.png,6,camisa,0.447340,DDPM,1000
fashion_04807.png,8,bolsa,0.848756,DDPM,1000
fashion_04808.png,8,bolsa,0.446163,DDPM,1000
fashion_04809.png,4,casaco,0.334897,DDPM,1000
fashion_04810.png,2,pulôver,0.391092,DDPM,1000
fashion_04811.png,4,casaco,0.634424,DDPM,1000
fashion_04812.png,2,pulôver,0.718960,DDPM,1000
fashion_04813.png,0,camiseta,0.675640,DDPM,1000
fashion_04814.png,8,bolsa,0.963185,DDPM,1000
fashion_04815.png,8,bolsa,0.999791,DDPM,1000
fashion_04816.png,2,pulôver,0.502951,DDPM,1000
fashion_04817.png,2,pulôver,0.957764,DDPM,1000
fashion_04818.png,4,casaco,0.646835,DDPM,1000
fashion_04819.png,8,bolsa,0.869864,DDPM,1000
fashion_04820.png,0,camiseta,0.413567,DDPM,1000
fashion_04821.png,2,pulôver,0.606525,DDPM,1000
fashion_04822.png,8,bolsa,0.613750,DDPM,1000
fashion_04823.png,6,camisa,0.310444,DDPM,1000
fashion_04824.png,6,camisa,0.709716,DDPM,1000
fashion_04825.png,6,camisa,0.968525,DDPM,1000
fashion_04826.png,2,pulôver,0.919022,DDPM,1000
fashion_04827.png,0,camiseta,0.724422,DDPM,1000
fashion_04828.png,3,vestido,0.448627,DDPM,1000
fashion_04829.png,9,bota,0.697161,DDPM,1000
fashion_04830.png,6,camisa,0.370085,DDPM,1000
fashion_04831.png,6,camisa,0.994159,DDPM,1000
fashion_04832.png,6,camisa,0.606058,DDPM,1000
fashion_04833.png,0,camiseta,0.512848,DDPM,1000
fashion_04834.png,6,camisa,0.578994,DDPM,1000
fashion_04835.png,8,bolsa,0.998960,DDPM,1000
fashion_04836.png,6,camisa,0.727355,DDPM,1000
fashion_04837.png,6,camisa,0.493539,DDPM,1000
fashion_04838.png,8,bolsa,0.437366,DDPM,1000
fashion_04839.png,0,camiseta,0.612826,DDPM,1000
fashion_04840.png,2,pulôver,0.409764,DDPM,1000
fashion_04841.png,4,casaco,0.485918,DDPM,1000
fashion_04842.png,6,camisa,0.448067,DDPM,1000
fashion_04843.png,0,camiseta,0.891771,DDPM,1000
fashion_04844.png,2,pulôver,0.546407,DDPM,1000
fashion_04845.png,2,pulôver,0.582953,DDPM,1000
fashion_04846.png,6,camisa,0.863037,DDPM,1000
fashion_04847.png,4,casaco,0.955684,DDPM,1000
fashion_04848.png,4,casaco,0.478161,DDPM,1000
fashion_04849.png,6,camisa,0.828352,DDPM,1000
fashion_04850.png,0,camiseta,0.733834,DDPM,1000
fashion_04851.png,2,pulôver,0.714065,DDPM,1000
fashion_04852.png,6,camisa,0.871642,DDPM,1000
fashion_04853.png,0,camiseta,0.383676,DDPM,1000
fashion_04854.png,8,bolsa,0.639967,DDPM,1000
fashion_04855.png,8,bolsa,0.959676,DDPM,1000
fashion_04856.png,8,bolsa,0.453512,DDPM,1000
fashion_04857.png,9,bota,0.995586,DDPM,1000
fashion_04858.png,8,bolsa,0.981572,DDPM,1000
fashion_04859.png,2,pulôver,0.362494,DDPM,1000
fashion_04860.png,8,bolsa,0.471792,DDPM,1000
fashion_04861.png,6,camisa,0.941366,DDPM,1000
fashion_04862.png,7,tênis,0.945892,DDPM,1000
fashion_04863.png,2,pulôver,0.602683,DDPM,1000
fashion_04864.png,6,camisa,0.312031,DDPM,1000
fashion_04865.png,0,camiseta,0.600642,DDPM,1000
fashion_04866.png,2,pulôver,0.510069,DDPM,1000
fashion_04867.png,6,camisa,0.657590,DDPM,1000
fashion_04868.png,8,bolsa,0.843170,DDPM,1000
fashion_04869.png,6,camisa,0.856117,DDPM,1000
fashion_04870.png,4,casaco,0.571690,DDPM,1000
fashion_04871.png,6,camisa,0.671963,DDPM,1000
fashion_04872.png,3,vestido,0.560078,DDPM,1000
fashion_04873.png,2,pulôver,0.803880,DDPM,1000
fashion_04874.png,9,bota,0.650987,DDPM,1000
fashion_04875.png,6,camisa,0.764958,DDPM,1000
fashion_04876.png,9,bota,0.975539,DDPM,1000
fashion_04877.png,8,bolsa,0.390438,DDPM,1000
fashion_04878.png,6,camisa,0.442934,DDPM,1000
fashion_04879.png,9,bota,0.337194,DDPM,1000
fashion_04880.png,0,camiseta,0.794730,DDPM,1000
fashion_04881.png,8,bolsa,0.997409,DDPM,1000
fashion_04882.png,2,pulôver,0.699290,DDPM,1000
fashion_04883.png,8,bolsa,0.518675,DDPM,1000
fashion_04884.png,4,casaco,0.461830,DDPM,1000
fashion_04885.png,9,bota,0.881573,DDPM,1000
fashion_04886.png,6,camisa,0.700926,DDPM,1000
fashion_04887.png,4,casaco,0.677973,DDPM,1000
fashion_04888.png,4,casaco,0.290235,DDPM,1000
fashion_04889.png,2,pulôver,0.989969,DDPM,1000
fashion_04890.png,0,camiseta,0.551136,DDPM,1000
fashion_04891.png,6,camisa,0.677406,DDPM,1000
fashion_04892.png,6,camisa,0.513455,DDPM,1000
fashion_04893.png,4,casaco,0.713060,DDPM,1000
fashion_04894.png,4,casaco,0.587877,DDPM,1000
fashion_04895.png,2,pulôver,0.484054,DDPM,1000
fashion_04896.png,7,tênis,0.509158,DDPM,1000
fashion_04897.png,6,camisa,0.883815,DDPM,1000
fashion_04898.png,0,camiseta,0.312341,DDPM,1000
fashion_04899.png,6,camisa,0.981048,DDPM,1000
fashion_04900.png,1,calça,0.999303,DDPM,1000
fashion_04901.png,0,camiseta,0.378803,DDPM,1000
fashion_04902.png,6,camisa,0.833882,DDPM,1000
fashion_04903.png,6,camisa,0.496049,DDPM,1000
fashion_04904.png,0,camiseta,0.515610,DDPM,1000
fashion_04905.png,1,calça,0.597170,DDPM,1000
fashion_04906.png,8,bolsa,0.553707,DDPM,1000
fashion_04907.png,8,bolsa,0.831212,DDPM,1000
fashion_04908.png,6,camisa,0.818530,DDPM,1000
fashion_04909.png,8,bolsa,0.976865,DDPM,1000
fashion_04910.png,6,camisa,0.910575,DDPM,1000
fashion_04911.png,6,camisa,0.530625,DDPM,1000
fashion_04912.png,9,bota,0.896210,DDPM,1000
fashion_04913.png,4,casaco,0.613824,DDPM,1000
fashion_04914.png,2,pulôver,0.735061,DDPM,1000
fashion_04915.png,0,camiseta,0.445549,DDPM,1000
fashion_04916.png,4,casaco,0.729353,DDPM,1000
fashion_04917.png,0,camiseta,0.888530,DDPM,1000
fashion_04918.png,8,bolsa,0.875110,DDPM,1000
fashion_04919.png,3,vestido,0.845038,DDPM,1000
fashion_04920.png,9,bota,0.375986,DDPM,1000
fashion_04921.png,0,camiseta,0.405001,DDPM,1000
fashion_04922.png,2,pulôver,0.781040,DDPM,1000
fashion_04923.png,6,camisa,0.732660,DDPM,1000
fashion_04924.png,9,bota,0.930005,DDPM,1000
fashion_04925.png,6,camisa,0.940033,DDPM,1000
fashion_04926.png,2,pulôver,0.987463,DDPM,1000
fashion_04927.png,4,casaco,0.499324,DDPM,1000
fashion_04928.png,6,camisa,0.458116,DDPM,1000
fashion_04929.png,2,pulôver,0.476629,DDPM,1000
fashion_04930.png,8,bolsa,0.883376,DDPM,1000
fashion_04931.png,8,bolsa,0.911921,DDPM,1000
fashion_04932.png,4,casaco,0.497591,DDPM,1000
fashion_04933.png,6,camisa,0.592272,DDPM,1000
fashion_04934.png,4,casaco,0.543704,DDPM,1000
fashion_04935.png,6,camisa,0.732033,DDPM,1000
fashion_04936.png,4,casaco,0.816416,DDPM,1000
fashion_04937.png,2,pulôver,0.641455,DDPM,1000
fashion_04938.png,7,tênis,0.515496,DDPM,1000
fashion_04939.png,0,camiseta,0.492619,DDPM,1000
fashion_04940.png,6,camisa,0.850100,DDPM,1000
fashion_04941.png,2,pulôver,0.951397,DDPM,1000
fashion_04942.png,4,casaco,0.621132,DDPM,1000
fashion_04943.png,3,vestido,0.450365,DDPM,1000
fashion_04944.png,6,camisa,0.734251,DDPM,1000
fashion_04945.png,8,bolsa,0.925754,DDPM,1000
fashion_04946.png,6,camisa,0.564140,DDPM,1000
fashion_04947.png,0,camiseta,0.763676,DDPM,1000
fashion_04948.png,2,pulôver,0.631244,DDPM,1000
fashion_04949.png,4,casaco,0.749300,DDPM,1000
fashion_04950.png,4,casaco,0.890153,DDPM,1000
fashion_04951.png,3,vestido,0.706532,DDPM,1000
fashion_04952.png,3,vestido,0.975161,DDPM,1000
fashion_04953.png,0,camiseta,0.930663,DDPM,1000
fashion_04954.png,9,bota,0.994269,DDPM,1000
fashion_04955.png,6,camisa,0.485872,DDPM,1000
fashion_04956.png,6,camisa,0.561511,DDPM,1000
fashion_04957.png,2,pulôver,0.864125,DDPM,1000
fashion_04958.png,3,vestido,0.658041,DDPM,1000
fashion_04959.png,6,camisa,0.524566,DDPM,1000
fashion_04960.png,8,bolsa,0.800308,DDPM,1000
fashion_04961.png,2,pulôver,0.653441,DDPM,1000
fashion_04962.png,0,camiseta,0.592675,DDPM,1000
fashion_04963.png,6,camisa,0.491689,DDPM,1000
fashion_04964.png,1,calça,0.447314,DDPM,1000
fashion_04965.png,1,calça,0.971346,DDPM,1000
fashion_04966.png,2,pulôver,0.562821,DDPM,1000
fashion_04967.png,2,pulôver,0.460985,DDPM,1000
fashion_04968.png,8,bolsa,0.999953,DDPM,1000
fashion_04969.png,2,pulôver,0.985307,DDPM,1000
fashion_04970.png,3,vestido,0.481369,DDPM,1000
fashion_04971.png,6,camisa,0.897008,DDPM,1000
fashion_04972.png,6,camisa,0.368497,DDPM,1000
fashion_04973.png,6,camisa,0.746109,DDPM,1000
fashion_04974.png,8,bolsa,0.821407,DDPM,1000
fashion_04975.png,9,bota,0.992120,DDPM,1000
fashion_04976.png,6,camisa,0.537102,DDPM,1000
fashion_04977.png,8,bolsa,0.678766,DDPM,1000
fashion_04978.png,0,camiseta,0.708187,DDPM,1000
fashion_04979.png,6,camisa,0.771598,DDPM,1000
fashion_04980.png,6,camisa,0.488110,DDPM,1000
fashion_04981.png,8,bolsa,0.981195,DDPM,1000
fashion_04982.png,2,pulôver,0.640421,DDPM,1000
fashion_04983.png,2,pulôver,0.937289,DDPM,1000
fashion_04984.png,0,camiseta,0.266403,DDPM,1000
fashion_04985.png,2,pulôver,0.488188,DDPM,1000
fashion_04986.png,0,camiseta,0.866331,DDPM,1000
fashion_04987.png,0,camiseta,0.280951,DDPM,1000
fashion_04988.png,4,casaco,0.729805,DDPM,1000
fashion_04989.png,2,pulôver,0.915126,DDPM,1000
fashion_04990.png,2,pulôver,0.966797,DDPM,1000
fashion_04991.png,6,camisa,0.515034,DDPM,1000
fashion_04992.png,2,pulôver,0.553079,DDPM,1000
fashion_04993.png,8,bolsa,0.973052,DDPM,1000
fashion_04994.png,4,casaco,0.466206,DDPM,1000
fashion_04995.png,2,pulôver,0.669442,DDPM,1000
fashion_04996.png,6,camisa,0.823689,DDPM,1000
fashion_04997.png,8,bolsa,0.983392,DDPM,1000
fashion_04998.png,2,pulôver,0.721528,DDPM,1000
fashion_04999.png,6,camisa,0.811971,DDPM,1000
fashion_05000.png,2,pulôver,0.867295,DDPM,1000
fashion_05001.png,6,camisa,0.588810,DDPM,1000
fashion_05002.png,6,camisa,0.712430,DDPM,1000
fashion_05003.png,6,camisa,0.914977,DDPM,1000
fashion_05004.png,0,camiseta,0.465264,DDPM,1000
fashion_05005.png,2,pulôver,0.552382,DDPM,1000
fashion_05006.png,2,pulôver,0.869827,DDPM,1000
fashion_05007.png,6,camisa,0.347793,DDPM,1000
fashion_05008.png,8,bolsa,0.585837,DDPM,1000
fashion_05009.png,2,pulôver,0.607179,DDPM,1000
fashion_05010.png,8,bolsa,0.811076,DDPM,1000
fashion_05011.png,6,camisa,0.834203,DDPM,1000
fashion_05012.png,5,sandália,0.968520,DDPM,1000
fashion_05013.png,2,pulôver,0.729110,DDPM,1000
fashion_05014.png,6,camisa,0.878008,DDPM,1000
fashion_05015.png,2,pulôver,0.549013,DDPM,1000
fashion_05016.png,6,camisa,0.511681,DDPM,1000
fashion_05017.png,3,vestido,0.391105,DDPM,1000
fashion_05018.png,8,bolsa,0.575071,DDPM,1000
fashion_05019.png,2,pulôver,0.826806,DDPM,1000
fashion_05020.png,6,camisa,0.468076,DDPM,1000
fashion_05021.png,8,bolsa,0.999986,DDPM,1000
fashion_05022.png,8,bolsa,0.830656,DDPM,1000
fashion_05023.png,8,bolsa,0.999979,DDPM,1000
fashion_05024.png,8,bolsa,0.930059,DDPM,1000
fashion_05025.png,5,sandália,0.944914,DDPM,1000
fashion_05026.png,0,camiseta,0.802139,DDPM,1000
fashion_05027.png,0,camiseta,0.436493,DDPM,1000
fashion_05028.png,6,camisa,0.852798,DDPM,1000
fashion_05029.png,3,vestido,0.520541,DDPM,1000
fashion_05030.png,6,camisa,0.981073,DDPM,1000
fashion_05031.png,9,bota,0.720348,DDPM,1000
fashion_05032.png,8,bolsa,0.979425,DDPM,1000
fashion_05033.png,2,pulôver,0.605114,DDPM,1000
fashion_05034.png,6,camisa,0.648833,DDPM,1000
fashion_05035.png,1,calça,0.374511,DDPM,1000
fashion_05036.png,8,bolsa,0.997447,DDPM,1000
fashion_05037.png,4,casaco,0.783636,DDPM,1000
fashion_05038.png,9,bota,0.836163,DDPM,1000
fashion_05039.png,3,vestido,0.448042,DDPM,1000
fashion_05040.png,0,camiseta,0.382547,DDPM,1000
fashion_05041.png,2,pulôver,0.970396,DDPM,1000
fashion_05042.png,2,pulôver,0.984300,DDPM,1000
fashion_05043.png,6,camisa,0.562544,DDPM,1000
fashion_05044.png,6,camisa,0.520889,DDPM,1000
fashion_05045.png,8,bolsa,0.617457,DDPM,1000
fashion_05046.png,2,pulôver,0.780211,DDPM,1000
fashion_05047.png,0,camiseta,0.956854,DDPM,1000
fashion_05048.png,2,pulôver,0.899560,DDPM,1000
fashion_05049.png,6,camisa,0.528437,DDPM,1000
fashion_05050.png,8,bolsa,0.426940,DDPM,1000
fashion_05051.png,2,pulôver,0.733611,DDPM,1000
fashion_05052.png,0,camiseta,0.871166,DDPM,1000
fashion_05053.png,4,casaco,0.545125,DDPM,1000
fashion_05054.png,6,camisa,0.704518,DDPM,1000
fashion_05055.png,6,camisa,0.818663,DDPM,1000
fashion_05056.png,7,tênis,0.906831,DDPM,1000
fashion_05057.png,0,camiseta,0.662271,DDPM,1000
fashion_05058.png,8,bolsa,0.592516,DDPM,1000
fashion_05059.png,8,bolsa,0.826690,DDPM,1000
fashion_05060.png,6,camisa,0.469351,DDPM,1000
fashion_05061.png,4,casaco,0.992184,DDPM,1000
fashion_05062.png,9,bota,0.820383,DDPM,1000
fashion_05063.png,4,casaco,0.628866,DDPM,1000
fashion_05064.png,4,casaco,0.921460,DDPM,1000
fashion_05065.png,6,camisa,0.737162,DDPM,1000
fashion_05066.png,6,camisa,0.877386,DDPM,1000
fashion_05067.png,6,camisa,0.614899,DDPM,1000
fashion_05068.png,1,calça,0.510480,DDPM,1000
fashion_05069.png,6,camisa,0.968260,DDPM,1000
fashion_05070.png,6,camisa,0.404646,DDPM,1000
fashion_05071.png,2,pulôver,0.706713,DDPM,1000
fashion_05072.png,2,pulôver,0.872988,DDPM,1000
fashion_05073.png,8,bolsa,0.996081,DDPM,1000
fashion_05074.png,2,pulôver,0.609126,DDPM,1000
fashion_05075.png,8,bolsa,0.939671,DDPM,1000
fashion_05076.png,8,bolsa,0.860961,DDPM,1000
fashion_05077.png,4,casaco,0.473443,DDPM,1000
fashion_05078.png,4,casaco,0.959086,DDPM,1000
fashion_05079.png,3,vestido,0.922873,DDPM,1000
fashion_05080.png,3,vestido,0.964090,DDPM,1000
fashion_05081.png,6,camisa,0.655649,DDPM,1000
fashion_05082.png,8,bolsa,0.997244,DDPM,1000
fashion_05083.png,8,bolsa,0.999567,DDPM,1000
fashion_05084.png,2,pulôver,0.746273,DDPM,1000
fashion_05085.png,8,bolsa,0.973877,DDPM,1000
fashion_05086.png,8,bolsa,0.912995,DDPM,1000
fashion_05087.png,4,casaco,0.456074,DDPM,1000
fashion_05088.png,8,bolsa,0.592646,DDPM,1000
fashion_05089.png,6,camisa,0.499421,DDPM,1000
fashion_05090.png,3,vestido,0.704258,DDPM,1000
fashion_05091.png,4,casaco,0.494807,DDPM,1000
fashion_05092.png,2,pulôver,0.700686,DDPM,1000
fashion_05093.png,6,camisa,0.722268,DDPM,1000
fashion_05094.png,8,bolsa,0.537792,DDPM,1000
fashion_05095.png,6,camisa,0.771658,DDPM,1000
fashion_05096.png,2,pulôver,0.506755,DDPM,1000
fashion_05097.png,6,camisa,0.338635,DDPM,1000
fashion_05098.png,4,casaco,0.305836,DDPM,1000
fashion_05099.png,8,bolsa,0.813582,DDPM,1000
fashion_05100.png,4,casaco,0.510832,DDPM,1000
fashion_05101.png,0,camiseta,0.656804,DDPM,1000
fashion_05102.png,2,pulôver,0.697455,DDPM,1000
fashion_05103.png,8,bolsa,0.766564,DDPM,1000
fashion_05104.png,8,bolsa,0.986435,DDPM,1000
fashion_05105.png,8,bolsa,0.919049,DDPM,1000
fashion_05106.png,6,camisa,0.399672,DDPM,1000
fashion_05107.png,0,camiseta,0.831549,DDPM,1000
fashion_05108.png,8,bolsa,0.868100,DDPM,1000
fashion_05109.png,8,bolsa,0.537781,DDPM,1000
fashion_05110.png,8,bolsa,0.757403,DDPM,1000
fashion_05111.png,9,bota,0.560841,DDPM,1000
fashion_05112.png,6,camisa,0.551188,DDPM,1000
fashion_05113.png,6,camisa,0.739364,DDPM,1000
fashion_05114.png,6,camisa,0.879780,DDPM,1000
fashion_05115.png,0,camiseta,0.922490,DDPM,1000
fashion_05116.png,4,casaco,0.931391,DDPM,1000
fashion_05117.png,8,bolsa,0.994198,DDPM,1000
fashion_05118.png,3,vestido,0.405547,DDPM,1000
fashion_05119.png,6,camisa,0.341641,DDPM,1000
fashion_05120.png,6,camisa,0.598263,DDPM,1000
fashion_05121.png,6,camisa,0.270789,DDPM,1000
fashion_05122.png,6,camisa,0.941935,DDPM,1000
fashion_05123.png,6,camisa,0.437312,DDPM,1000
fashion_05124.png,6,camisa,0.864568,DDPM,1000
fashion_05125.png,6,camisa,0.984942,DDPM,1000
fashion_05126.png,0,camiseta,0.689768,DDPM,1000
fashion_05127.png,6,camisa,0.368916,DDPM,1000
fashion_05128.png,2,pulôver,0.586101,DDPM,1000
fashion_05129.png,6,camisa,0.792923,DDPM,1000
fashion_05130.png,8,bolsa,0.999452,DDPM,1000
fashion_05131.png,8,bolsa,0.949087,DDPM,1000
fashion_05132.png,6,camisa,0.503210,DDPM,1000
fashion_05133.png,6,camisa,0.912679,DDPM,1000
fashion_05134.png,4,casaco,0.473424,DDPM,1000
fashion_05135.png,2,pulôver,0.764362,DDPM,1000
fashion_05136.png,2,pulôver,0.987719,DDPM,1000
fashion_05137.png,0,camiseta,0.715453,DDPM,1000
fashion_05138.png,0,camiseta,0.979138,DDPM,1000
fashion_05139.png,3,vestido,0.494597,DDPM,1000
fashion_05140.png,2,pulôver,0.741121,DDPM,1000
fashion_05141.png,8,bolsa,0.995616,DDPM,1000
fashion_05142.png,6,camisa,0.801117,DDPM,1000
fashion_05143.png,6,camisa,0.456434,DDPM,1000
fashion_05144.png,5,sandália,0.977942,DDPM,1000
fashion_05145.png,0,camiseta,0.388385,DDPM,1000
fashion_05146.png,6,camisa,0.454971,DDPM,1000
fashion_05147.png,2,pulôver,0.505905,DDPM,1000
fashion_05148.png,2,pulôver,0.737729,DDPM,1000
fashion_05149.png,6,camisa,0.733061,DDPM,1000
fashion_05150.png,4,casaco,0.512108,DDPM,1000
fashion_05151.png,6,camisa,0.542164,DDPM,1000
fashion_05152.png,4,casaco,0.632370,DDPM,1000
fashion_05153.png,6,camisa,0.741439,DDPM,1000
fashion_05154.png,2,pulôver,0.786804,DDPM,1000
fashion_05155.png,2,pulôver,0.397703,DDPM,1000
fashion_05156.png,8,bolsa,0.553373,DDPM,1000
fashion_05157.png,0,camiseta,0.563674,DDPM,1000
fashion_05158.png,0,camiseta,0.436112,DDPM,1000
fashion_05159.png,6,camisa,0.471205,DDPM,1000
fashion_05160.png,2,pulôver,0.869367,DDPM,1000
fashion_05161.png,3,vestido,0.637377,DDPM,1000
fashion_05162.png,2,pulôver,0.520419,DDPM,1000
fashion_05163.png,2,pulôver,0.454635,DDPM,1000
fashion_05164.png,6,camisa,0.629831,DDPM,1000
fashion_05165.png,2,pulôver,0.889844,DDPM,1000
fashion_05166.png,2,pulôver,0.347593,DDPM,1000
fashion_05167.png,4,casaco,0.859006,DDPM,1000
fashion_05168.png,6,camisa,0.891560,DDPM,1000
fashion_05169.png,2,pulôver,0.943627,DDPM,1000
fashion_05170.png,0,camiseta,0.509103,DDPM,1000
fashion_05171.png,0,camiseta,0.348873,DDPM,1000
fashion_05172.png,3,vestido,0.659336,DDPM,1000
fashion_05173.png,2,pulôver,0.549314,DDPM,1000
fashion_05174.png,8,bolsa,0.354120,DDPM,1000
fashion_05175.png,6,camisa,0.694244,DDPM,1000
fashion_05176.png,6,camisa,0.689213,DDPM,1000
fashion_05177.png,2,pulôver,0.617586,DDPM,1000
fashion_05178.png,8,bolsa,0.750846,DDPM,1000
fashion_05179.png,6,camisa,0.683186,DDPM,1000
fashion_05180.png,2,pulôver,0.726509,DDPM,1000
fashion_05181.png,8,bolsa,0.819295,DDPM,1000
fashion_05182.png,2,pulôver,0.597505,DDPM,1000
fashion_05183.png,0,camiseta,0.768463,DDPM,1000
fashion_05184.png,7,tênis,0.979353,DDPM,1000
fashion_05185.png,8,bolsa,0.799606,DDPM,1000
fashion_05186.png,0,camiseta,0.661839,DDPM,1000
fashion_05187.png,0,camiseta,0.815735,DDPM,1000
fashion_05188.png,2,pulôver,0.638026,DDPM,1000
fashion_05189.png,8,bolsa,0.709887,DDPM,1000
fashion_05190.png,8,bolsa,0.993529,DDPM,1000
fashion_05191.png,2,pulôver,0.581653,DDPM,1000
fashion_05192.png,3,vestido,0.590368,DDPM,1000
fashion_05193.png,0,camiseta,0.361881,DDPM,1000
fashion_05194.png,8,bolsa,0.403150,DDPM,1000
fashion_05195.png,6,camisa,0.451404,DDPM,1000
fashion_05196.png,6,camisa,0.455942,DDPM,1000
fashion_05197.png,6,camisa,0.498952,DDPM,1000
fashion_05198.png,9,bota,0.871493,DDPM,1000
fashion_05199.png,6,camisa,0.343700,DDPM,1000
fashion_05200.png,0,camiseta,0.552627,DDPM,1000
fashion_05201.png,8,bolsa,0.889006,DDPM,1000
fashion_05202.png,8,bolsa,0.885089,DDPM,1000
fashion_05203.png,0,camiseta,0.420725,DDPM,1000
fashion_05204.png,8,bolsa,0.634963,DDPM,1000
fashion_05205.png,6,camisa,0.720042,DDPM,1000
fashion_05206.png,3,vestido,0.306103,DDPM,1000
fashion_05207.png,8,bolsa,0.960643,DDPM,1000
fashion_05208.png,8,bolsa,0.829042,DDPM,1000
fashion_05209.png,4,casaco,0.687365,DDPM,1000
fashion_05210.png,4,casaco,0.640340,DDPM,1000
fashion_05211.png,0,camiseta,0.614596,DDPM,1000
fashion_05212.png,0,camiseta,0.638323,DDPM,1000
fashion_05213.png,6,camisa,0.774696,DDPM,1000
fashion_05214.png,2,pulôver,0.379148,DDPM,1000
fashion_05215.png,0,camiseta,0.948402,DDPM,1000
fashion_05216.png,2,pulôver,0.388617,DDPM,1000
fashion_05217.png,8,bolsa,0.454150,DDPM,1000
fashion_05218.png,2,pulôver,0.769641,DDPM,1000
fashion_05219.png,6,camisa,0.377434,DDPM,1000
fashion_05220.png,2,pulôver,0.880124,DDPM,1000
fashion_05221.png,0,camiseta,0.630314,DDPM,1000
fashion_05222.png,6,camisa,0.599785,DDPM,1000
fashion_05223.png,8,bolsa,0.900609,DDPM,1000
fashion_05224.png,6,camisa,0.686204,DDPM,1000
fashion_05225.png,6,camisa,0.924683,DDPM,1000
fashion_05226.png,0,camiseta,0.530211,DDPM,1000
fashion_05227.png,6,camisa,0.804137,DDPM,1000
fashion_05228.png,0,camiseta,0.601349,DDPM,1000
fashion_05229.png,8,bolsa,0.926530,DDPM,1000
fashion_05230.png,2,pulôver,0.628684,DDPM,1000
fashion_05231.png,0,camiseta,0.646923,DDPM,1000
fashion_05232.png,0,camiseta,0.713838,DDPM,1000
fashion_05233.png,3,vestido,0.663629,DDPM,1000
fashion_05234.png,8,bolsa,0.971357,DDPM,1000
fashion_05235.png,6,camisa,0.469538,DDPM,1000
fashion_05236.png,9,bota,0.477169,DDPM,1000
fashion_05237.png,2,pulôver,0.977936,DDPM,1000
fashion_05238.png,6,camisa,0.502984,DDPM,1000
fashion_05239.png,2,pulôver,0.810197,DDPM,1000
fashion_05240.png,2,pulôver,0.795997,DDPM,1000
fashion_05241.png,2,pulôver,0.962640,DDPM,1000
fashion_05242.png,4,casaco,0.886400,DDPM,1000
fashion_05243.png,6,camisa,0.806821,DDPM,1000
fashion_05244.png,6,camisa,0.742805,DDPM,1000
fashion_05245.png,6,camisa,0.331709,DDPM,1000
fashion_05246.png,8,bolsa,0.657781,DDPM,1000
fashion_05247.png,0,camiseta,0.941381,DDPM,1000
fashion_05248.png,7,tênis,0.680330,DDPM,1000
fashion_05249.png,0,camiseta,0.588757,DDPM,1000
fashion_05250.png,2,pulôver,0.424742,DDPM,1000
fashion_05251.png,6,camisa,0.786907,DDPM,1000
fashion_05252.png,2,pulôver,0.656626,DDPM,1000
fashion_05253.png,6,camisa,0.290618,DDPM,1000
fashion_05254.png,2,pulôver,0.755511,DDPM,1000
fashion_05255.png,8,bolsa,0.987374,DDPM,1000
fashion_05256.png,4,casaco,0.559968,DDPM,1000
fashion_05257.png,6,camisa,0.392471,DDPM,1000
fashion_05258.png,6,camisa,0.591220,DDPM,1000
fashion_05259.png,2,pulôver,0.887278,DDPM,1000
fashion_05260.png,8,bolsa,0.995476,DDPM,1000
fashion_05261.png,8,bolsa,0.529474,DDPM,1000
fashion_05262.png,4,casaco,0.948460,DDPM,1000
fashion_05263.png,0,camiseta,0.441004,DDPM,1000
fashion_05264.png,6,camisa,0.462167,DDPM,1000
fashion_05265.png,6,camisa,0.589630,DDPM,1000
fashion_05266.png,2,pulôver,0.949582,DDPM,1000
fashion_05267.png,4,casaco,0.944198,DDPM,1000
fashion_05268.png,2,pulôver,0.704253,DDPM,1000
fashion_05269.png,8,bolsa,0.566773,DDPM,1000
fashion_05270.png,0,camiseta,0.820110,DDPM,1000
fashion_05271.png,8,bolsa,0.911723,DDPM,1000
fashion_05272.png,8,bolsa,0.999222,DDPM,1000
fashion_05273.png,1,calça,0.954723,DDPM,1000
fashion_05274.png,0,camiseta,0.777381,DDPM,1000
fashion_05275.png,8,bolsa,0.879174,DDPM,1000
fashion_05276.png,4,casaco,0.831652,DDPM,1000
fashion_05277.png,7,tênis,0.734183,DDPM,1000
fashion_05278.png,4,casaco,0.354292,DDPM,1000
fashion_05279.png,2,pulôver,0.960124,DDPM,1000
fashion_05280.png,0,camiseta,0.766071,DDPM,1000
fashion_05281.png,2,pulôver,0.724434,DDPM,1000
fashion_05282.png,3,vestido,0.989821,DDPM,1000
fashion_05283.png,2,pulôver,0.431750,DDPM,1000
fashion_05284.png,6,camisa,0.519798,DDPM,1000
fashion_05285.png,6,camisa,0.925282,DDPM,1000
fashion_05286.png,2,pulôver,0.581624,DDPM,1000
fashion_05287.png,4,casaco,0.311115,DDPM,1000
fashion_05288.png,8,bolsa,0.987018,DDPM,1000
fashion_05289.png,2,pulôver,0.423242,DDPM,1000
fashion_05290.png,0,camiseta,0.771246,DDPM,1000
fashion_05291.png,3,vestido,0.990126,DDPM,1000
fashion_05292.png,8,bolsa,0.569761,DDPM,1000
fashion_05293.png,6,camisa,0.676190,DDPM,1000
fashion_05294.png,8,bolsa,0.750516,DDPM,1000
fashion_05295.png,2,pulôver,0.488885,DDPM,1000
fashion_05296.png,3,vestido,0.620720,DDPM,1000
fashion_05297.png,3,vestido,0.928070,DDPM,1000
fashion_05298.png,2,pulôver,0.609682,DDPM,1000
fashion_05299.png,1,calça,0.931156,DDPM,1000
fashion_05300.png,2,pulôver,0.582729,DDPM,1000
fashion_05301.png,2,pulôver,0.398663,DDPM,1000
fashion_05302.png,5,sandália,0.847760,DDPM,1000
fashion_05303.png,2,pulôver,0.939901,DDPM,1000
fashion_05304.png,4,casaco,0.701474,DDPM,1000
fashion_05305.png,0,camiseta,0.963155,DDPM,1000
fashion_05306.png,6,camisa,0.946273,DDPM,1000
fashion_05307.png,6,camisa,0.536932,DDPM,1000
fashion_05308.png,8,bolsa,0.576129,DDPM,1000
fashion_05309.png,8,bolsa,0.374191,DDPM,1000
fashion_05310.png,2,pulôver,0.642038,DDPM,1000
fashion_05311.png,4,casaco,0.606300,DDPM,1000
fashion_05312.png,0,camiseta,0.433258,DDPM,1000
fashion_05313.png,8,bolsa,0.797442,DDPM,1000
fashion_05314.png,8,bolsa,0.929307,DDPM,1000
fashion_05315.png,2,pulôver,0.574635,DDPM,1000
fashion_05316.png,8,bolsa,0.669674,DDPM,1000
fashion_05317.png,9,bota,0.821160,DDPM,1000
fashion_05318.png,6,camisa,0.563224,DDPM,1000
fashion_05319.png,3,vestido,0.338988,DDPM,1000
fashion_05320.png,1,calça,0.769583,DDPM,1000
fashion_05321.png,4,casaco,0.445811,DDPM,1000
fashion_05322.png,2,pulôver,0.987244,DDPM,1000
fashion_05323.png,2,pulôver,0.922737,DDPM,1000
fashion_05324.png,4,casaco,0.596279,DDPM,1000
fashion_05325.png,6,camisa,0.435996,DDPM,1000
fashion_05326.png,0,camiseta,0.459614,DDPM,1000
fashion_05327.png,8,bolsa,0.559346,DDPM,1000
fashion_05328.png,4,casaco,0.593407,DDPM,1000
fashion_05329.png,0,camiseta,0.365059,DDPM,1000
fashion_05330.png,4,casaco,0.454279,DDPM,1000
fashion_05331.png,0,camiseta,0.334149,DDPM,1000
fashion_05332.png,8,bolsa,0.585535,DDPM,1000
fashion_05333.png,2,pulôver,0.628683,DDPM,1000
fashion_05334.png,6,camisa,0.357982,DDPM,1000
fashion_05335.png,4,casaco,0.923290,DDPM,1000
fashion_05336.png,4,casaco,0.298388,DDPM,1000
fashion_05337.png,2,pulôver,0.362583,DDPM,1000
fashion_05338.png,2,pulôver,0.848121,DDPM,1000
fashion_05339.png,0,camiseta,0.575985,DDPM,1000
fashion_05340.png,8,bolsa,0.770358,DDPM,1000
fashion_05341.png,8,bolsa,0.890194,DDPM,1000
fashion_05342.png,6,camisa,0.588976,DDPM,1000
fashion_05343.png,4,casaco,0.828285,DDPM,1000
fashion_05344.png,0,camiseta,0.457349,DDPM,1000
fashion_05345.png,6,camisa,0.294767,DDPM,1000
fashion_05346.png,6,camisa,0.936974,DDPM,1000
fashion_05347.png,6,camisa,0.632533,DDPM,1000
fashion_05348.png,8,bolsa,0.566752,DDPM,1000
fashion_05349.png,0,camiseta,0.573349,DDPM,1000
fashion_05350.png,2,pulôver,0.406791,DDPM,1000
fashion_05351.png,2,pulôver,0.815856,DDPM,1000
fashion_05352.png,2,pulôver,0.455983,DDPM,1000
fashion_05353.png,0,camiseta,0.379870,DDPM,1000
fashion_05354.png,2,pulôver,0.995735,DDPM,1000
fashion_05355.png,2,pulôver,0.897076,DDPM,1000
fashion_05356.png,6,camisa,0.906949,DDPM,1000
fashion_05357.png,0,camiseta,0.900118,DDPM,1000
fashion_05358.png,6,camisa,0.774607,DDPM,1000
fashion_05359.png,2,pulôver,0.301233,DDPM,1000
fashion_05360.png,4,casaco,0.894694,DDPM,1000
fashion_05361.png,8,bolsa,0.742352,DDPM,1000
fashion_05362.png,3,vestido,0.478004,DDPM,1000
fashion_05363.png,2,pulôver,0.921340,DDPM,1000
fashion_05364.png,4,casaco,0.661201,DDPM,1000
fashion_05365.png,8,bolsa,0.614358,DDPM,1000
fashion_05366.png,6,camisa,0.905513,DDPM,1000
fashion_05367.png,0,camiseta,0.999180,DDPM,1000
fashion_05368.png,5,sandália,0.461888,DDPM,1000
fashion_05369.png,6,camisa,0.394429,DDPM,1000
fashion_05370.png,3,vestido,0.891280,DDPM,1000
fashion_05371.png,6,camisa,0.352927,DDPM,1000
fashion_05372.png,2,pulôver,0.731319,DDPM,1000
fashion_05373.png,8,bolsa,0.999025,DDPM,1000
fashion_05374.png,9,bota,0.777354,DDPM,1000
fashion_05375.png,4,casaco,0.888903,DDPM,1000
fashion_05376.png,6,camisa,0.429391,DDPM,1000
fashion_05377.png,2,pulôver,0.570620,DDPM,1000
fashion_05378.png,8,bolsa,0.981297,DDPM,1000
fashion_05379.png,6,camisa,0.593524,DDPM,1000
fashion_05380.png,0,camiseta,0.992634,DDPM,1000
fashion_05381.png,6,camisa,0.678551,DDPM,1000
fashion_05382.png,2,pulôver,0.728633,DDPM,1000
fashion_05383.png,2,pulôver,0.554235,DDPM,1000
fashion_05384.png,0,camiseta,0.989729,DDPM,1000
fashion_05385.png,0,camiseta,0.466555,DDPM,1000
fashion_05386.png,8,bolsa,0.376244,DDPM,1000
fashion_05387.png,4,casaco,0.426537,DDPM,1000
fashion_05388.png,0,camiseta,0.368476,DDPM,1000
fashion_05389.png,6,camisa,0.515630,DDPM,1000
fashion_05390.png,6,camisa,0.920786,DDPM,1000
fashion_05391.png,2,pulôver,0.642440,DDPM,1000
fashion_05392.png,3,vestido,0.708782,DDPM,1000
fashion_05393.png,8,bolsa,0.963602,DDPM,1000
fashion_05394.png,6,camisa,0.706346,DDPM,1000
fashion_05395.png,6,camisa,0.803084,DDPM,1000
fashion_05396.png,8,bolsa,0.444757,DDPM,1000
fashion_05397.png,9,bota,0.990173,DDPM,1000
fashion_05398.png,8,bolsa,0.457342,DDPM,1000
fashion_05399.png,9,bota,0.995549,DDPM,1000
fashion_05400.png,6,camisa,0.322740,DDPM,1000
fashion_05401.png,8,bolsa,0.798220,DDPM,1000
fashion_05402.png,4,casaco,0.293887,DDPM,1000
fashion_05403.png,6,camisa,0.713597,DDPM,1000
fashion_05404.png,8,bolsa,0.831806,DDPM,1000
fashion_05405.png,4,casaco,0.977559,DDPM,1000
fashion_05406.png,4,casaco,0.761572,DDPM,1000
fashion_05407.png,8,bolsa,0.583014,DDPM,1000
fashion_05408.png,2,pulôver,0.382599,DDPM,1000
fashion_05409.png,6,camisa,0.472682,DDPM,1000
fashion_05410.png,0,camiseta,0.703107,DDPM,1000
fashion_05411.png,6,camisa,0.294917,DDPM,1000
fashion_05412.png,4,casaco,0.620346,DDPM,1000
fashion_05413.png,1,calça,0.883188,DDPM,1000
fashion_05414.png,2,pulôver,0.429403,DDPM,1000
fashion_05415.png,2,pulôver,0.658043,DDPM,1000
fashion_05416.png,5,sandália,0.984285,DDPM,1000
fashion_05417.png,2,pulôver,0.571022,DDPM,1000
fashion_05418.png,4,casaco,0.329071,DDPM,1000
fashion_05419.png,6,camisa,0.695482,DDPM,1000
fashion_05420.png,6,camisa,0.917582,DDPM,1000
fashion_05421.png,2,pulôver,0.793189,DDPM,1000
fashion_05422.png,2,pulôver,0.417883,DDPM,1000
fashion_05423.png,0,camiseta,0.941912,DDPM,1000
fashion_05424.png,2,pulôver,0.395444,DDPM,1000
fashion_05425.png,0,camiseta,0.580998,DDPM,1000
fashion_05426.png,4,casaco,0.469967,DDPM,1000
fashion_05427.png,8,bolsa,0.999792,DDPM,1000
fashion_05428.png,1,calça,0.678706,DDPM,1000
fashion_05429.png,2,pulôver,0.830976,DDPM,1000
fashion_05430.png,0,camiseta,0.787589,DDPM,1000
fashion_05431.png,2,pulôver,0.799400,DDPM,1000
fashion_05432.png,4,casaco,0.717834,DDPM,1000
fashion_05433.png,4,casaco,0.958977,DDPM,1000
fashion_05434.png,6,camisa,0.352100,DDPM,1000
fashion_05435.png,9,bota,0.690473,DDPM,1000
fashion_05436.png,8,bolsa,0.791663,DDPM,1000
fashion_05437.png,0,camiseta,0.475635,DDPM,1000
fashion_05438.png,8,bolsa,0.721382,DDPM,1000
fashion_05439.png,2,pulôver,0.830692,DDPM,1000
fashion_05440.png,8,bolsa,0.682163,DDPM,1000
fashion_05441.png,4,casaco,0.293960,DDPM,1000
fashion_05442.png,2,pulôver,0.627470,DDPM,1000
fashion_05443.png,6,camisa,0.436952,DDPM,1000
fashion_05444.png,8,bolsa,0.906815,DDPM,1000
fashion_05445.png,6,camisa,0.503930,DDPM,1000
fashion_05446.png,8,bolsa,0.842373,DDPM,1000
fashion_05447.png,2,pulôver,0.638666,DDPM,1000
fashion_05448.png,2,pulôver,0.523096,DDPM,1000
fashion_05449.png,8,bolsa,0.774230,DDPM,1000
fashion_05450.png,5,sandália,0.999102,DDPM,1000
fashion_05451.png,4,casaco,0.921319,DDPM,1000
fashion_05452.png,9,bota,0.511257,DDPM,1000
fashion_05453.png,0,camiseta,0.919074,DDPM,1000
fashion_05454.png,6,camisa,0.998752,DDPM,1000
fashion_05455.png,2,pulôver,0.897750,DDPM,1000
fashion_05456.png,8,bolsa,0.999891,DDPM,1000
fashion_05457.png,2,pulôver,0.999216,DDPM,1000
fashion_05458.png,0,camiseta,0.760414,DDPM,1000
fashion_05459.png,4,casaco,0.555853,DDPM,1000
fashion_05460.png,6,camisa,0.969306,DDPM,1000
fashion_05461.png,3,vestido,0.455563,DDPM,1000
fashion_05462.png,3,vestido,0.665421,DDPM,1000
fashion_05463.png,4,casaco,0.743985,DDPM,1000
fashion_05464.png,8,bolsa,0.999128,DDPM,1000
fashion_05465.png,3,vestido,0.449963,DDPM,1000
fashion_05466.png,6,camisa,0.886559,DDPM,1000
fashion_05467.png,8,bolsa,0.999067,DDPM,1000
fashion_05468.png,8,bolsa,0.969707,DDPM,1000
fashion_05469.png,6,camisa,0.827678,DDPM,1000
fashion_05470.png,6,camisa,0.793436,DDPM,1000
fashion_05471.png,8,bolsa,0.999904,DDPM,1000
fashion_05472.png,9,bota,0.735226,DDPM,1000
fashion_05473.png,2,pulôver,0.854140,DDPM,1000
fashion_05474.png,8,bolsa,0.439079,DDPM,1000
fashion_05475.png,0,camiseta,0.744207,DDPM,1000
fashion_05476.png,0,camiseta,0.584153,DDPM,1000
fashion_05477.png,6,camisa,0.892383,DDPM,1000
fashion_05478.png,2,pulôver,0.347982,DDPM,1000
fashion_05479.png,6,camisa,0.319901,DDPM,1000
fashion_05480.png,8,bolsa,0.478990,DDPM,1000
fashion_05481.png,2,pulôver,0.933775,DDPM,1000
fashion_05482.png,6,camisa,0.932005,DDPM,1000
fashion_05483.png,4,casaco,0.427487,DDPM,1000
fashion_05484.png,0,camiseta,0.444603,DDPM,1000
fashion_05485.png,6,camisa,0.812183,DDPM,1000
fashion_05486.png,6,camisa,0.762710,DDPM,1000
fashion_05487.png,7,tênis,0.999926,DDPM,1000
fashion_05488.png,4,casaco,0.395327,DDPM,1000
fashion_05489.png,9,bota,0.488163,DDPM,1000
fashion_05490.png,8,bolsa,0.520372,DDPM,1000
fashion_05491.png,6,camisa,0.611364,DDPM,1000
fashion_05492.png,6,camisa,0.250670,DDPM,1000
fashion_05493.png,2,pulôver,0.700712,DDPM,1000
fashion_05494.png,6,camisa,0.703057,DDPM,1000
fashion_05495.png,3,vestido,0.308551,DDPM,1000
fashion_05496.png,4,casaco,0.835542,DDPM,1000
fashion_05497.png,3,vestido,0.591042,DDPM,1000
fashion_05498.png,4,casaco,0.661314,DDPM,1000
fashion_05499.png,8,bolsa,0.941157,DDPM,1000
fashion_05500.png,1,calça,0.974195,DDPM,1000
fashion_05501.png,0,camiseta,0.488832,DDPM,1000
fashion_05502.png,6,camisa,0.881050,DDPM,1000
fashion_05503.png,6,camisa,0.534877,DDPM,1000
fashion_05504.png,6,camisa,0.376390,DDPM,1000
fashion_05505.png,2,pulôver,0.768754,DDPM,1000
fashion_05506.png,4,casaco,0.473492,DDPM,1000
fashion_05507.png,6,camisa,0.716664,DDPM,1000
fashion_05508.png,2,pulôver,0.886290,DDPM,1000
fashion_05509.png,4,casaco,0.755157,DDPM,1000
fashion_05510.png,8,bolsa,0.958773,DDPM,1000
fashion_05511.png,2,pulôver,0.658946,DDPM,1000
fashion_05512.png,6,camisa,0.927982,DDPM,1000
fashion_05513.png,4,casaco,0.642520,DDPM,1000
fashion_05514.png,8,bolsa,0.926937,DDPM,1000
fashion_05515.png,0,camiseta,0.469385,DDPM,1000
fashion_05516.png,8,bolsa,0.831705,DDPM,1000
fashion_05517.png,4,casaco,0.268991,DDPM,1000
fashion_05518.png,6,camisa,0.798795,DDPM,1000
fashion_05519.png,1,calça,0.813103,DDPM,1000
fashion_05520.png,6,camisa,0.361715,DDPM,1000
fashion_05521.png,2,pulôver,0.791107,DDPM,1000
fashion_05522.png,2,pulôver,0.985442,DDPM,1000
fashion_05523.png,4,casaco,0.581946,DDPM,1000
fashion_05524.png,0,camiseta,0.586670,DDPM,1000
fashion_05525.png,8,bolsa,0.626223,DDPM,1000
fashion_05526.png,6,camisa,0.516002,DDPM,1000
fashion_05527.png,6,camisa,0.593103,DDPM,1000
fashion_05528.png,6,camisa,0.648661,DDPM,1000
fashion_05529.png,1,calça,0.926417,DDPM,1000
fashion_05530.png,2,pulôver,0.674362,DDPM,1000
fashion_05531.png,4,casaco,0.892092,DDPM,1000
fashion_05532.png,0,camiseta,0.853359,DDPM,1000
fashion_05533.png,1,calça,0.782646,DDPM,1000
fashion_05534.png,2,pulôver,0.446914,DDPM,1000
fashion_05535.png,6,camisa,0.971633,DDPM,1000
fashion_05536.png,0,camiseta,0.778242,DDPM,1000
fashion_05537.png,6,camisa,0.619586,DDPM,1000
fashion_05538.png,2,pulôver,0.545400,DDPM,1000
fashion_05539.png,8,bolsa,0.999880,DDPM,1000
fashion_05540.png,8,bolsa,0.854582,DDPM,1000
fashion_05541.png,3,vestido,0.612923,DDPM,1000
fashion_05542.png,1,calça,0.993215,DDPM,1000
fashion_05543.png,6,camisa,0.806587,DDPM,1000
fashion_05544.png,8,bolsa,0.910485,DDPM,1000
fashion_05545.png,0,camiseta,0.918634,DDPM,1000
fashion_05546.png,6,camisa,0.879255,DDPM,1000
fashion_05547.png,8,bolsa,0.691752,DDPM,1000
fashion_05548.png,6,camisa,0.877233,DDPM,1000
fashion_05549.png,0,camiseta,0.996787,DDPM,1000
fashion_05550.png,0,camiseta,0.999075,DDPM,1000
fashion_05551.png,2,pulôver,0.586174,DDPM,1000
fashion_05552.png,6,camisa,0.746571,DDPM,1000
fashion_05553.png,6,camisa,0.597168,DDPM,1000
fashion_05554.png,0,camiseta,0.511253,DDPM,1000
fashion_05555.png,5,sandália,0.697117,DDPM,1000
fashion_05556.png,2,pulôver,0.667282,DDPM,1000
fashion_05557.png,8,bolsa,0.657595,DDPM,1000
fashion_05558.png,4,casaco,0.829834,DDPM,1000
fashion_05559.png,6,camisa,0.482431,DDPM,1000
fashion_05560.png,8,bolsa,0.446207,DDPM,1000
fashion_05561.png,6,camisa,0.718517,DDPM,1000
fashion_05562.png,2,pulôver,0.656030,DDPM,1000
fashion_05563.png,6,camisa,0.683536,DDPM,1000
fashion_05564.png,8,bolsa,0.999609,DDPM,1000
fashion_05565.png,8,bolsa,0.965361,DDPM,1000
fashion_05566.png,2,pulôver,0.596567,DDPM,1000
fashion_05567.png,2,pulôver,0.987167,DDPM,1000
fashion_05568.png,0,camiseta,0.982828,DDPM,1000
fashion_05569.png,3,vestido,0.811625,DDPM,1000
fashion_05570.png,2,pulôver,0.506059,DDPM,1000
fashion_05571.png,6,camisa,0.748198,DDPM,1000
fashion_05572.png,5,sandália,0.576315,DDPM,1000
fashion_05573.png,0,camiseta,0.496777,DDPM,1000
fashion_05574.png,6,camisa,0.883499,DDPM,1000
fashion_05575.png,4,casaco,0.588784,DDPM,1000
fashion_05576.png,5,sandália,0.837875,DDPM,1000
fashion_05577.png,8,bolsa,0.659762,DDPM,1000
fashion_05578.png,3,vestido,0.384230,DDPM,1000
fashion_05579.png,4,casaco,0.681764,DDPM,1000
fashion_05580.png,2,pulôver,0.960960,DDPM,1000
fashion_05581.png,8,bolsa,0.761841,DDPM,1000
fashion_05582.png,8,bolsa,0.939565,DDPM,1000
fashion_05583.png,6,camisa,0.664925,DDPM,1000
fashion_05584.png,8,bolsa,0.958550,DDPM,1000
fashion_05585.png,6,camisa,0.418479,DDPM,1000
fashion_05586.png,3,vestido,0.994538,DDPM,1000
fashion_05587.png,1,calça,0.892355,DDPM,1000
fashion_05588.png,6,camisa,0.572786,DDPM,1000
fashion_05589.png,8,bolsa,0.821044,DDPM,1000
fashion_05590.png,2,pulôver,0.712321,DDPM,1000
fashion_05591.png,6,camisa,0.704935,DDPM,1000
fashion_05592.png,8,bolsa,0.627310,DDPM,1000
fashion_05593.png,3,vestido,0.292112,DDPM,1000
fashion_05594.png,4,casaco,0.578487,DDPM,1000
fashion_05595.png,3,vestido,0.462026,DDPM,1000
fashion_05596.png,0,camiseta,0.669356,DDPM,1000
fashion_05597.png,2,pulôver,0.825500,DDPM,1000
fashion_05598.png,4,casaco,0.696768,DDPM,1000
fashion_05599.png,2,pulôver,0.656424,DDPM,1000
fashion_05600.png,5,sandália,0.980749,DDPM,1000
fashion_05601.png,6,camisa,0.779319,DDPM,1000
fashion_05602.png,8,bolsa,0.550327,DDPM,1000
fashion_05603.png,9,bota,0.843873,DDPM,1000
fashion_05604.png,2,pulôver,0.631521,DDPM,1000
fashion_05605.png,6,camisa,0.734255,DDPM,1000
fashion_05606.png,6,camisa,0.876200,DDPM,1000
fashion_05607.png,0,camiseta,0.958679,DDPM,1000
fashion_05608.png,0,camiseta,0.514720,DDPM,1000
fashion_05609.png,6,camisa,0.758816,DDPM,1000
fashion_05610.png,2,pulôver,0.732714,DDPM,1000
fashion_05611.png,6,camisa,0.436237,DDPM,1000
fashion_05612.png,0,camiseta,0.509722,DDPM,1000
fashion_05613.png,2,pulôver,0.852385,DDPM,1000
fashion_05614.png,4,casaco,0.930688,DDPM,1000
fashion_05615.png,6,camisa,0.577422,DDPM,1000
fashion_05616.png,6,camisa,0.559354,DDPM,1000
fashion_05617.png,6,camisa,0.745238,DDPM,1000
fashion_05618.png,2,pulôver,0.386867,DDPM,1000
fashion_05619.png,6,camisa,0.552559,DDPM,1000
fashion_05620.png,0,camiseta,0.873408,DDPM,1000
fashion_05621.png,6,camisa,0.703645,DDPM,1000
fashion_05622.png,1,calça,0.943245,DDPM,1000
fashion_05623.png,4,casaco,0.690731,DDPM,1000
fashion_05624.png,8,bolsa,0.996006,DDPM,1000
fashion_05625.png,2,pulôver,0.693492,DDPM,1000
fashion_05626.png,2,pulôver,0.902635,DDPM,1000
fashion_05627.png,2,pulôver,0.434066,DDPM,1000
fashion_05628.png,4,casaco,0.649030,DDPM,1000
fashion_05629.png,8,bolsa,0.849255,DDPM,1000
fashion_05630.png,7,tênis,0.583390,DDPM,1000
fashion_05631.png,2,pulôver,0.813415,DDPM,1000
fashion_05632.png,4,casaco,0.320320,DDPM,1000
fashion_05633.png,0,camiseta,0.642306,DDPM,1000
fashion_05634.png,8,bolsa,0.999907,DDPM,1000
fashion_05635.png,6,camisa,0.587187,DDPM,1000
fashion_05636.png,6,camisa,0.691785,DDPM,1000
fashion_05637.png,2,pulôver,0.822755,DDPM,1000
fashion_05638.png,3,vestido,0.442713,DDPM,1000
fashion_05639.png,2,pulôver,0.417563,DDPM,1000
fashion_05640.png,1,calça,0.595377,DDPM,1000
fashion_05641.png,5,sandália,0.777628,DDPM,1000
fashion_05642.png,2,pulôver,0.599944,DDPM,1000
fashion_05643.png,2,pulôver,0.981389,DDPM,1000
fashion_05644.png,2,pulôver,0.876075,DDPM,1000
fashion_05645.png,8,bolsa,0.740922,DDPM,1000
fashion_05646.png,2,pulôver,0.372188,DDPM,1000
fashion_05647.png,6,camisa,0.576848,DDPM,1000
fashion_05648.png,6,camisa,0.679721,DDPM,1000
fashion_05649.png,6,camisa,0.534770,DDPM,1000
fashion_05650.png,4,casaco,0.810782,DDPM,1000
fashion_05651.png,6,camisa,0.875202,DDPM,1000
fashion_05652.png,6,camisa,0.429733,DDPM,1000
fashion_05653.png,6,camisa,0.743460,DDPM,1000
fashion_05654.png,0,camiseta,0.820183,DDPM,1000
fashion_05655.png,6,camisa,0.878861,DDPM,1000
fashion_05656.png,2,pulôver,0.632432,DDPM,1000
fashion_05657.png,2,pulôver,0.970480,DDPM,1000
fashion_05658.png,2,pulôver,0.523138,DDPM,1000
fashion_05659.png,2,pulôver,0.992253,DDPM,1000
fashion_05660.png,4,casaco,0.398953,DDPM,1000
fashion_05661.png,9,bota,0.982432,DDPM,1000
fashion_05662.png,2,pulôver,0.949728,DDPM,1000
fashion_05663.png,2,pulôver,0.506262,DDPM,1000
fashion_05664.png,8,bolsa,0.998173,DDPM,1000
fashion_05665.png,8,bolsa,0.819368,DDPM,1000
fashion_05666.png,6,camisa,0.383858,DDPM,1000
fashion_05667.png,2,pulôver,0.420787,DDPM,1000
fashion_05668.png,2,pulôver,0.494036,DDPM,1000
fashion_05669.png,0,camiseta,0.591680,DDPM,1000
fashion_05670.png,2,pulôver,0.652685,DDPM,1000
fashion_05671.png,6,camisa,0.461321,DDPM,1000
fashion_05672.png,8,bolsa,0.730591,DDPM,1000
fashion_05673.png,0,camiseta,0.828918,DDPM,1000
fashion_05674.png,6,camisa,0.950665,DDPM,1000
fashion_05675.png,3,vestido,0.997119,DDPM,1000
fashion_05676.png,4,casaco,0.727505,DDPM,1000
fashion_05677.png,6,camisa,0.605577,DDPM,1000
fashion_05678.png,2,pulôver,0.561568,DDPM,1000
fashion_05679.png,2,pulôver,0.589480,DDPM,1000
fashion_05680.png,8,bolsa,0.994561,DDPM,1000
fashion_05681.png,8,bolsa,0.977435,DDPM,1000
fashion_05682.png,0,camiseta,0.432578,DDPM,1000
fashion_05683.png,3,vestido,0.365096,DDPM,1000
fashion_05684.png,0,camiseta,0.741969,DDPM,1000
fashion_05685.png,6,camisa,0.917152,DDPM,1000
fashion_05686.png,0,camiseta,0.503908,DDPM,1000
fashion_05687.png,8,bolsa,0.716974,DDPM,1000
fashion_05688.png,2,pulôver,0.669336,DDPM,1000
fashion_05689.png,8,bolsa,0.485784,DDPM,1000
fashion_05690.png,8,bolsa,0.426666,DDPM,1000
fashion_05691.png,6,camisa,0.533912,DDPM,1000
fashion_05692.png,4,casaco,0.905966,DDPM,1000
fashion_05693.png,8,bolsa,0.711559,DDPM,1000
fashion_05694.png,8,bolsa,0.752244,DDPM,1000
fashion_05695.png,4,casaco,0.782820,DDPM,1000
fashion_05696.png,0,camiseta,0.700544,DDPM,1000
fashion_05697.png,8,bolsa,0.878352,DDPM,1000
fashion_05698.png,2,pulôver,0.512828,DDPM,1000
fashion_05699.png,2,pulôver,0.800520,DDPM,1000
fashion_05700.png,4,casaco,0.624016,DDPM,1000
fashion_05701.png,6,camisa,0.645403,DDPM,1000
fashion_05702.png,0,camiseta,0.461905,DDPM,1000
fashion_05703.png,3,vestido,0.582883,DDPM,1000
fashion_05704.png,2,pulôver,0.930896,DDPM,1000
fashion_05705.png,3,vestido,0.702406,DDPM,1000
fashion_05706.png,9,bota,0.995263,DDPM,1000
fashion_05707.png,8,bolsa,0.403140,DDPM,1000
fashion_05708.png,8,bolsa,0.882523,DDPM,1000
fashion_05709.png,8,bolsa,0.787052,DDPM,1000
fashion_05710.png,2,pulôver,0.881978,DDPM,1000
fashion_05711.png,8,bolsa,0.923866,DDPM,1000
fashion_05712.png,6,camisa,0.948553,DDPM,1000
fashion_05713.png,4,casaco,0.453393,DDPM,1000
fashion_05714.png,2,pulôver,0.700316,DDPM,1000
fashion_05715.png,6,camisa,0.971010,DDPM,1000
fashion_05716.png,0,camiseta,0.875604,DDPM,1000
fashion_05717.png,2,pulôver,0.516699,DDPM,1000
fashion_05718.png,2,pulôver,0.525192,DDPM,1000
fashion_05719.png,2,pulôver,0.725900,DDPM,1000
fashion_05720.png,5,sandália,0.999979,DDPM,1000
fashion_05721.png,8,bolsa,0.555002,DDPM,1000
fashion_05722.png,2,pulôver,0.710467,DDPM,1000
fashion_05723.png,0,camiseta,0.502182,DDPM,1000
fashion_05724.png,0,camiseta,0.591027,DDPM,1000
fashion_05725.png,3,vestido,0.284770,DDPM,1000
fashion_05726.png,6,camisa,0.402009,DDPM,1000
fashion_05727.png,8,bolsa,0.533453,DDPM,1000
fashion_05728.png,2,pulôver,0.698563,DDPM,1000
fashion_05729.png,8,bolsa,0.558322,DDPM,1000
fashion_05730.png,4,casaco,0.930670,DDPM,1000
fashion_05731.png,6,camisa,0.432627,DDPM,1000
fashion_05732.png,4,casaco,0.938897,DDPM,1000
fashion_05733.png,4,casaco,0.516701,DDPM,1000
fashion_05734.png,2,pulôver,0.656057,DDPM,1000
fashion_05735.png,6,camisa,0.477088,DDPM,1000
fashion_05736.png,4,casaco,0.490494,DDPM,1000
fashion_05737.png,2,pulôver,0.375474,DDPM,1000
fashion_05738.png,6,camisa,0.490461,DDPM,1000
fashion_05739.png,0,camiseta,0.584092,DDPM,1000
fashion_05740.png,6,camisa,0.975503,DDPM,1000
fashion_05741.png,3,vestido,0.521642,DDPM,1000
fashion_05742.png,6,camisa,0.378781,DDPM,1000
fashion_05743.png,6,camisa,0.383463,DDPM,1000
fashion_05744.png,8,bolsa,0.999759,DDPM,1000
fashion_05745.png,0,camiseta,0.858147,DDPM,1000
fashion_05746.png,4,casaco,0.745819,DDPM,1000
fashion_05747.png,6,camisa,0.416982,DDPM,1000
fashion_05748.png,6,camisa,0.746187,DDPM,1000
fashion_05749.png,6,camisa,0.497199,DDPM,1000
fashion_05750.png,8,bolsa,0.825750,DDPM,1000
fashion_05751.png,2,pulôver,0.573240,DDPM,1000
fashion_05752.png,5,sandália,0.559963,DDPM,1000
fashion_05753.png,0,camiseta,0.819101,DDPM,1000
fashion_05754.png,6,camisa,0.370421,DDPM,1000
fashion_05755.png,2,pulôver,0.549136,DDPM,1000
fashion_05756.png,8,bolsa,0.740257,DDPM,1000
fashion_05757.png,4,casaco,0.605874,DDPM,1000
fashion_05758.png,4,casaco,0.753308,DDPM,1000
fashion_05759.png,4,casaco,0.694026,DDPM,1000
fashion_05760.png,7,tênis,0.729697,DDPM,1000
fashion_05761.png,2,pulôver,0.785318,DDPM,1000
fashion_05762.png,0,camiseta,0.497821,DDPM,1000
fashion_05763.png,8,bolsa,0.991937,DDPM,1000
fashion_05764.png,2,pulôver,0.656262,DDPM,1000
fashion_05765.png,2,pulôver,0.517212,DDPM,1000
fashion_05766.png,7,tênis,0.993712,DDPM,1000
fashion_05767.png,0,camiseta,0.764462,DDPM,1000
fashion_05768.png,0,camiseta,0.925873,DDPM,1000
fashion_05769.png,8,bolsa,0.359549,DDPM,1000
fashion_05770.png,7,tênis,0.806965,DDPM,1000
fashion_05771.png,2,pulôver,0.526947,DDPM,1000
fashion_05772.png,4,casaco,0.612346,DDPM,1000
fashion_05773.png,6,camisa,0.705900,DDPM,1000
fashion_05774.png,6,camisa,0.566192,DDPM,1000
fashion_05775.png,0,camiseta,0.608825,DDPM,1000
fashion_05776.png,4,casaco,0.579972,DDPM,1000
fashion_05777.png,3,vestido,0.374717,DDPM,1000
fashion_05778.png,6,camisa,0.628505,DDPM,1000
fashion_05779.png,0,camiseta,0.407293,DDPM,1000
fashion_05780.png,9,bota,0.630730,DDPM,1000
fashion_05781.png,4,casaco,0.522974,DDPM,1000
fashion_05782.png,6,camisa,0.776046,DDPM,1000
fashion_05783.png,8,bolsa,0.986048,DDPM,1000
fashion_05784.png,6,camisa,0.482459,DDPM,1000
fashion_05785.png,0,camiseta,0.866385,DDPM,1000
fashion_05786.png,7,tênis,0.918704,DDPM,1000
fashion_05787.png,2,pulôver,0.368328,DDPM,1000
fashion_05788.png,4,casaco,0.855075,DDPM,1000
fashion_05789.png,1,calça,0.741725,DDPM,1000
fashion_05790.png,0,camiseta,0.822275,DDPM,1000
fashion_05791.png,6,camisa,0.995051,DDPM,1000
fashion_05792.png,3,vestido,0.862895,DDPM,1000
fashion_05793.png,2,pulôver,0.872890,DDPM,1000
fashion_05794.png,6,camisa,0.885851,DDPM,1000
fashion_05795.png,6,camisa,0.664394,DDPM,1000
fashion_05796.png,3,vestido,0.273672,DDPM,1000
fashion_05797.png,6,camisa,0.521197,DDPM,1000
fashion_05798.png,6,camisa,0.968268,DDPM,1000
fashion_05799.png,2,pulôver,0.726094,DDPM,1000
fashion_05800.png,0,camiseta,0.968287,DDPM,1000
fashion_05801.png,8,bolsa,0.977485,DDPM,1000
fashion_05802.png,6,camisa,0.616652,DDPM,1000
fashion_05803.png,6,camisa,0.985777,DDPM,1000
fashion_05804.png,8,bolsa,0.954730,DDPM,1000
fashion_05805.png,0,camiseta,0.673248,DDPM,1000
fashion_05806.png,8,bolsa,0.999972,DDPM,1000
fashion_05807.png,2,pulôver,0.396619,DDPM,1000
fashion_05808.png,2,pulôver,0.890981,DDPM,1000
fashion_05809.png,2,pulôver,0.491525,DDPM,1000
fashion_05810.png,6,camisa,0.479765,DDPM,1000
fashion_05811.png,8,bolsa,0.976871,DDPM,1000
fashion_05812.png,6,camisa,0.616665,DDPM,1000
fashion_05813.png,6,camisa,0.668110,DDPM,1000
fashion_05814.png,8,bolsa,0.935939,DDPM,1000
fashion_05815.png,2,pulôver,0.775857,DDPM,1000
fashion_05816.png,6,camisa,0.544952,DDPM,1000
fashion_05817.png,2,pulôver,0.780676,DDPM,1000
fashion_05818.png,3,vestido,0.609563,DDPM,1000
fashion_05819.png,2,pulôver,0.395255,DDPM,1000
fashion_05820.png,2,pulôver,0.668511,DDPM,1000
fashion_05821.png,6,camisa,0.869706,DDPM,1000
fashion_05822.png,6,camisa,0.729104,DDPM,1000
fashion_05823.png,9,bota,0.981611,DDPM,1000
fashion_05824.png,2,pulôver,0.774581,DDPM,1000
fashion_05825.png,4,casaco,0.493748,DDPM,1000
fashion_05826.png,7,tênis,0.524215,DDPM,1000
fashion_05827.png,6,camisa,0.635069,DDPM,1000
fashion_05828.png,3,vestido,0.509296,DDPM,1000
fashion_05829.png,4,casaco,0.327906,DDPM,1000
fashion_05830.png,0,camiseta,0.608645,DDPM,1000
fashion_05831.png,3,vestido,0.999656,DDPM,1000
fashion_05832.png,2,pulôver,0.557383,DDPM,1000
fashion_05833.png,6,camisa,0.556376,DDPM,1000
fashion_05834.png,4,casaco,0.639964,DDPM,1000
fashion_05835.png,6,camisa,0.410051,DDPM,1000
fashion_05836.png,5,sandália,0.877992,DDPM,1000
fashion_05837.png,4,casaco,0.671933,DDPM,1000
fashion_05838.png,6,camisa,0.434100,DDPM,1000
fashion_05839.png,6,camisa,0.777800,DDPM,1000
fashion_05840.png,8,bolsa,0.310062,DDPM,1000
fashion_05841.png,6,camisa,0.508414,DDPM,1000
fashion_05842.png,4,casaco,0.833736,DDPM,1000
fashion_05843.png,3,vestido,0.431608,DDPM,1000
fashion_05844.png,6,camisa,0.781385,DDPM,1000
fashion_05845.png,2,pulôver,0.547422,DDPM,1000
fashion_05846.png,0,camiseta,0.889040,DDPM,1000
fashion_05847.png,6,camisa,0.416096,DDPM,1000
fashion_05848.png,2,pulôver,0.552494,DDPM,1000
fashion_05849.png,6,camisa,0.704921,DDPM,1000
fashion_05850.png,8,bolsa,0.714922,DDPM,1000
fashion_05851.png,6,camisa,0.524149,DDPM,1000
fashion_05852.png,0,camiseta,0.865866,DDPM,1000
fashion_05853.png,6,camisa,0.815841,DDPM,1000
fashion_05854.png,0,camiseta,0.988518,DDPM,1000
fashion_05855.png,0,camiseta,0.963895,DDPM,1000
fashion_05856.png,8,bolsa,0.551599,DDPM,1000
fashion_05857.png,6,camisa,0.745855,DDPM,1000
fashion_05858.png,2,pulôver,0.922550,DDPM,1000
fashion_05859.png,2,pulôver,0.924378,DDPM,1000
fashion_05860.png,8,bolsa,0.912936,DDPM,1000
fashion_05861.png,6,camisa,0.655034,DDPM,1000
fashion_05862.png,2,pulôver,0.893102,DDPM,1000
fashion_05863.png,7,tênis,0.425313,DDPM,1000
fashion_05864.png,2,pulôver,0.973418,DDPM,1000
fashion_05865.png,4,casaco,0.857833,DDPM,1000
fashion_05866.png,6,camisa,0.682116,DDPM,1000
fashion_05867.png,6,camisa,0.930482,DDPM,1000
fashion_05868.png,3,vestido,0.599716,DDPM,1000
fashion_05869.png,6,camisa,0.712849,DDPM,1000
fashion_05870.png,2,pulôver,0.651158,DDPM,1000
fashion_05871.png,6,camisa,0.568300,DDPM,1000
fashion_05872.png,0,camiseta,0.446719,DDPM,1000
fashion_05873.png,2,pulôver,0.633162,DDPM,1000
fashion_05874.png,2,pulôver,0.888551,DDPM,1000
fashion_05875.png,9,bota,0.436361,DDPM,1000
fashion_05876.png,2,pulôver,0.939680,DDPM,1000
fashion_05877.png,2,pulôver,0.997555,DDPM,1000
fashion_05878.png,6,camisa,0.764329,DDPM,1000
fashion_05879.png,6,camisa,0.538730,DDPM,1000
fashion_05880.png,6,camisa,0.898038,DDPM,1000
fashion_05881.png,8,bolsa,0.928708,DDPM,1000
fashion_05882.png,6,camisa,0.492593,DDPM,1000
fashion_05883.png,0,camiseta,0.982137,DDPM,1000
fashion_05884.png,8,bolsa,0.742477,DDPM,1000
fashion_05885.png,0,camiseta,0.757022,DDPM,1000
fashion_05886.png,2,pulôver,0.669212,DDPM,1000
fashion_05887.png,2,pulôver,0.878234,DDPM,1000
fashion_05888.png,0,camiseta,0.838669,DDPM,1000
fashion_05889.png,6,camisa,0.417669,DDPM,1000
fashion_05890.png,2,pulôver,0.374054,DDPM,1000
fashion_05891.png,2,pulôver,0.346643,DDPM,1000
fashion_05892.png,2,pulôver,0.925846,DDPM,1000
fashion_05893.png,1,calça,0.557842,DDPM,1000
fashion_05894.png,6,camisa,0.684032,DDPM,1000
fashion_05895.png,2,pulôver,0.928530,DDPM,1000
fashion_05896.png,6,camisa,0.761226,DDPM,1000
fashion_05897.png,6,camisa,0.483823,DDPM,1000
fashion_05898.png,4,casaco,0.905298,DDPM,1000
fashion_05899.png,0,camiseta,0.752758,DDPM,1000
fashion_05900.png,0,camiseta,0.989339,DDPM,1000
fashion_05901.png,6,camisa,0.558232,DDPM,1000
fashion_05902.png,0,camiseta,0.510595,DDPM,1000
fashion_05903.png,8,bolsa,0.966545,DDPM,1000
fashion_05904.png,5,sandália,0.973649,DDPM,1000
fashion_05905.png,2,pulôver,0.579930,DDPM,1000
fashion_05906.png,6,camisa,0.498342,DDPM,1000
fashion_05907.png,5,sandália,0.882569,DDPM,1000
fashion_05908.png,2,pulôver,0.341191,DDPM,1000
fashion_05909.png,2,pulôver,0.675905,DDPM,1000
fashion_05910.png,0,camiseta,0.498779,DDPM,1000
fashion_05911.png,8,bolsa,0.796316,DDPM,1000
fashion_05912.png,6,camisa,0.797279,DDPM,1000
fashion_05913.png,8,bolsa,0.975450,DDPM,1000
fashion_05914.png,0,camiseta,0.501077,DDPM,1000
fashion_05915.png,8,bolsa,0.741971,DDPM,1000
fashion_05916.png,2,pulôver,0.993539,DDPM,1000
fashion_05917.png,6,camisa,0.649631,DDPM,1000
fashion_05918.png,4,casaco,0.420963,DDPM,1000
fashion_05919.png,6,camisa,0.371877,DDPM,1000
fashion_05920.png,4,casaco,0.619071,DDPM,1000
fashion_05921.png,6,camisa,0.371225,DDPM,1000
fashion_05922.png,7,tênis,0.851703,DDPM,1000
fashion_05923.png,6,camisa,0.996532,DDPM,1000
fashion_05924.png,8,bolsa,0.606728,DDPM,1000
fashion_05925.png,1,calça,0.996077,DDPM,1000
fashion_05926.png,6,camisa,0.466086,DDPM,1000
fashion_05927.png,3,vestido,0.484185,DDPM,1000
fashion_05928.png,8,bolsa,0.713100,DDPM,1000
fashion_05929.png,0,camiseta,0.881751,DDPM,1000
fashion_05930.png,0,camiseta,0.854704,DDPM,1000
fashion_05931.png,2,pulôver,0.908572,DDPM,1000
fashion_05932.png,6,camisa,0.520178,DDPM,1000
fashion_05933.png,5,sandália,0.550646,DDPM,1000
fashion_05934.png,2,pulôver,0.754107,DDPM,1000
fashion_05935.png,3,vestido,0.745025,DDPM,1000
fashion_05936.png,2,pulôver,0.482555,DDPM,1000
fashion_05937.png,6,camisa,0.491212,DDPM,1000
fashion_05938.png,0,camiseta,0.530495,DDPM,1000
fashion_05939.png,6,camisa,0.856193,DDPM,1000
fashion_05940.png,6,camisa,0.462751,DDPM,1000
fashion_05941.png,9,bota,0.861375,DDPM,1000
fashion_05942.png,0,camiseta,0.686104,DDPM,1000
fashion_05943.png,8,bolsa,0.397916,DDPM,1000
fashion_05944.png,8,bolsa,0.815754,DDPM,1000
fashion_05945.png,8,bolsa,0.483606,DDPM,1000
fashion_05946.png,2,pulôver,0.638523,DDPM,1000
fashion_05947.png,6,camisa,0.480823,DDPM,1000
fashion_05948.png,2,pulôver,0.612371,DDPM,1000
fashion_05949.png,6,camisa,0.674913,DDPM,1000
fashion_05950.png,6,camisa,0.377025,DDPM,1000
fashion_05951.png,1,calça,0.843705,DDPM,1000
fashion_05952.png,2,pulôver,0.519229,DDPM,1000
fashion_05953.png,2,pulôver,0.588945,DDPM,1000
fashion_05954.png,4,casaco,0.802296,DDPM,1000
fashion_05955.png,4,casaco,0.408216,DDPM,1000
fashion_05956.png,4,casaco,0.847735,DDPM,1000
fashion_05957.png,2,pulôver,0.780327,DDPM,1000
fashion_05958.png,2,pulôver,0.948726,DDPM,1000
fashion_05959.png,6,camisa,0.638981,DDPM,1000
fashion_05960.png,0,camiseta,0.473219,DDPM,1000
fashion_05961.png,6,camisa,0.483304,DDPM,1000
fashion_05962.png,8,bolsa,0.999273,DDPM,1000
fashion_05963.png,4,casaco,0.536686,DDPM,1000
fashion_05964.png,0,camiseta,0.389613,DDPM,1000
fashion_05965.png,2,pulôver,0.568253,DDPM,1000
fashion_05966.png,8,bolsa,0.549261,DDPM,1000
fashion_05967.png,2,pulôver,0.720948,DDPM,1000
fashion_05968.png,0,camiseta,0.344283,DDPM,1000
fashion_05969.png,6,camisa,0.554654,DDPM,1000
fashion_05970.png,2,pulôver,0.442190,DDPM,1000
fashion_05971.png,2,pulôver,0.947627,DDPM,1000
fashion_05972.png,0,camiseta,0.688472,DDPM,1000
fashion_05973.png,8,bolsa,0.745759,DDPM,1000
fashion_05974.png,3,vestido,0.579779,DDPM,1000
fashion_05975.png,6,camisa,0.642056,DDPM,1000
fashion_05976.png,0,camiseta,0.736930,DDPM,1000
fashion_05977.png,2,pulôver,0.931126,DDPM,1000
fashion_05978.png,4,casaco,0.742849,DDPM,1000
fashion_05979.png,8,bolsa,0.993346,DDPM,1000
fashion_05980.png,0,camiseta,0.649946,DDPM,1000
fashion_05981.png,0,camiseta,0.557199,DDPM,1000
fashion_05982.png,6,camisa,0.548090,DDPM,1000
fashion_05983.png,2,pulôver,0.327922,DDPM,1000
fashion_05984.png,6,camisa,0.566563,DDPM,1000
fashion_05985.png,8,bolsa,0.956948,DDPM,1000
fashion_05986.png,6,camisa,0.416991,DDPM,1000
fashion_05987.png,8,bolsa,0.999996,DDPM,1000
fashion_05988.png,4,casaco,0.399795,DDPM,1000
fashion_05989.png,3,vestido,0.531160,DDPM,1000
fashion_05990.png,6,camisa,0.828449,DDPM,1000
fashion_05991.png,2,pulôver,0.767535,DDPM,1000
fashion_05992.png,2,pulôver,0.809650,DDPM,1000
fashion_05993.png,6,camisa,0.557846,DDPM,1000
fashion_05994.png,6,camisa,0.345518,DDPM,1000
fashion_05995.png,8,bolsa,0.999683,DDPM,1000
fashion_05996.png,6,camisa,0.575033,DDPM,1000
fashion_05997.png,6,camisa,0.865006,DDPM,1000
fashion_05998.png,8,bolsa,0.673886,DDPM,1000
fashion_05999.png,8,bolsa,0.694545,DDPM,1000
fashion_06000.png,2,pulôver,0.443522,DDPM,1000
fashion_06001.png,6,camisa,0.875955,DDPM,1000
fashion_06002.png,4,casaco,0.637477,DDPM,1000
fashion_06003.png,0,camiseta,0.498862,DDPM,1000
fashion_06004.png,2,pulôver,0.820993,DDPM,1000
fashion_06005.png,0,camiseta,0.357873,DDPM,1000
fashion_06006.png,3,vestido,0.989938,DDPM,1000
fashion_06007.png,6,camisa,0.684326,DDPM,1000
fashion_06008.png,9,bota,0.997197,DDPM,1000
fashion_06009.png,4,casaco,0.839792,DDPM,1000
fashion_06010.png,8,bolsa,0.628139,DDPM,1000
fashion_06011.png,8,bolsa,0.403489,DDPM,1000
fashion_06012.png,6,camisa,0.540519,DDPM,1000
fashion_06013.png,2,pulôver,0.858446,DDPM,1000
fashion_06014.png,0,camiseta,0.421964,DDPM,1000
fashion_06015.png,8,bolsa,0.408523,DDPM,1000
fashion_06016.png,2,pulôver,0.984047,DDPM,1000
fashion_06017.png,2,pulôver,0.784396,DDPM,1000
fashion_06018.png,5,sandália,0.993447,DDPM,1000
fashion_06019.png,6,camisa,0.421581,DDPM,1000
fashion_06020.png,1,calça,0.992720,DDPM,1000
fashion_06021.png,8,bolsa,0.837252,DDPM,1000
fashion_06022.png,6,camisa,0.358828,DDPM,1000
fashion_06023.png,0,camiseta,0.606589,DDPM,1000
fashion_06024.png,4,casaco,0.909529,DDPM,1000
fashion_06025.png,3,vestido,0.681368,DDPM,1000
fashion_06026.png,8,bolsa,0.847056,DDPM,1000
fashion_06027.png,8,bolsa,0.993491,DDPM,1000
fashion_06028.png,6,camisa,0.823180,DDPM,1000
fashion_06029.png,6,camisa,0.655003,DDPM,1000
fashion_06030.png,8,bolsa,0.993508,DDPM,1000
fashion_06031.png,8,bolsa,0.494892,DDPM,1000
fashion_06032.png,0,camiseta,0.924718,DDPM,1000
fashion_06033.png,2,pulôver,0.687288,DDPM,1000
fashion_06034.png,5,sandália,0.997912,DDPM,1000
fashion_06035.png,4,casaco,0.698099,DDPM,1000
fashion_06036.png,2,pulôver,0.973889,DDPM,1000
fashion_06037.png,2,pulôver,0.704731,DDPM,1000
fashion_06038.png,8,bolsa,0.989938,DDPM,1000
fashion_06039.png,8,bolsa,0.650143,DDPM,1000
fashion_06040.png,6,camisa,0.886111,DDPM,1000
fashion_06041.png,0,camiseta,0.388812,DDPM,1000
fashion_06042.png,4,casaco,0.653531,DDPM,1000
fashion_06043.png,2,pulôver,0.542096,DDPM,1000
fashion_06044.png,2,pulôver,0.849983,DDPM,1000
fashion_06045.png,2,pulôver,0.492930,DDPM,1000
fashion_06046.png,5,sandália,0.991305,DDPM,1000
fashion_06047.png,2,pulôver,0.649686,DDPM,1000
fashion_06048.png,6,camisa,0.482128,DDPM,1000
fashion_06049.png,4,casaco,0.469204,DDPM,1000
fashion_06050.png,2,pulôver,0.503300,DDPM,1000
fashion_06051.png,6,camisa,0.513096,DDPM,1000
fashion_06052.png,2,pulôver,0.549195,DDPM,1000
fashion_06053.png,2,pulôver,0.966323,DDPM,1000
fashion_06054.png,3,vestido,0.847107,DDPM,1000
fashion_06055.png,4,casaco,0.906049,DDPM,1000
fashion_06056.png,8,bolsa,0.999770,DDPM,1000
fashion_06057.png,6,camisa,0.526411,DDPM,1000
fashion_06058.png,6,camisa,0.890381,DDPM,1000
fashion_06059.png,0,camiseta,0.575202,DDPM,1000
fashion_06060.png,2,pulôver,0.454152,DDPM,1000
fashion_06061.png,6,camisa,0.601537,DDPM,1000
fashion_06062.png,0,camiseta,0.831946,DDPM,1000
fashion_06063.png,4,casaco,0.808632,DDPM,1000
fashion_06064.png,2,pulôver,0.348169,DDPM,1000
fashion_06065.png,8,bolsa,0.962190,DDPM,1000
fashion_06066.png,6,camisa,0.642174,DDPM,1000
fashion_06067.png,3,vestido,0.737121,DDPM,1000
fashion_06068.png,0,camiseta,0.845226,DDPM,1000
fashion_06069.png,4,casaco,0.341577,DDPM,1000
fashion_06070.png,2,pulôver,0.600090,DDPM,1000
fashion_06071.png,6,camisa,0.551174,DDPM,1000
fashion_06072.png,4,casaco,0.613429,DDPM,1000
fashion_06073.png,5,sandália,0.987159,DDPM,1000
fashion_06074.png,0,camiseta,0.911994,DDPM,1000
fashion_06075.png,6,camisa,0.897490,DDPM,1000
fashion_06076.png,2,pulôver,0.647287,DDPM,1000
fashion_06077.png,6,camisa,0.810368,DDPM,1000
fashion_06078.png,2,pulôver,0.689649,DDPM,1000
fashion_06079.png,6,camisa,0.832396,DDPM,1000
fashion_06080.png,8,bolsa,0.936090,DDPM,1000
fashion_06081.png,6,camisa,0.550706,DDPM,1000
fashion_06082.png,6,camisa,0.501711,DDPM,1000
fashion_06083.png,6,camisa,0.955172,DDPM,1000
fashion_06084.png,6,camisa,0.438186,DDPM,1000
fashion_06085.png,9,bota,0.739227,DDPM,1000
fashion_06086.png,8,bolsa,0.677407,DDPM,1000
fashion_06087.png,6,camisa,0.917202,DDPM,1000
fashion_06088.png,4,casaco,0.691953,DDPM,1000
fashion_06089.png,8,bolsa,0.818520,DDPM,1000
fashion_06090.png,3,vestido,0.761090,DDPM,1000
fashion_06091.png,8,bolsa,0.653950,DDPM,1000
fashion_06092.png,6,camisa,0.635225,DDPM,1000
fashion_06093.png,9,bota,0.695434,DDPM,1000
fashion_06094.png,4,casaco,0.686441,DDPM,1000
fashion_06095.png,2,pulôver,0.690024,DDPM,1000
fashion_06096.png,4,casaco,0.823090,DDPM,1000
fashion_06097.png,6,camisa,0.641657,DDPM,1000
fashion_06098.png,2,pulôver,0.968626,DDPM,1000
fashion_06099.png,0,camiseta,0.403324,DDPM,1000
fashion_06100.png,2,pulôver,0.471944,DDPM,1000
fashion_06101.png,6,camisa,0.805762,DDPM,1000
fashion_06102.png,8,bolsa,0.968573,DDPM,1000
fashion_06103.png,8,bolsa,0.576740,DDPM,1000
fashion_06104.png,8,bolsa,0.624338,DDPM,1000
fashion_06105.png,4,casaco,0.607599,DDPM,1000
fashion_06106.png,8,bolsa,0.531400,DDPM,1000
fashion_06107.png,3,vestido,0.976596,DDPM,1000
fashion_06108.png,0,camiseta,0.809019,DDPM,1000
fashion_06109.png,2,pulôver,0.838519,DDPM,1000
fashion_06110.png,2,pulôver,0.655824,DDPM,1000
fashion_06111.png,6,camisa,0.655475,DDPM,1000
fashion_06112.png,6,camisa,0.451725,DDPM,1000
fashion_06113.png,8,bolsa,0.989762,DDPM,1000
fashion_06114.png,0,camiseta,0.579205,DDPM,1000
fashion_06115.png,6,camisa,0.880220,DDPM,1000
fashion_06116.png,6,camisa,0.764481,DDPM,1000
fashion_06117.png,2,pulôver,0.910517,DDPM,1000
fashion_06118.png,0,camiseta,0.695398,DDPM,1000
fashion_06119.png,8,bolsa,0.507109,DDPM,1000
fashion_06120.png,6,camisa,0.884572,DDPM,1000
fashion_06121.png,0,camiseta,0.596391,DDPM,1000
fashion_06122.png,2,pulôver,0.418264,DDPM,1000
fashion_06123.png,6,camisa,0.866719,DDPM,1000
fashion_06124.png,6,camisa,0.569431,DDPM,1000
fashion_06125.png,6,camisa,0.461251,DDPM,1000
fashion_06126.png,2,pulôver,0.582767,DDPM,1000
fashion_06127.png,6,camisa,0.627844,DDPM,1000
fashion_06128.png,6,camisa,0.592449,DDPM,1000
fashion_06129.png,4,casaco,0.931630,DDPM,1000
fashion_06130.png,6,camisa,0.494719,DDPM,1000
fashion_06131.png,2,pulôver,0.355516,DDPM,1000
fashion_06132.png,8,bolsa,0.479263,DDPM,1000
fashion_06133.png,0,camiseta,0.858189,DDPM,1000
fashion_06134.png,8,bolsa,1.000000,DDPM,1000
fashion_06135.png,3,vestido,0.758589,DDPM,1000
fashion_06136.png,0,camiseta,0.461203,DDPM,1000
fashion_06137.png,6,camisa,0.650251,DDPM,1000
fashion_06138.png,2,pulôver,0.403229,DDPM,1000
fashion_06139.png,6,camisa,0.774303,DDPM,1000
fashion_06140.png,2,pulôver,0.520338,DDPM,1000
fashion_06141.png,0,camiseta,0.464422,DDPM,1000
fashion_06142.png,4,casaco,0.739903,DDPM,1000
fashion_06143.png,4,casaco,0.680773,DDPM,1000
fashion_06144.png,6,camisa,0.692316,DDPM,1000
fashion_06145.png,8,bolsa,0.659941,DDPM,1000
fashion_06146.png,9,bota,0.612693,DDPM,1000
fashion_06147.png,2,pulôver,0.600972,DDPM,1000
fashion_06148.png,8,bolsa,0.977909,DDPM,1000
fashion_06149.png,8,bolsa,0.498447,DDPM,1000
fashion_06150.png,6,camisa,0.726115,DDPM,1000
fashion_06151.png,8,bolsa,0.810934,DDPM,1000
fashion_06152.png,2,pulôver,0.659532,DDPM,1000
fashion_06153.png,6,camisa,0.468447,DDPM,1000
fashion_06154.png,2,pulôver,0.497823,DDPM,1000
fashion_06155.png,2,pulôver,0.802785,DDPM,1000
fashion_06156.png,8,bolsa,0.348967,DDPM,1000
fashion_06157.png,2,pulôver,0.718267,DDPM,1000
fashion_06158.png,3,vestido,0.380621,DDPM,1000
fashion_06159.png,2,pulôver,0.641983,DDPM,1000
fashion_06160.png,8,bolsa,0.997926,DDPM,1000
fashion_06161.png,0,camiseta,0.593357,DDPM,1000
fashion_06162.png,3,vestido,0.989855,DDPM,1000
fashion_06163.png,2,pulôver,0.650401,DDPM,1000
fashion_06164.png,6,camisa,0.806284,DDPM,1000
fashion_06165.png,4,casaco,0.565419,DDPM,1000
fashion_06166.png,0,camiseta,0.568378,DDPM,1000
fashion_06167.png,6,camisa,0.839684,DDPM,1000
fashion_06168.png,6,camisa,0.975122,DDPM,1000
fashion_06169.png,8,bolsa,0.736185,DDPM,1000
fashion_06170.png,6,camisa,0.904168,DDPM,1000
fashion_06171.png,6,camisa,0.466355,DDPM,1000
fashion_06172.png,0,camiseta,0.409066,DDPM,1000
fashion_06173.png,6,camisa,0.808520,DDPM,1000
fashion_06174.png,0,camiseta,0.961656,DDPM,1000
fashion_06175.png,2,pulôver,0.988393,DDPM,1000
fashion_06176.png,4,casaco,0.830064,DDPM,1000
fashion_06177.png,6,camisa,0.578951,DDPM,1000
fashion_06178.png,5,sandália,0.961261,DDPM,1000
fashion_06179.png,2,pulôver,0.578915,DDPM,1000
fashion_06180.png,8,bolsa,0.622494,DDPM,1000
fashion_06181.png,8,bolsa,0.460891,DDPM,1000
fashion_06182.png,8,bolsa,0.837394,DDPM,1000
fashion_06183.png,8,bolsa,0.993840,DDPM,1000
fashion_06184.png,0,camiseta,0.500194,DDPM,1000
fashion_06185.png,2,pulôver,0.692355,DDPM,1000
fashion_06186.png,2,pulôver,0.352770,DDPM,1000
fashion_06187.png,4,casaco,0.772631,DDPM,1000
fashion_06188.png,2,pulôver,0.477037,DDPM,1000
fashion_06189.png,0,camiseta,0.809452,DDPM,1000
fashion_06190.png,6,camisa,0.819710,DDPM,1000
fashion_06191.png,2,pulôver,0.890937,DDPM,1000
fashion_06192.png,4,casaco,0.882291,DDPM,1000
fashion_06193.png,3,vestido,0.477026,DDPM,1000
fashion_06194.png,0,camiseta,0.715536,DDPM,1000
fashion_06195.png,8,bolsa,0.983566,DDPM,1000
fashion_06196.png,8,bolsa,0.557216,DDPM,1000
fashion_06197.png,6,camisa,0.462575,DDPM,1000
fashion_06198.png,4,casaco,0.698474,DDPM,1000
fashion_06199.png,1,calça,0.375132,DDPM,1000
fashion_06200.png,8,bolsa,0.707994,DDPM,1000
fashion_06201.png,0,camiseta,0.422308,DDPM,1000
fashion_06202.png,8,bolsa,0.927379,DDPM,1000
fashion_06203.png,4,casaco,0.543606,DDPM,1000
fashion_06204.png,6,camisa,0.850463,DDPM,1000
fashion_06205.png,6,camisa,0.624813,DDPM,1000
fashion_06206.png,6,camisa,0.759309,DDPM,1000
fashion_06207.png,1,calça,0.502331,DDPM,1000
fashion_06208.png,8,bolsa,0.474196,DDPM,1000
fashion_06209.png,6,camisa,0.481931,DDPM,1000
fashion_06210.png,9,bota,0.997915,DDPM,1000
fashion_06211.png,6,camisa,0.868174,DDPM,1000
fashion_06212.png,2,pulôver,0.632951,DDPM,1000
fashion_06213.png,6,camisa,0.346130,DDPM,1000
fashion_06214.png,4,casaco,0.783602,DDPM,1000
fashion_06215.png,2,pulôver,0.427154,DDPM,1000
fashion_06216.png,3,vestido,0.932069,DDPM,1000
fashion_06217.png,2,pulôver,0.797975,DDPM,1000
fashion_06218.png,6,camisa,0.942032,DDPM,1000
fashion_06219.png,2,pulôver,0.997610,DDPM,1000
fashion_06220.png,5,sandália,0.514771,DDPM,1000
fashion_06221.png,3,vestido,0.774962,DDPM,1000
fashion_06222.png,8,bolsa,0.927857,DDPM,1000
fashion_06223.png,3,vestido,0.948976,DDPM,1000
fashion_06224.png,0,camiseta,0.584363,DDPM,1000
fashion_06225.png,6,camisa,0.520041,DDPM,1000
fashion_06226.png,6,camisa,0.807085,DDPM,1000
fashion_06227.png,3,vestido,0.889288,DDPM,1000
fashion_06228.png,6,camisa,0.681024,DDPM,1000
fashion_06229.png,6,camisa,0.539492,DDPM,1000
fashion_06230.png,6,camisa,0.989492,DDPM,1000
fashion_06231.png,6,camisa,0.905106,DDPM,1000
fashion_06232.png,6,camisa,0.689022,DDPM,1000
fashion_06233.png,8,bolsa,0.997823,DDPM,1000
fashion_06234.png,8,bolsa,0.985717,DDPM,1000
fashion_06235.png,6,camisa,0.802453,DDPM,1000
fashion_06236.png,5,sandália,0.998937,DDPM,1000
fashion_06237.png,6,camisa,0.786696,DDPM,1000
fashion_06238.png,4,casaco,0.767479,DDPM,1000
fashion_06239.png,8,bolsa,0.884571,DDPM,1000
fashion_06240.png,4,casaco,0.290879,DDPM,1000
fashion_06241.png,2,pulôver,0.406515,DDPM,1000
fashion_06242.png,2,pulôver,0.873684,DDPM,1000
fashion_06243.png,8,bolsa,0.818398,DDPM,1000
fashion_06244.png,4,casaco,0.890992,DDPM,1000
fashion_06245.png,4,casaco,0.928200,DDPM,1000
fashion_06246.png,8,bolsa,0.958658,DDPM,1000
fashion_06247.png,2,pulôver,0.625169,DDPM,1000
fashion_06248.png,6,camisa,0.570227,DDPM,1000
fashion_06249.png,6,camisa,0.544114,DDPM,1000
fashion_06250.png,2,pulôver,0.956549,DDPM,1000
fashion_06251.png,0,camiseta,0.894307,DDPM,1000
fashion_06252.png,6,camisa,0.416855,DDPM,1000
fashion_06253.png,8,bolsa,0.433131,DDPM,1000
fashion_06254.png,2,pulôver,0.989200,DDPM,1000
fashion_06255.png,2,pulôver,0.995088,DDPM,1000
fashion_06256.png,6,camisa,0.646189,DDPM,1000
fashion_06257.png,0,camiseta,0.985869,DDPM,1000
fashion_06258.png,7,tênis,0.485364,DDPM,1000
fashion_06259.png,8,bolsa,0.808065,DDPM,1000
fashion_06260.png,2,pulôver,0.365865,DDPM,1000
fashion_06261.png,8,bolsa,0.826654,DDPM,1000
fashion_06262.png,8,bolsa,0.999955,DDPM,1000
fashion_06263.png,6,camisa,0.896940,DDPM,1000
fashion_06264.png,6,camisa,0.862915,DDPM,1000
fashion_06265.png,0,camiseta,0.525553,DDPM,1000
fashion_06266.png,6,camisa,0.909724,DDPM,1000
fashion_06267.png,2,pulôver,0.503252,DDPM,1000
fashion_06268.png,6,camisa,0.509075,DDPM,1000
fashion_06269.png,2,pulôver,0.599036,DDPM,1000
fashion_06270.png,6,camisa,0.792370,DDPM,1000
fashion_06271.png,8,bolsa,0.952412,DDPM,1000
fashion_06272.png,6,camisa,0.267258,DDPM,1000
fashion_06273.png,0,camiseta,0.528594,DDPM,1000
fashion_06274.png,2,pulôver,0.925338,DDPM,1000
fashion_06275.png,2,pulôver,0.854601,DDPM,1000
fashion_06276.png,2,pulôver,0.699176,DDPM,1000
fashion_06277.png,2,pulôver,0.482289,DDPM,1000
fashion_06278.png,8,bolsa,0.848609,DDPM,1000
fashion_06279.png,0,camiseta,0.749090,DDPM,1000
fashion_06280.png,6,camisa,0.492235,DDPM,1000
fashion_06281.png,3,vestido,0.968116,DDPM,1000
fashion_06282.png,8,bolsa,0.600410,DDPM,1000
fashion_06283.png,6,camisa,0.614146,DDPM,1000
fashion_06284.png,8,bolsa,0.426408,DDPM,1000
fashion_06285.png,2,pulôver,0.713756,DDPM,1000
fashion_06286.png,2,pulôver,0.513955,DDPM,1000
fashion_06287.png,8,bolsa,0.810536,DDPM,1000
fashion_06288.png,2,pulôver,0.467065,DDPM,1000
fashion_06289.png,2,pulôver,0.662204,DDPM,1000
fashion_06290.png,2,pulôver,0.682663,DDPM,1000
fashion_06291.png,8,bolsa,0.962114,DDPM,1000
fashion_06292.png,0,camiseta,0.993693,DDPM,1000
fashion_06293.png,6,camisa,0.706072,DDPM,1000
fashion_06294.png,8,bolsa,0.423645,DDPM,1000
fashion_06295.png,3,vestido,0.830364,DDPM,1000
fashion_06296.png,6,camisa,0.435190,DDPM,1000
fashion_06297.png,6,camisa,0.848610,DDPM,1000
fashion_06298.png,6,camisa,0.339408,DDPM,1000
fashion_06299.png,1,calça,0.795073,DDPM,1000
fashion_06300.png,2,pulôver,0.711164,DDPM,1000
fashion_06301.png,0,camiseta,0.382957,DDPM,1000
fashion_06302.png,6,camisa,0.960139,DDPM,1000
fashion_06303.png,2,pulôver,0.660701,DDPM,1000
fashion_06304.png,2,pulôver,0.876566,DDPM,1000
fashion_06305.png,8,bolsa,0.792221,DDPM,1000
fashion_06306.png,8,bolsa,0.847076,DDPM,1000
fashion_06307.png,6,camisa,0.962623,DDPM,1000
fashion_06308.png,4,casaco,0.937376,DDPM,1000
fashion_06309.png,4,casaco,0.556204,DDPM,1000
fashion_06310.png,0,camiseta,0.821251,DDPM,1000
fashion_06311.png,6,camisa,0.859672,DDPM,1000
fashion_06312.png,8,bolsa,0.622954,DDPM,1000
fashion_06313.png,6,camisa,0.498498,DDPM,1000
fashion_06314.png,9,bota,0.557878,DDPM,1000
fashion_06315.png,4,casaco,0.761123,DDPM,1000
fashion_06316.png,6,camisa,0.631805,DDPM,1000
fashion_06317.png,3,vestido,0.310104,DDPM,1000
fashion_06318.png,6,camisa,0.520309,DDPM,1000
fashion_06319.png,9,bota,0.942223,DDPM,1000
fashion_06320.png,3,vestido,0.501734,DDPM,1000
fashion_06321.png,6,camisa,0.789610,DDPM,1000
fashion_06322.png,0,camiseta,0.788248,DDPM,1000
fashion_06323.png,2,pulôver,0.750608,DDPM,1000
fashion_06324.png,2,pulôver,0.780935,DDPM,1000
fashion_06325.png,6,camisa,0.409368,DDPM,1000
fashion_06326.png,9,bota,0.825413,DDPM,1000
fashion_06327.png,2,pulôver,0.877047,DDPM,1000
fashion_06328.png,8,bolsa,0.989544,DDPM,1000
fashion_06329.png,0,camiseta,0.981419,DDPM,1000
fashion_06330.png,2,pulôver,0.941078,DDPM,1000
fashion_06331.png,2,pulôver,0.779907,DDPM,1000
fashion_06332.png,6,camisa,0.509690,DDPM,1000
fashion_06333.png,9,bota,0.744740,DDPM,1000
fashion_06334.png,9,bota,0.837789,DDPM,1000
fashion_06335.png,4,casaco,0.441322,DDPM,1000
fashion_06336.png,2,pulôver,0.747206,DDPM,1000
fashion_06337.png,6,camisa,0.582098,DDPM,1000
fashion_06338.png,8,bolsa,0.965523,DDPM,1000
fashion_06339.png,0,camiseta,0.292868,DDPM,1000
fashion_06340.png,6,camisa,0.843397,DDPM,1000
fashion_06341.png,4,casaco,0.620274,DDPM,1000
fashion_06342.png,4,casaco,0.620152,DDPM,1000
fashion_06343.png,3,vestido,0.599702,DDPM,1000
fashion_06344.png,6,camisa,0.855363,DDPM,1000
fashion_06345.png,2,pulôver,0.724901,DDPM,1000
fashion_06346.png,0,camiseta,0.626607,DDPM,1000
fashion_06347.png,3,vestido,0.690551,DDPM,1000
fashion_06348.png,8,bolsa,0.760857,DDPM,1000
fashion_06349.png,6,camisa,0.977153,DDPM,1000
fashion_06350.png,7,tênis,0.948124,DDPM,1000
fashion_06351.png,9,bota,0.985419,DDPM,1000
fashion_06352.png,4,casaco,0.508895,DDPM,1000
fashion_06353.png,8,bolsa,0.541204,DDPM,1000
fashion_06354.png,8,bolsa,0.652790,DDPM,1000
fashion_06355.png,6,camisa,0.871425,DDPM,1000
fashion_06356.png,6,camisa,0.964935,DDPM,1000
fashion_06357.png,2,pulôver,0.536037,DDPM,1000
fashion_06358.png,8,bolsa,0.810011,DDPM,1000
fashion_06359.png,2,pulôver,0.741590,DDPM,1000
fashion_06360.png,4,casaco,0.397940,DDPM,1000
fashion_06361.png,4,casaco,0.979966,DDPM,1000
fashion_06362.png,4,casaco,0.384306,DDPM,1000
fashion_06363.png,8,bolsa,0.720723,DDPM,1000
fashion_06364.png,4,casaco,0.968287,DDPM,1000
fashion_06365.png,0,camiseta,0.424656,DDPM,1000
fashion_06366.png,2,pulôver,0.567588,DDPM,1000
fashion_06367.png,6,camisa,0.499762,DDPM,1000
fashion_06368.png,2,pulôver,0.947510,DDPM,1000
fashion_06369.png,8,bolsa,0.985393,DDPM,1000
fashion_06370.png,2,pulôver,0.812051,DDPM,1000
fashion_06371.png,2,pulôver,0.577836,DDPM,1000
fashion_06372.png,8,bolsa,0.790801,DDPM,1000
fashion_06373.png,6,camisa,0.567137,DDPM,1000
fashion_06374.png,7,tênis,0.796696,DDPM,1000
fashion_06375.png,8,bolsa,0.999842,DDPM,1000
fashion_06376.png,4,casaco,0.919173,DDPM,1000
fashion_06377.png,4,casaco,0.589618,DDPM,1000
fashion_06378.png,2,pulôver,0.975922,DDPM,1000
fashion_06379.png,4,casaco,0.972220,DDPM,1000
fashion_06380.png,4,casaco,0.614176,DDPM,1000
fashion_06381.png,8,bolsa,0.798876,DDPM,1000
fashion_06382.png,3,vestido,0.392355,DDPM,1000
fashion_06383.png,6,camisa,0.727411,DDPM,1000
fashion_06384.png,0,camiseta,0.536099,DDPM,1000
fashion_06385.png,4,casaco,0.643008,DDPM,1000
fashion_06386.png,8,bolsa,0.788326,DDPM,1000
fashion_06387.png,1,calça,0.935224,DDPM,1000
fashion_06388.png,3,vestido,0.386610,DDPM,1000
fashion_06389.png,6,camisa,0.980151,DDPM,1000
fashion_06390.png,4,casaco,0.777855,DDPM,1000
fashion_06391.png,4,casaco,0.545848,DDPM,1000
fashion_06392.png,6,camisa,0.538047,DDPM,1000
fashion_06393.png,4,casaco,0.599644,DDPM,1000
fashion_06394.png,2,pulôver,0.778480,DDPM,1000
fashion_06395.png,6,camisa,0.899183,DDPM,1000
fashion_06396.png,6,camisa,0.920747,DDPM,1000
fashion_06397.png,6,camisa,0.858356,DDPM,1000
fashion_06398.png,2,pulôver,0.538638,DDPM,1000
fashion_06399.png,4,casaco,0.681387,DDPM,1000
fashion_06400.png,2,pulôver,0.548584,DDPM,1000
fashion_06401.png,1,calça,0.467234,DDPM,1000
fashion_06402.png,7,tênis,0.506812,DDPM,1000
fashion_06403.png,9,bota,0.428640,DDPM,1000
fashion_06404.png,2,pulôver,0.751229,DDPM,1000
fashion_06405.png,0,camiseta,0.629022,DDPM,1000
fashion_06406.png,3,vestido,0.574054,DDPM,1000
fashion_06407.png,2,pulôver,0.607433,DDPM,1000
fashion_06408.png,0,camiseta,0.497632,DDPM,1000
fashion_06409.png,2,pulôver,0.594214,DDPM,1000
fashion_06410.png,8,bolsa,0.405305,DDPM,1000
fashion_06411.png,8,bolsa,0.966390,DDPM,1000
fashion_06412.png,6,camisa,0.393964,DDPM,1000
fashion_06413.png,6,camisa,0.515060,DDPM,1000
fashion_06414.png,6,camisa,0.399306,DDPM,1000
fashion_06415.png,2,pulôver,0.717525,DDPM,1000
fashion_06416.png,8,bolsa,0.524964,DDPM,1000
fashion_06417.png,0,camiseta,0.917612,DDPM,1000
fashion_06418.png,8,bolsa,0.358779,DDPM,1000
fashion_06419.png,6,camisa,0.627806,DDPM,1000
fashion_06420.png,6,camisa,0.441791,DDPM,1000
fashion_06421.png,6,camisa,0.744539,DDPM,1000
fashion_06422.png,6,camisa,0.666744,DDPM,1000
fashion_06423.png,9,bota,0.583866,DDPM,1000
fashion_06424.png,2,pulôver,0.522166,DDPM,1000
fashion_06425.png,0,camiseta,0.924201,DDPM,1000
fashion_06426.png,4,casaco,0.429088,DDPM,1000
fashion_06427.png,0,camiseta,0.537273,DDPM,1000
fashion_06428.png,6,camisa,0.823034,DDPM,1000
fashion_06429.png,6,camisa,0.781518,DDPM,1000
fashion_06430.png,6,camisa,0.566952,DDPM,1000
fashion_06431.png,2,pulôver,0.358078,DDPM,1000
fashion_06432.png,8,bolsa,0.998541,DDPM,1000
fashion_06433.png,4,casaco,0.459762,DDPM,1000
fashion_06434.png,0,camiseta,0.779710,DDPM,1000
fashion_06435.png,2,pulôver,0.422491,DDPM,1000
fashion_06436.png,6,camisa,0.841903,DDPM,1000
fashion_06437.png,4,casaco,0.559428,DDPM,1000
fashion_06438.png,0,camiseta,0.577119,DDPM,1000
fashion_06439.png,6,camisa,0.754330,DDPM,1000
fashion_06440.png,6,camisa,0.485696,DDPM,1000
fashion_06441.png,4,casaco,0.538851,DDPM,1000
fashion_06442.png,3,vestido,0.262443,DDPM,1000
fashion_06443.png,8,bolsa,0.508018,DDPM,1000
fashion_06444.png,2,pulôver,0.422662,DDPM,1000
fashion_06445.png,6,camisa,0.657512,DDPM,1000
fashion_06446.png,4,casaco,0.928569,DDPM,1000
fashion_06447.png,8,bolsa,0.417103,DDPM,1000
fashion_06448.png,2,pulôver,0.601332,DDPM,1000
fashion_06449.png,2,pulôver,0.991256,DDPM,1000
fashion_06450.png,8,bolsa,0.998899,DDPM,1000
fashion_06451.png,2,pulôver,0.537828,DDPM,1000
fashion_06452.png,8,bolsa,0.825953,DDPM,1000
fashion_06453.png,7,tênis,0.844551,DDPM,1000
fashion_06454.png,6,camisa,0.840531,DDPM,1000
fashion_06455.png,6,camisa,0.582435,DDPM,1000
fashion_06456.png,8,bolsa,0.759842,DDPM,1000
fashion_06457.png,1,calça,0.352535,DDPM,1000
fashion_06458.png,8,bolsa,0.994678,DDPM,1000
fashion_06459.png,6,camisa,0.681965,DDPM,1000
fashion_06460.png,2,pulôver,0.781991,DDPM,1000
fashion_06461.png,8,bolsa,0.398439,DDPM,1000
fashion_06462.png,2,pulôver,0.489555,DDPM,1000
fashion_06463.png,6,camisa,0.562880,DDPM,1000
fashion_06464.png,8,bolsa,0.693641,DDPM,1000
fashion_06465.png,3,vestido,0.654962,DDPM,1000
fashion_06466.png,6,camisa,0.539848,DDPM,1000
fashion_06467.png,6,camisa,0.325511,DDPM,1000
fashion_06468.png,2,pulôver,0.718619,DDPM,1000
fashion_06469.png,4,casaco,0.860839,DDPM,1000
fashion_06470.png,0,camiseta,0.771776,DDPM,1000
fashion_06471.png,6,camisa,0.396080,DDPM,1000
fashion_06472.png,0,camiseta,0.413005,DDPM,1000
fashion_06473.png,8,bolsa,0.998843,DDPM,1000
fashion_06474.png,4,casaco,0.767325,DDPM,1000
fashion_06475.png,6,camisa,0.472515,DDPM,1000
fashion_06476.png,0,camiseta,0.463559,DDPM,1000
fashion_06477.png,6,camisa,0.811700,DDPM,1000
fashion_06478.png,0,camiseta,0.502074,DDPM,1000
fashion_06479.png,3,vestido,0.999716,DDPM,1000
fashion_06480.png,6,camisa,0.394339,DDPM,1000
fashion_06481.png,0,camiseta,0.611326,DDPM,1000
fashion_06482.png,4,casaco,0.871196,DDPM,1000
fashion_06483.png,8,bolsa,0.993661,DDPM,1000
fashion_06484.png,6,camisa,0.800174,DDPM,1000
fashion_06485.png,8,bolsa,0.451123,DDPM,1000
fashion_06486.png,0,camiseta,0.892065,DDPM,1000
fashion_06487.png,0,camiseta,0.560620,DDPM,1000
fashion_06488.png,6,camisa,0.849354,DDPM,1000
fashion_06489.png,4,casaco,0.544538,DDPM,1000
fashion_06490.png,3,vestido,0.889494,DDPM,1000
fashion_06491.png,6,camisa,0.799225,DDPM,1000
fashion_06492.png,4,casaco,0.653093,DDPM,1000
fashion_06493.png,6,camisa,0.913452,DDPM,1000
fashion_06494.png,6,camisa,0.369455,DDPM,1000
fashion_06495.png,2,pulôver,0.414484,DDPM,1000
fashion_06496.png,4,casaco,0.468914,DDPM,1000
fashion_06497.png,6,camisa,0.626481,DDPM,1000
fashion_06498.png,4,casaco,0.844930,DDPM,1000
fashion_06499.png,6,camisa,0.939648,DDPM,1000
fashion_06500.png,2,pulôver,0.655648,DDPM,1000
fashion_06501.png,2,pulôver,0.882873,DDPM,1000
fashion_06502.png,8,bolsa,0.506524,DDPM,1000
fashion_06503.png,2,pulôver,0.641210,DDPM,1000
fashion_06504.png,6,camisa,0.696552,DDPM,1000
fashion_06505.png,6,camisa,0.501340,DDPM,1000
fashion_06506.png,5,sandália,0.932400,DDPM,1000
fashion_06507.png,8,bolsa,0.949843,DDPM,1000
fashion_06508.png,4,casaco,0.431750,DDPM,1000
fashion_06509.png,2,pulôver,0.889210,DDPM,1000
fashion_06510.png,4,casaco,0.401523,DDPM,1000
fashion_06511.png,9,bota,0.447610,DDPM,1000
fashion_06512.png,8,bolsa,0.999699,DDPM,1000
fashion_06513.png,6,camisa,0.951290,DDPM,1000
fashion_06514.png,6,camisa,0.952648,DDPM,1000
fashion_06515.png,6,camisa,0.678454,DDPM,1000
fashion_06516.png,6,camisa,0.705072,DDPM,1000
fashion_06517.png,6,camisa,0.683716,DDPM,1000
fashion_06518.png,2,pulôver,0.362416,DDPM,1000
fashion_06519.png,2,pulôver,0.391724,DDPM,1000
fashion_06520.png,6,camisa,0.746933,DDPM,1000
fashion_06521.png,6,camisa,0.789947,DDPM,1000
fashion_06522.png,6,camisa,0.502690,DDPM,1000
fashion_06523.png,2,pulôver,0.611424,DDPM,1000
fashion_06524.png,6,camisa,0.554561,DDPM,1000
fashion_06525.png,6,camisa,0.933704,DDPM,1000
fashion_06526.png,4,casaco,0.452174,DDPM,1000
fashion_06527.png,2,pulôver,0.305785,DDPM,1000
fashion_06528.png,2,pulôver,0.989632,DDPM,1000
fashion_06529.png,4,casaco,0.800201,DDPM,1000
fashion_06530.png,6,camisa,0.946725,DDPM,1000
fashion_06531.png,2,pulôver,0.578023,DDPM,1000
fashion_06532.png,6,camisa,0.932372,DDPM,1000
fashion_06533.png,6,camisa,0.419456,DDPM,1000
fashion_06534.png,2,pulôver,0.958952,DDPM,1000
fashion_06535.png,6,camisa,0.341406,DDPM,1000
fashion_06536.png,4,casaco,0.652093,DDPM,1000
fashion_06537.png,6,camisa,0.535162,DDPM,1000
fashion_06538.png,4,casaco,0.621407,DDPM,1000
fashion_06539.png,0,camiseta,0.503026,DDPM,1000
fashion_06540.png,0,camiseta,0.528385,DDPM,1000
fashion_06541.png,2,pulôver,0.770985,DDPM,1000
fashion_06542.png,2,pulôver,0.936978,DDPM,1000
fashion_06543.png,8,bolsa,0.716490,DDPM,1000
fashion_06544.png,4,casaco,0.458326,DDPM,1000
fashion_06545.png,6,camisa,0.953242,DDPM,1000
fashion_06546.png,2,pulôver,0.450381,DDPM,1000
fashion_06547.png,2,pulôver,0.661049,DDPM,1000
fashion_06548.png,6,camisa,0.876471,DDPM,1000
fashion_06549.png,8,bolsa,0.930505,DDPM,1000
fashion_06550.png,2,pulôver,0.577526,DDPM,1000
fashion_06551.png,6,camisa,0.782955,DDPM,1000
fashion_06552.png,2,pulôver,0.631843,DDPM,1000
fashion_06553.png,4,casaco,0.823855,DDPM,1000
fashion_06554.png,6,camisa,0.922221,DDPM,1000
fashion_06555.png,2,pulôver,0.544155,DDPM,1000
fashion_06556.png,6,camisa,0.653117,DDPM,1000
fashion_06557.png,9,bota,0.483038,DDPM,1000
fashion_06558.png,4,casaco,0.401880,DDPM,1000
fashion_06559.png,6,camisa,0.608048,DDPM,1000
fashion_06560.png,6,camisa,0.521864,DDPM,1000
fashion_06561.png,0,camiseta,0.398945,DDPM,1000
fashion_06562.png,8,bolsa,0.928515,DDPM,1000
fashion_06563.png,6,camisa,0.437732,DDPM,1000
fashion_06564.png,6,camisa,0.893050,DDPM,1000
fashion_06565.png,6,camisa,0.842310,DDPM,1000
fashion_06566.png,2,pulôver,0.421272,DDPM,1000
fashion_06567.png,3,vestido,0.662502,DDPM,1000
fashion_06568.png,7,tênis,0.866825,DDPM,1000
fashion_06569.png,2,pulôver,0.332420,DDPM,1000
fashion_06570.png,8,bolsa,0.474621,DDPM,1000
fashion_06571.png,0,camiseta,0.579025,DDPM,1000
fashion_06572.png,6,camisa,0.976429,DDPM,1000
fashion_06573.png,4,casaco,0.250799,DDPM,1000
fashion_06574.png,6,camisa,0.707743,DDPM,1000
fashion_06575.png,3,vestido,0.811799,DDPM,1000
fashion_06576.png,2,pulôver,0.813382,DDPM,1000
fashion_06577.png,4,casaco,0.931712,DDPM,1000
fashion_06578.png,0,camiseta,0.766061,DDPM,1000
fashion_06579.png,2,pulôver,0.401031,DDPM,1000
fashion_06580.png,6,camisa,0.824942,DDPM,1000
fashion_06581.png,6,camisa,0.393001,DDPM,1000
fashion_06582.png,4,casaco,0.563912,DDPM,1000
fashion_06583.png,0,camiseta,0.892211,DDPM,1000
fashion_06584.png,3,vestido,0.468318,DDPM,1000
fashion_06585.png,2,pulôver,0.499434,DDPM,1000
fashion_06586.png,2,pulôver,0.934516,DDPM,1000
fashion_06587.png,0,camiseta,0.983567,DDPM,1000
fashion_06588.png,8,bolsa,0.887360,DDPM,1000
fashion_06589.png,4,casaco,0.848148,DDPM,1000
fashion_06590.png,8,bolsa,0.559036,DDPM,1000
fashion_06591.png,6,camisa,0.306270,DDPM,1000
fashion_06592.png,0,camiseta,0.462009,DDPM,1000
fashion_06593.png,6,camisa,0.945913,DDPM,1000
fashion_06594.png,0,camiseta,0.761374,DDPM,1000
fashion_06595.png,8,bolsa,0.508190,DDPM,1000
fashion_06596.png,8,bolsa,0.540378,DDPM,1000
fashion_06597.png,2,pulôver,0.613336,DDPM,1000
fashion_06598.png,3,vestido,0.549336,DDPM,1000
fashion_06599.png,3,vestido,0.997622,DDPM,1000
fashion_06600.png,2,pulôver,0.473301,DDPM,1000
fashion_06601.png,2,pulôver,0.322266,DDPM,1000
fashion_06602.png,2,pulôver,0.723712,DDPM,1000
fashion_06603.png,2,pulôver,0.439192,DDPM,1000
fashion_06604.png,6,camisa,0.977047,DDPM,1000
fashion_06605.png,6,camisa,0.433847,DDPM,1000
fashion_06606.png,6,camisa,0.813804,DDPM,1000
fashion_06607.png,8,bolsa,0.915220,DDPM,1000
fashion_06608.png,8,bolsa,0.471190,DDPM,1000
fashion_06609.png,3,vestido,0.686968,DDPM,1000
fashion_06610.png,0,camiseta,0.740943,DDPM,1000
fashion_06611.png,6,camisa,0.539213,DDPM,1000
fashion_06612.png,6,camisa,0.280121,DDPM,1000
fashion_06613.png,6,camisa,0.715899,DDPM,1000
fashion_06614.png,2,pulôver,0.846014,DDPM,1000
fashion_06615.png,6,camisa,0.400591,DDPM,1000
fashion_06616.png,8,bolsa,0.945422,DDPM,1000
fashion_06617.png,0,camiseta,0.812993,DDPM,1000
fashion_06618.png,6,camisa,0.496655,DDPM,1000
fashion_06619.png,6,camisa,0.770863,DDPM,1000
fashion_06620.png,4,casaco,0.571725,DDPM,1000
fashion_06621.png,8,bolsa,0.414263,DDPM,1000
fashion_06622.png,4,casaco,0.886176,DDPM,1000
fashion_06623.png,6,camisa,0.830384,DDPM,1000
fashion_06624.png,0,camiseta,0.748464,DDPM,1000
fashion_06625.png,4,casaco,0.583286,DDPM,1000
fashion_06626.png,6,camisa,0.540997,DDPM,1000
fashion_06627.png,6,camisa,0.643197,DDPM,1000
fashion_06628.png,6,camisa,0.513009,DDPM,1000
fashion_06629.png,0,camiseta,0.957257,DDPM,1000
fashion_06630.png,4,casaco,0.349646,DDPM,1000
fashion_06631.png,6,camisa,0.560390,DDPM,1000
fashion_06632.png,2,pulôver,0.476738,DDPM,1000
fashion_06633.png,8,bolsa,0.962942,DDPM,1000
fashion_06634.png,6,camisa,0.589822,DDPM,1000
fashion_06635.png,7,tênis,0.921109,DDPM,1000
fashion_06636.png,8,bolsa,0.995779,DDPM,1000
fashion_06637.png,2,pulôver,0.730539,DDPM,1000
fashion_06638.png,2,pulôver,0.787669,DDPM,1000
fashion_06639.png,3,vestido,0.516382,DDPM,1000
fashion_06640.png,8,bolsa,0.970474,DDPM,1000
fashion_06641.png,0,camiseta,0.464749,DDPM,1000
fashion_06642.png,6,camisa,0.910662,DDPM,1000
fashion_06643.png,6,camisa,0.403816,DDPM,1000
fashion_06644.png,6,camisa,0.383645,DDPM,1000
fashion_06645.png,2,pulôver,0.889506,DDPM,1000
fashion_06646.png,2,pulôver,0.338240,DDPM,1000
fashion_06647.png,6,camisa,0.915198,DDPM,1000
fashion_06648.png,2,pulôver,0.537705,DDPM,1000
fashion_06649.png,2,pulôver,0.774582,DDPM,1000
fashion_06650.png,4,casaco,0.685554,DDPM,1000
fashion_06651.png,2,pulôver,0.544870,DDPM,1000
fashion_06652.png,8,bolsa,0.940142,DDPM,1000
fashion_06653.png,8,bolsa,0.999393,DDPM,1000
fashion_06654.png,6,camisa,0.698153,DDPM,1000
fashion_06655.png,6,camisa,0.448556,DDPM,1000
fashion_06656.png,6,camisa,0.382850,DDPM,1000
fashion_06657.png,6,camisa,0.496299,DDPM,1000
fashion_06658.png,9,bota,0.791705,DDPM,1000
fashion_06659.png,6,camisa,0.753489,DDPM,1000
fashion_06660.png,8,bolsa,0.690342,DDPM,1000
fashion_06661.png,1,calça,0.997598,DDPM,1000
fashion_06662.png,9,bota,0.972070,DDPM,1000
fashion_06663.png,6,camisa,0.735464,DDPM,1000
fashion_06664.png,6,camisa,0.568888,DDPM,1000
fashion_06665.png,6,camisa,0.927184,DDPM,1000
fashion_06666.png,7,tênis,0.996542,DDPM,1000
fashion_06667.png,6,camisa,0.356262,DDPM,1000
fashion_06668.png,8,bolsa,0.943376,DDPM,1000
fashion_06669.png,6,camisa,0.641394,DDPM,1000
fashion_06670.png,2,pulôver,0.518374,DDPM,1000
fashion_06671.png,8,bolsa,0.955900,DDPM,1000
fashion_06672.png,0,camiseta,0.535226,DDPM,1000
fashion_06673.png,0,camiseta,0.726306,DDPM,1000
fashion_06674.png,6,camisa,0.676917,DDPM,1000
fashion_06675.png,8,bolsa,0.697785,DDPM,1000
fashion_06676.png,2,pulôver,0.492142,DDPM,1000
fashion_06677.png,6,camisa,0.805709,DDPM,1000
fashion_06678.png,3,vestido,0.806600,DDPM,1000
fashion_06679.png,7,tênis,0.547599,DDPM,1000
fashion_06680.png,0,camiseta,0.965196,DDPM,1000
fashion_06681.png,0,camiseta,0.407011,DDPM,1000
fashion_06682.png,2,pulôver,0.569207,DDPM,1000
fashion_06683.png,6,camisa,0.817264,DDPM,1000
fashion_06684.png,2,pulôver,0.959503,DDPM,1000
fashion_06685.png,6,camisa,0.325411,DDPM,1000
fashion_06686.png,4,casaco,0.684862,DDPM,1000
fashion_06687.png,1,calça,0.991672,DDPM,1000
fashion_06688.png,2,pulôver,0.393324,DDPM,1000
fashion_06689.png,6,camisa,0.853958,DDPM,1000
fashion_06690.png,0,camiseta,0.520666,DDPM,1000
fashion_06691.png,6,camisa,0.664004,DDPM,1000
fashion_06692.png,6,camisa,0.580433,DDPM,1000
fashion_06693.png,8,bolsa,0.584065,DDPM,1000
fashion_06694.png,0,camiseta,0.628758,DDPM,1000
fashion_06695.png,6,camisa,0.888910,DDPM,1000
fashion_06696.png,8,bolsa,0.993315,DDPM,1000
fashion_06697.png,8,bolsa,0.571733,DDPM,1000
fashion_06698.png,4,casaco,0.525378,DDPM,1000
fashion_06699.png,0,camiseta,0.304011,DDPM,1000
fashion_06700.png,1,calça,0.991735,DDPM,1000
fashion_06701.png,6,camisa,0.908273,DDPM,1000
fashion_06702.png,2,pulôver,0.607924,DDPM,1000
fashion_06703.png,6,camisa,0.522347,DDPM,1000
fashion_06704.png,8,bolsa,0.643426,DDPM,1000
fashion_06705.png,4,casaco,0.425129,DDPM,1000
fashion_06706.png,6,camisa,0.475550,DDPM,1000
fashion_06707.png,8,bolsa,0.963119,DDPM,1000
fashion_06708.png,2,pulôver,0.824977,DDPM,1000
fashion_06709.png,2,pulôver,0.797379,DDPM,1000
fashion_06710.png,2,pulôver,0.816845,DDPM,1000
fashion_06711.png,4,casaco,0.742513,DDPM,1000
fashion_06712.png,6,camisa,0.630222,DDPM,1000
fashion_06713.png,6,camisa,0.803333,DDPM,1000
fashion_06714.png,6,camisa,0.924285,DDPM,1000
fashion_06715.png,2,pulôver,0.585466,DDPM,1000
fashion_06716.png,6,camisa,0.872202,DDPM,1000
fashion_06717.png,1,calça,0.856124,DDPM,1000
fashion_06718.png,9,bota,0.861627,DDPM,1000
fashion_06719.png,6,camisa,0.489266,DDPM,1000
fashion_06720.png,9,bota,0.486488,DDPM,1000
fashion_06721.png,4,casaco,0.515219,DDPM,1000
fashion_06722.png,2,pulôver,0.623992,DDPM,1000
fashion_06723.png,2,pulôver,0.747436,DDPM,1000
fashion_06724.png,8,bolsa,0.680305,DDPM,1000
fashion_06725.png,7,tênis,0.894026,DDPM,1000
fashion_06726.png,2,pulôver,0.488760,DDPM,1000
fashion_06727.png,2,pulôver,0.643705,DDPM,1000
fashion_06728.png,6,camisa,0.803402,DDPM,1000
fashion_06729.png,0,camiseta,0.648251,DDPM,1000
fashion_06730.png,6,camisa,0.701156,DDPM,1000
fashion_06731.png,0,camiseta,0.537381,DDPM,1000
fashion_06732.png,8,bolsa,0.998320,DDPM,1000
fashion_06733.png,6,camisa,0.412599,DDPM,1000
fashion_06734.png,8,bolsa,0.889964,DDPM,1000
fashion_06735.png,4,casaco,0.886356,DDPM,1000
fashion_06736.png,8,bolsa,0.984524,DDPM,1000
fashion_06737.png,0,camiseta,0.566802,DDPM,1000
fashion_06738.png,6,camisa,0.706813,DDPM,1000
fashion_06739.png,6,camisa,0.931473,DDPM,1000
fashion_06740.png,3,vestido,0.570886,DDPM,1000
fashion_06741.png,0,camiseta,0.800214,DDPM,1000
fashion_06742.png,4,casaco,0.696213,DDPM,1000
fashion_06743.png,4,casaco,0.826698,DDPM,1000
fashion_06744.png,2,pulôver,0.381722,DDPM,1000
fashion_06745.png,6,camisa,0.679977,DDPM,1000
fashion_06746.png,4,casaco,0.468321,DDPM,1000
fashion_06747.png,2,pulôver,0.996618,DDPM,1000
fashion_06748.png,6,camisa,0.529566,DDPM,1000
fashion_06749.png,0,camiseta,0.665710,DDPM,1000
fashion_06750.png,8,bolsa,0.688308,DDPM,1000
fashion_06751.png,2,pulôver,0.664252,DDPM,1000
fashion_06752.png,6,camisa,0.868958,DDPM,1000
fashion_06753.png,2,pulôver,0.942646,DDPM,1000
fashion_06754.png,8,bolsa,0.999634,DDPM,1000
fashion_06755.png,6,camisa,0.988626,DDPM,1000
fashion_06756.png,6,camisa,0.644972,DDPM,1000
fashion_06757.png,8,bolsa,0.999721,DDPM,1000
fashion_06758.png,2,pulôver,0.718630,DDPM,1000
fashion_06759.png,2,pulôver,0.983992,DDPM,1000
fashion_06760.png,0,camiseta,0.755137,DDPM,1000
fashion_06761.png,8,bolsa,0.980597,DDPM,1000
fashion_06762.png,2,pulôver,0.415165,DDPM,1000
fashion_06763.png,6,camisa,0.304497,DDPM,1000
fashion_06764.png,3,vestido,0.604448,DDPM,1000
fashion_06765.png,6,camisa,0.290736,DDPM,1000
fashion_06766.png,0,camiseta,0.445312,DDPM,1000
fashion_06767.png,4,casaco,0.784425,DDPM,1000
fashion_06768.png,6,camisa,0.693602,DDPM,1000
fashion_06769.png,2,pulôver,0.792668,DDPM,1000
fashion_06770.png,6,camisa,0.513289,DDPM,1000
fashion_06771.png,2,pulôver,0.497690,DDPM,1000
fashion_06772.png,2,pulôver,0.597015,DDPM,1000
fashion_06773.png,6,camisa,0.790267,DDPM,1000
fashion_06774.png,6,camisa,0.617352,DDPM,1000
fashion_06775.png,0,camiseta,0.408869,DDPM,1000
fashion_06776.png,0,camiseta,0.476952,DDPM,1000
fashion_06777.png,0,camiseta,0.878462,DDPM,1000
fashion_06778.png,9,bota,0.999837,DDPM,1000
fashion_06779.png,6,camisa,0.418982,DDPM,1000
fashion_06780.png,3,vestido,0.415485,DDPM,1000
fashion_06781.png,8,bolsa,0.985488,DDPM,1000
fashion_06782.png,2,pulôver,0.562764,DDPM,1000
fashion_06783.png,2,pulôver,0.744869,DDPM,1000
fashion_06784.png,8,bolsa,0.663117,DDPM,1000
fashion_06785.png,0,camiseta,0.805461,DDPM,1000
fashion_06786.png,0,camiseta,0.525792,DDPM,1000
fashion_06787.png,0,camiseta,0.289765,DDPM,1000
fashion_06788.png,6,camisa,0.359643,DDPM,1000
fashion_06789.png,6,camisa,0.477306,DDPM,1000
fashion_06790.png,8,bolsa,0.569660,DDPM,1000
fashion_06791.png,0,camiseta,0.873890,DDPM,1000
fashion_06792.png,6,camisa,0.928667,DDPM,1000
fashion_06793.png,3,vestido,0.414979,DDPM,1000
fashion_06794.png,2,pulôver,0.736288,DDPM,1000
fashion_06795.png,8,bolsa,0.738086,DDPM,1000
fashion_06796.png,8,bolsa,0.484745,DDPM,1000
fashion_06797.png,9,bota,0.770264,DDPM,1000
fashion_06798.png,2,pulôver,0.604966,DDPM,1000
fashion_06799.png,2,pulôver,0.638949,DDPM,1000
fashion_06800.png,8,bolsa,0.804732,DDPM,1000
fashion_06801.png,4,casaco,0.828521,DDPM,1000
fashion_06802.png,0,camiseta,0.558354,DDPM,1000
fashion_06803.png,8,bolsa,0.966517,DDPM,1000
fashion_06804.png,8,bolsa,0.769529,DDPM,1000
fashion_06805.png,8,bolsa,0.955538,DDPM,1000
fashion_06806.png,8,bolsa,0.907003,DDPM,1000
fashion_06807.png,6,camisa,0.806068,DDPM,1000
fashion_06808.png,2,pulôver,0.399549,DDPM,1000
fashion_06809.png,2,pulôver,0.883212,DDPM,1000
fashion_06810.png,6,camisa,0.813024,DDPM,1000
fashion_06811.png,0,camiseta,0.564179,DDPM,1000
fashion_06812.png,3,vestido,0.664312,DDPM,1000
fashion_06813.png,8,bolsa,0.713688,DDPM,1000
fashion_06814.png,0,camiseta,0.671759,DDPM,1000
fashion_06815.png,8,bolsa,0.769799,DDPM,1000
fashion_06816.png,5,sandália,0.413234,DDPM,1000
fashion_06817.png,2,pulôver,0.713084,DDPM,1000
fashion_06818.png,8,bolsa,0.753641,DDPM,1000
fashion_06819.png,0,camiseta,0.548933,DDPM,1000
fashion_06820.png,8,bolsa,0.966568,DDPM,1000
fashion_06821.png,0,camiseta,0.789110,DDPM,1000
fashion_06822.png,4,casaco,0.464879,DDPM,1000
fashion_06823.png,2,pulôver,0.545732,DDPM,1000
fashion_06824.png,6,camisa,0.517248,DDPM,1000
fashion_06825.png,8,bolsa,0.731947,DDPM,1000
fashion_06826.png,6,camisa,0.512936,DDPM,1000
fashion_06827.png,8,bolsa,0.774386,DDPM,1000
fashion_06828.png,4,casaco,0.710150,DDPM,1000
fashion_06829.png,5,sandália,0.699071,DDPM,1000
fashion_06830.png,6,camisa,0.593206,DDPM,1000
fashion_06831.png,6,camisa,0.820372,DDPM,1000
fashion_06832.png,6,camisa,0.735405,DDPM,1000
fashion_06833.png,8,bolsa,0.931243,DDPM,1000
fashion_06834.png,6,camisa,0.518927,DDPM,1000
fashion_06835.png,2,pulôver,0.402796,DDPM,1000
fashion_06836.png,2,pulôver,0.395844,DDPM,1000
fashion_06837.png,8,bolsa,0.879594,DDPM,1000
fashion_06838.png,2,pulôver,0.983316,DDPM,1000
fashion_06839.png,2,pulôver,0.330803,DDPM,1000
fashion_06840.png,6,camisa,0.495644,DDPM,1000
fashion_06841.png,6,camisa,0.553697,DDPM,1000
fashion_06842.png,4,casaco,0.889390,DDPM,1000
fashion_06843.png,0,camiseta,0.918629,DDPM,1000
fashion_06844.png,5,sandália,0.831038,DDPM,1000
fashion_06845.png,4,casaco,0.772059,DDPM,1000
fashion_06846.png,1,calça,0.995250,DDPM,1000
fashion_06847.png,2,pulôver,0.819242,DDPM,1000
fashion_06848.png,8,bolsa,0.613678,DDPM,1000
fashion_06849.png,2,pulôver,0.407217,DDPM,1000
fashion_06850.png,2,pulôver,0.497037,DDPM,1000
fashion_06851.png,2,pulôver,0.387504,DDPM,1000
fashion_06852.png,2,pulôver,0.883966,DDPM,1000
fashion_06853.png,6,camisa,0.468425,DDPM,1000
fashion_06854.png,2,pulôver,0.371337,DDPM,1000
fashion_06855.png,8,bolsa,0.947665,DDPM,1000
fashion_06856.png,0,camiseta,0.732468,DDPM,1000
fashion_06857.png,0,camiseta,0.949195,DDPM,1000
fashion_06858.png,2,pulôver,0.533879,DDPM,1000
fashion_06859.png,0,camiseta,0.463679,DDPM,1000
fashion_06860.png,4,casaco,0.879897,DDPM,1000
fashion_06861.png,2,pulôver,0.993023,DDPM,1000
fashion_06862.png,8,bolsa,0.880328,DDPM,1000
fashion_06863.png,6,camisa,0.969112,DDPM,1000
fashion_06864.png,6,camisa,0.884614,DDPM,1000
fashion_06865.png,6,camisa,0.349729,DDPM,1000
fashion_06866.png,3,vestido,0.425152,DDPM,1000
fashion_06867.png,9,bota,0.999985,DDPM,1000
fashion_06868.png,0,camiseta,0.710356,DDPM,1000
fashion_06869.png,2,pulôver,0.920844,DDPM,1000
fashion_06870.png,3,vestido,0.529980,DDPM,1000
fashion_06871.png,6,camisa,0.931933,DDPM,1000
fashion_06872.png,2,pulôver,0.983051,DDPM,1000
fashion_06873.png,2,pulôver,0.670017,DDPM,1000
fashion_06874.png,2,pulôver,0.391801,DDPM,1000
fashion_06875.png,6,camisa,0.639911,DDPM,1000
fashion_06876.png,6,camisa,0.963402,DDPM,1000
fashion_06877.png,4,casaco,0.605988,DDPM,1000
fashion_06878.png,3,vestido,0.996266,DDPM,1000
fashion_06879.png,8,bolsa,0.999341,DDPM,1000
fashion_06880.png,6,camisa,0.611476,DDPM,1000
fashion_06881.png,8,bolsa,0.347553,DDPM,1000
fashion_06882.png,7,tênis,0.811246,DDPM,1000
fashion_06883.png,2,pulôver,0.690410,DDPM,1000
fashion_06884.png,8,bolsa,0.750313,DDPM,1000
fashion_06885.png,2,pulôver,0.598339,DDPM,1000
fashion_06886.png,2,pulôver,0.996844,DDPM,1000
fashion_06887.png,0,camiseta,0.396983,DDPM,1000
fashion_06888.png,6,camisa,0.887935,DDPM,1000
fashion_06889.png,2,pulôver,0.989246,DDPM,1000
fashion_06890.png,6,camisa,0.631587,DDPM,1000
fashion_06891.png,6,camisa,0.734183,DDPM,1000
fashion_06892.png,2,pulôver,0.731216,DDPM,1000
fashion_06893.png,2,pulôver,0.872514,DDPM,1000
fashion_06894.png,8,bolsa,0.460555,DDPM,1000
fashion_06895.png,7,tênis,0.928025,DDPM,1000
fashion_06896.png,0,camiseta,0.891645,DDPM,1000
fashion_06897.png,0,camiseta,0.874731,DDPM,1000
fashion_06898.png,2,pulôver,0.543179,DDPM,1000
fashion_06899.png,4,casaco,0.652519,DDPM,1000
fashion_06900.png,8,bolsa,0.715815,DDPM,1000
fashion_06901.png,8,bolsa,0.332115,DDPM,1000
fashion_06902.png,4,casaco,0.867205,DDPM,1000
fashion_06903.png,3,vestido,0.337253,DDPM,1000
fashion_06904.png,6,camisa,0.791147,DDPM,1000
fashion_06905.png,6,camisa,0.483492,DDPM,1000
fashion_06906.png,4,casaco,0.684544,DDPM,1000
fashion_06907.png,8,bolsa,0.913550,DDPM,1000
fashion_06908.png,2,pulôver,0.886863,DDPM,1000
fashion_06909.png,6,camisa,0.870916,DDPM,1000
fashion_06910.png,4,casaco,0.313737,DDPM,1000
fashion_06911.png,2,pulôver,0.699411,DDPM,1000
fashion_06912.png,0,camiseta,0.542500,DDPM,1000
fashion_06913.png,8,bolsa,0.999925,DDPM,1000
fashion_06914.png,3,vestido,0.413926,DDPM,1000
fashion_06915.png,4,casaco,0.761919,DDPM,1000
fashion_06916.png,9,bota,0.559386,DDPM,1000
fashion_06917.png,4,casaco,0.527727,DDPM,1000
fashion_06918.png,2,pulôver,0.527508,DDPM,1000
fashion_06919.png,0,camiseta,0.651520,DDPM,1000
fashion_06920.png,4,casaco,0.937552,DDPM,1000
fashion_06921.png,6,camisa,0.948475,DDPM,1000
fashion_06922.png,3,vestido,0.438663,DDPM,1000
fashion_06923.png,1,calça,0.999979,DDPM,1000
fashion_06924.png,4,casaco,0.620991,DDPM,1000
fashion_06925.png,5,sandália,0.373205,DDPM,1000
fashion_06926.png,0,camiseta,0.652042,DDPM,1000
fashion_06927.png,2,pulôver,0.906930,DDPM,1000
fashion_06928.png,6,camisa,0.629822,DDPM,1000
fashion_06929.png,6,camisa,0.599308,DDPM,1000
fashion_06930.png,6,camisa,0.381510,DDPM,1000
fashion_06931.png,6,camisa,0.815694,DDPM,1000
fashion_06932.png,6,camisa,0.531223,DDPM,1000
fashion_06933.png,0,camiseta,0.511989,DDPM,1000
fashion_06934.png,9,bota,0.699224,DDPM,1000
fashion_06935.png,0,camiseta,0.862332,DDPM,1000
fashion_06936.png,6,camisa,0.810091,DDPM,1000
fashion_06937.png,2,pulôver,0.476693,DDPM,1000
fashion_06938.png,6,camisa,0.772234,DDPM,1000
fashion_06939.png,6,camisa,0.768091,DDPM,1000
fashion_06940.png,2,pulôver,0.857230,DDPM,1000
fashion_06941.png,8,bolsa,0.999869,DDPM,1000
fashion_06942.png,1,calça,0.981643,DDPM,1000
fashion_06943.png,6,camisa,0.658683,DDPM,1000
fashion_06944.png,6,camisa,0.942076,DDPM,1000
fashion_06945.png,3,vestido,0.644407,DDPM,1000
fashion_06946.png,2,pulôver,0.447195,DDPM,1000
fashion_06947.png,0,camiseta,0.912233,DDPM,1000
fashion_06948.png,6,camisa,0.723554,DDPM,1000
fashion_06949.png,6,camisa,0.875283,DDPM,1000
fashion_06950.png,0,camiseta,0.942860,DDPM,1000
fashion_06951.png,6,camisa,0.517606,DDPM,1000
fashion_06952.png,6,camisa,0.744554,DDPM,1000
fashion_06953.png,7,tênis,0.483169,DDPM,1000
fashion_06954.png,2,pulôver,0.470717,DDPM,1000
fashion_06955.png,4,casaco,0.449375,DDPM,1000
fashion_06956.png,8,bolsa,0.448424,DDPM,1000
fashion_06957.png,2,pulôver,0.801614,DDPM,1000
fashion_06958.png,2,pulôver,0.488471,DDPM,1000
fashion_06959.png,3,vestido,0.805260,DDPM,1000
fashion_06960.png,8,bolsa,0.305100,DDPM,1000
fashion_06961.png,2,pulôver,0.791239,DDPM,1000
fashion_06962.png,0,camiseta,0.759100,DDPM,1000
fashion_06963.png,2,pulôver,0.690500,DDPM,1000
fashion_06964.png,6,camisa,0.325754,DDPM,1000
fashion_06965.png,6,camisa,0.741664,DDPM,1000
fashion_06966.png,8,bolsa,0.565074,DDPM,1000
fashion_06967.png,6,camisa,0.444344,DDPM,1000
fashion_06968.png,2,pulôver,0.750987,DDPM,1000
fashion_06969.png,2,pulôver,0.863087,DDPM,1000
fashion_06970.png,2,pulôver,0.880215,DDPM,1000
fashion_06971.png,0,camiseta,0.491897,DDPM,1000
fashion_06972.png,1,calça,0.998565,DDPM,1000
fashion_06973.png,6,camisa,0.799357,DDPM,1000
fashion_06974.png,8,bolsa,0.806658,DDPM,1000
fashion_06975.png,6,camisa,0.777719,DDPM,1000
fashion_06976.png,3,vestido,0.958770,DDPM,1000
fashion_06977.png,6,camisa,0.760092,DDPM,1000
fashion_06978.png,4,casaco,0.439787,DDPM,1000
fashion_06979.png,4,casaco,0.423272,DDPM,1000
fashion_06980.png,2,pulôver,0.524624,DDPM,1000
fashion_06981.png,3,vestido,0.545233,DDPM,1000
fashion_06982.png,7,tênis,0.700473,DDPM,1000
fashion_06983.png,0,camiseta,0.496011,DDPM,1000
fashion_06984.png,6,camisa,0.512436,DDPM,1000
fashion_06985.png,0,camiseta,0.377297,DDPM,1000
fashion_06986.png,0,camiseta,0.871937,DDPM,1000
fashion_06987.png,2,pulôver,0.820581,DDPM,1000
fashion_06988.png,6,camisa,0.496607,DDPM,1000
fashion_06989.png,0,camiseta,0.701776,DDPM,1000
fashion_06990.png,2,pulôver,0.946638,DDPM,1000
fashion_06991.png,9,bota,0.951456,DDPM,1000
fashion_06992.png,8,bolsa,0.999271,DDPM,1000
fashion_06993.png,4,casaco,0.569003,DDPM,1000
fashion_06994.png,6,camisa,0.798233,DDPM,1000
fashion_06995.png,2,pulôver,0.882531,DDPM,1000
fashion_06996.png,8,bolsa,0.943575,DDPM,1000
fashion_06997.png,2,pulôver,0.457303,DDPM,1000
fashion_06998.png,6,camisa,0.850334,DDPM,1000
fashion_06999.png,2,pulôver,0.688943,DDPM,1000
fashion_07000.png,3,vestido,0.346980,DDPM,1000
fashion_07001.png,0,camiseta,0.528706,DDPM,1000
fashion_07002.png,5,sandália,0.996114,DDPM,1000
fashion_07003.png,6,camisa,0.384709,DDPM,1000
fashion_07004.png,8,bolsa,0.974462,DDPM,1000
fashion_07005.png,2,pulôver,0.871591,DDPM,1000
fashion_07006.png,2,pulôver,0.397040,DDPM,1000
fashion_07007.png,2,pulôver,0.321703,DDPM,1000
fashion_07008.png,2,pulôver,0.425792,DDPM,1000
fashion_07009.png,8,bolsa,0.770160,DDPM,1000
fashion_07010.png,6,camisa,0.850446,DDPM,1000
fashion_07011.png,8,bolsa,0.892356,DDPM,1000
fashion_07012.png,3,vestido,0.909037,DDPM,1000
fashion_07013.png,6,camisa,0.964647,DDPM,1000
fashion_07014.png,2,pulôver,0.815889,DDPM,1000
fashion_07015.png,6,camisa,0.623985,DDPM,1000
fashion_07016.png,6,camisa,0.768586,DDPM,1000
fashion_07017.png,1,calça,0.999438,DDPM,1000
fashion_07018.png,8,bolsa,0.894750,DDPM,1000
fashion_07019.png,8,bolsa,0.771921,DDPM,1000
fashion_07020.png,4,casaco,0.437179,DDPM,1000
fashion_07021.png,2,pulôver,0.751851,DDPM,1000
fashion_07022.png,4,casaco,0.418380,DDPM,1000
fashion_07023.png,6,camisa,0.743170,DDPM,1000
fashion_07024.png,8,bolsa,0.981822,DDPM,1000
fashion_07025.png,6,camisa,0.515232,DDPM,1000
fashion_07026.png,6,camisa,0.801618,DDPM,1000
fashion_07027.png,0,camiseta,0.980819,DDPM,1000
fashion_07028.png,3,vestido,0.423941,DDPM,1000
fashion_07029.png,2,pulôver,0.476036,DDPM,1000
fashion_07030.png,8,bolsa,0.999405,DDPM,1000
fashion_07031.png,0,camiseta,0.491972,DDPM,1000
fashion_07032.png,6,camisa,0.678618,DDPM,1000
fashion_07033.png,2,pulôver,0.806380,DDPM,1000
fashion_07034.png,6,camisa,0.885809,DDPM,1000
fashion_07035.png,5,sandália,0.809547,DDPM,1000
fashion_07036.png,6,camisa,0.327415,DDPM,1000
fashion_07037.png,9,bota,0.992262,DDPM,1000
fashion_07038.png,4,casaco,0.775758,DDPM,1000
fashion_07039.png,4,casaco,0.673662,DDPM,1000
fashion_07040.png,0,camiseta,0.980959,DDPM,1000
fashion_07041.png,6,camisa,0.410734,DDPM,1000
fashion_07042.png,0,camiseta,0.771627,DDPM,1000
fashion_07043.png,6,camisa,0.374310,DDPM,1000
fashion_07044.png,6,camisa,0.427889,DDPM,1000
fashion_07045.png,8,bolsa,0.989460,DDPM,1000
fashion_07046.png,6,camisa,0.533125,DDPM,1000
fashion_07047.png,1,calça,0.787828,DDPM,1000
fashion_07048.png,6,camisa,0.614861,DDPM,1000
fashion_07049.png,7,tênis,0.992162,DDPM,1000
fashion_07050.png,4,casaco,0.382465,DDPM,1000
fashion_07051.png,8,bolsa,0.452512,DDPM,1000
fashion_07052.png,2,pulôver,0.400891,DDPM,1000
fashion_07053.png,3,vestido,0.471323,DDPM,1000
fashion_07054.png,0,camiseta,0.633289,DDPM,1000
fashion_07055.png,6,camisa,0.472469,DDPM,1000
fashion_07056.png,6,camisa,0.732407,DDPM,1000
fashion_07057.png,0,camiseta,0.533158,DDPM,1000
fashion_07058.png,6,camisa,0.979684,DDPM,1000
fashion_07059.png,4,casaco,0.509542,DDPM,1000
fashion_07060.png,6,camisa,0.697333,DDPM,1000
fashion_07061.png,2,pulôver,0.732888,DDPM,1000
fashion_07062.png,0,camiseta,0.418449,DDPM,1000
fashion_07063.png,6,camisa,0.605370,DDPM,1000
fashion_07064.png,8,bolsa,0.981488,DDPM,1000
fashion_07065.png,4,casaco,0.509062,DDPM,1000
fashion_07066.png,6,camisa,0.932667,DDPM,1000
fashion_07067.png,6,camisa,0.717546,DDPM,1000
fashion_07068.png,2,pulôver,0.972481,DDPM,1000
fashion_07069.png,6,camisa,0.499382,DDPM,1000
fashion_07070.png,6,camisa,0.684441,DDPM,1000
fashion_07071.png,0,camiseta,0.847953,DDPM,1000
fashion_07072.png,0,camiseta,0.431893,DDPM,1000
fashion_07073.png,2,pulôver,0.553877,DDPM,1000
fashion_07074.png,6,camisa,0.977425,DDPM,1000
fashion_07075.png,3,vestido,0.407376,DDPM,1000
fashion_07076.png,2,pulôver,0.830171,DDPM,1000
fashion_07077.png,6,camisa,0.445033,DDPM,1000
fashion_07078.png,5,sandália,0.828713,DDPM,1000
fashion_07079.png,6,camisa,0.537949,DDPM,1000
fashion_07080.png,6,camisa,0.752671,DDPM,1000
fashion_07081.png,9,bota,0.993984,DDPM,1000
fashion_07082.png,8,bolsa,0.443554,DDPM,1000
fashion_07083.png,8,bolsa,0.687509,DDPM,1000
fashion_07084.png,6,camisa,0.621837,DDPM,1000
fashion_07085.png,2,pulôver,0.808515,DDPM,1000
fashion_07086.png,8,bolsa,0.988399,DDPM,1000
fashion_07087.png,4,casaco,0.379465,DDPM,1000
fashion_07088.png,8,bolsa,0.803829,DDPM,1000
fashion_07089.png,6,camisa,0.618094,DDPM,1000
fashion_07090.png,6,camisa,0.350854,DDPM,1000
fashion_07091.png,6,camisa,0.983727,DDPM,1000
fashion_07092.png,6,camisa,0.732616,DDPM,1000
fashion_07093.png,4,casaco,0.666252,DDPM,1000
fashion_07094.png,0,camiseta,0.634040,DDPM,1000
fashion_07095.png,6,camisa,0.826788,DDPM,1000
fashion_07096.png,6,camisa,0.991722,DDPM,1000
fashion_07097.png,6,camisa,0.979316,DDPM,1000
fashion_07098.png,0,camiseta,0.935161,DDPM,1000
fashion_07099.png,6,camisa,0.468438,DDPM,1000
fashion_07100.png,2,pulôver,0.495713,DDPM,1000
fashion_07101.png,6,camisa,0.781196,DDPM,1000
fashion_07102.png,8,bolsa,0.649171,DDPM,1000
fashion_07103.png,2,pulôver,0.787818,DDPM,1000
fashion_07104.png,8,bolsa,0.600431,DDPM,1000
fashion_07105.png,2,pulôver,0.977857,DDPM,1000
fashion_07106.png,2,pulôver,0.617848,DDPM,1000
fashion_07107.png,4,casaco,0.873218,DDPM,1000
fashion_07108.png,4,casaco,0.924512,DDPM,1000
fashion_07109.png,0,camiseta,0.824823,DDPM,1000
fashion_07110.png,9,bota,0.513478,DDPM,1000
fashion_07111.png,0,camiseta,0.319747,DDPM,1000
fashion_07112.png,6,camisa,0.600004,DDPM,1000
fashion_07113.png,6,camisa,0.441865,DDPM,1000
fashion_07114.png,2,pulôver,0.787732,DDPM,1000
fashion_07115.png,5,sandália,0.586042,DDPM,1000
fashion_07116.png,0,camiseta,0.800304,DDPM,1000
fashion_07117.png,6,camisa,0.853142,DDPM,1000
fashion_07118.png,2,pulôver,0.976714,DDPM,1000
fashion_07119.png,6,camisa,0.830113,DDPM,1000
fashion_07120.png,6,camisa,0.952959,DDPM,1000
fashion_07121.png,2,pulôver,0.917873,DDPM,1000
fashion_07122.png,6,camisa,0.892617,DDPM,1000
fashion_07123.png,0,camiseta,0.580884,DDPM,1000
fashion_07124.png,2,pulôver,0.812066,DDPM,1000
fashion_07125.png,0,camiseta,0.404810,DDPM,1000
fashion_07126.png,6,camisa,0.743363,DDPM,1000
fashion_07127.png,4,casaco,0.549617,DDPM,1000
fashion_07128.png,0,camiseta,0.991792,DDPM,1000
fashion_07129.png,6,camisa,0.874295,DDPM,1000
fashion_07130.png,8,bolsa,0.977625,DDPM,1000
fashion_07131.png,8,bolsa,0.759187,DDPM,1000
fashion_07132.png,8,bolsa,0.523286,DDPM,1000
fashion_07133.png,0,camiseta,0.526498,DDPM,1000
fashion_07134.png,8,bolsa,0.494620,DDPM,1000
fashion_07135.png,0,camiseta,0.974768,DDPM,1000
fashion_07136.png,2,pulôver,0.597110,DDPM,1000
fashion_07137.png,2,pulôver,0.398052,DDPM,1000
fashion_07138.png,1,calça,0.999889,DDPM,1000
fashion_07139.png,1,calça,0.606184,DDPM,1000
fashion_07140.png,5,sandália,0.999996,DDPM,1000
fashion_07141.png,2,pulôver,0.784110,DDPM,1000
fashion_07142.png,8,bolsa,0.770747,DDPM,1000
fashion_07143.png,3,vestido,0.348107,DDPM,1000
fashion_07144.png,6,camisa,0.575061,DDPM,1000
fashion_07145.png,6,camisa,0.439907,DDPM,1000
fashion_07146.png,2,pulôver,0.969715,DDPM,1000
fashion_07147.png,4,casaco,0.507585,DDPM,1000
fashion_07148.png,6,camisa,0.683213,DDPM,1000
fashion_07149.png,6,camisa,0.546150,DDPM,1000
fashion_07150.png,0,camiseta,0.989958,DDPM,1000
fashion_07151.png,6,camisa,0.720187,DDPM,1000
fashion_07152.png,0,camiseta,0.472064,DDPM,1000
fashion_07153.png,0,camiseta,0.532507,DDPM,1000
fashion_07154.png,8,bolsa,0.990669,DDPM,1000
fashion_07155.png,3,vestido,0.447005,DDPM,1000
fashion_07156.png,6,camisa,0.772301,DDPM,1000
fashion_07157.png,2,pulôver,0.661193,DDPM,1000
fashion_07158.png,0,camiseta,0.960560,DDPM,1000
fashion_07159.png,3,vestido,0.933038,DDPM,1000
fashion_07160.png,6,camisa,0.574847,DDPM,1000
fashion_07161.png,6,camisa,0.720977,DDPM,1000
fashion_07162.png,8,bolsa,0.681727,DDPM,1000
fashion_07163.png,2,pulôver,0.812414,DDPM,1000
fashion_07164.png,6,camisa,0.468013,DDPM,1000
fashion_07165.png,2,pulôver,0.574226,DDPM,1000
fashion_07166.png,3,vestido,0.378568,DDPM,1000
fashion_07167.png,3,vestido,0.633675,DDPM,1000
fashion_07168.png,5,sandália,0.956077,DDPM,1000
fashion_07169.png,6,camisa,0.531711,DDPM,1000
fashion_07170.png,8,bolsa,0.984145,DDPM,1000
fashion_07171.png,2,pulôver,0.917810,DDPM,1000
fashion_07172.png,6,camisa,0.837860,DDPM,1000
fashion_07173.png,8,bolsa,0.361867,DDPM,1000
fashion_07174.png,8,bolsa,0.995281,DDPM,1000
fashion_07175.png,6,camisa,0.948778,DDPM,1000
fashion_07176.png,2,pulôver,0.593672,DDPM,1000
fashion_07177.png,4,casaco,0.528011,DDPM,1000
fashion_07178.png,3,vestido,0.577037,DDPM,1000
fashion_07179.png,2,pulôver,0.435276,DDPM,1000
fashion_07180.png,2,pulôver,0.855153,DDPM,1000
fashion_07181.png,6,camisa,0.387977,DDPM,1000
fashion_07182.png,3,vestido,0.779678,DDPM,1000
fashion_07183.png,1,calça,0.425793,DDPM,1000
fashion_07184.png,8,bolsa,0.999989,DDPM,1000
fashion_07185.png,6,camisa,0.720184,DDPM,1000
fashion_07186.png,4,casaco,0.679300,DDPM,1000
fashion_07187.png,6,camisa,0.545198,DDPM,1000
fashion_07188.png,8,bolsa,0.865752,DDPM,1000
fashion_07189.png,4,casaco,0.373825,DDPM,1000
fashion_07190.png,3,vestido,0.568733,DDPM,1000
fashion_07191.png,8,bolsa,0.996485,DDPM,1000
fashion_07192.png,5,sandália,0.500260,DDPM,1000
fashion_07193.png,8,bolsa,0.402128,DDPM,1000
fashion_07194.png,2,pulôver,0.627815,DDPM,1000
fashion_07195.png,8,bolsa,0.797515,DDPM,1000
fashion_07196.png,0,camiseta,0.598184,DDPM,1000
fashion_07197.png,6,camisa,0.821980,DDPM,1000
fashion_07198.png,6,camisa,0.738511,DDPM,1000
fashion_07199.png,8,bolsa,0.997331,DDPM,1000
fashion_07200.png,6,camisa,0.383172,DDPM,1000
fashion_07201.png,0,camiseta,0.776367,DDPM,1000
fashion_07202.png,2,pulôver,0.521044,DDPM,1000
fashion_07203.png,3,vestido,0.896333,DDPM,1000
fashion_07204.png,2,pulôver,0.866995,DDPM,1000
fashion_07205.png,6,camisa,0.981391,DDPM,1000
fashion_07206.png,6,camisa,0.925032,DDPM,1000
fashion_07207.png,0,camiseta,0.676063,DDPM,1000
fashion_07208.png,2,pulôver,0.550142,DDPM,1000
fashion_07209.png,6,camisa,0.481967,DDPM,1000
fashion_07210.png,2,pulôver,0.890908,DDPM,1000
fashion_07211.png,4,casaco,0.553257,DDPM,1000
fashion_07212.png,6,camisa,0.637850,DDPM,1000
fashion_07213.png,8,bolsa,0.648798,DDPM,1000
fashion_07214.png,8,bolsa,0.525874,DDPM,1000
fashion_07215.png,2,pulôver,0.722754,DDPM,1000
fashion_07216.png,2,pulôver,0.474671,DDPM,1000
fashion_07217.png,6,camisa,0.721160,DDPM,1000
fashion_07218.png,6,camisa,0.708498,DDPM,1000
fashion_07219.png,8,bolsa,0.999992,DDPM,1000
fashion_07220.png,7,tênis,0.764410,DDPM,1000
fashion_07221.png,2,pulôver,0.520408,DDPM,1000
fashion_07222.png,6,camisa,0.784573,DDPM,1000
fashion_07223.png,8,bolsa,0.998046,DDPM,1000
fashion_07224.png,0,camiseta,0.568032,DDPM,1000
fashion_07225.png,2,pulôver,0.827292,DDPM,1000
fashion_07226.png,9,bota,0.897434,DDPM,1000
fashion_07227.png,3,vestido,0.910235,DDPM,1000
fashion_07228.png,2,pulôver,0.661186,DDPM,1000
fashion_07229.png,8,bolsa,0.416680,DDPM,1000
fashion_07230.png,0,camiseta,0.361904,DDPM,1000
fashion_07231.png,2,pulôver,0.893792,DDPM,1000
fashion_07232.png,2,pulôver,0.417448,DDPM,1000
fashion_07233.png,2,pulôver,0.733112,DDPM,1000
fashion_07234.png,2,pulôver,0.301146,DDPM,1000
fashion_07235.png,2,pulôver,0.453847,DDPM,1000
fashion_07236.png,2,pulôver,0.376628,DDPM,1000
fashion_07237.png,0,camiseta,0.673146,DDPM,1000
fashion_07238.png,4,casaco,0.962647,DDPM,1000
fashion_07239.png,8,bolsa,0.995797,DDPM,1000
fashion_07240.png,9,bota,0.838383,DDPM,1000
fashion_07241.png,4,casaco,0.568898,DDPM,1000
fashion_07242.png,4,casaco,0.899253,DDPM,1000
fashion_07243.png,7,tênis,0.992920,DDPM,1000
fashion_07244.png,8,bolsa,0.992624,DDPM,1000
fashion_07245.png,2,pulôver,0.936725,DDPM,1000
fashion_07246.png,4,casaco,0.592895,DDPM,1000
fashion_07247.png,3,vestido,0.449747,DDPM,1000
fashion_07248.png,8,bolsa,0.979750,DDPM,1000
fashion_07249.png,6,camisa,0.858327,DDPM,1000
fashion_07250.png,2,pulôver,0.729980,DDPM,1000
fashion_07251.png,4,casaco,0.990756,DDPM,1000
fashion_07252.png,3,vestido,0.871984,DDPM,1000
fashion_07253.png,6,camisa,0.513967,DDPM,1000
fashion_07254.png,2,pulôver,0.888888,DDPM,1000
fashion_07255.png,9,bota,0.528087,DDPM,1000
fashion_07256.png,6,camisa,0.471664,DDPM,1000
fashion_07257.png,1,calça,0.857985,DDPM,1000
fashion_07258.png,6,camisa,0.529752,DDPM,1000
fashion_07259.png,0,camiseta,0.858201,DDPM,1000
fashion_07260.png,2,pulôver,0.762491,DDPM,1000
fashion_07261.png,4,casaco,0.511614,DDPM,1000
fashion_07262.png,8,bolsa,0.974855,DDPM,1000
fashion_07263.png,6,camisa,0.665043,DDPM,1000
fashion_07264.png,8,bolsa,0.914500,DDPM,1000
fashion_07265.png,6,camisa,0.492337,DDPM,1000
fashion_07266.png,8,bolsa,0.999498,DDPM,1000
fashion_07267.png,0,camiseta,0.379893,DDPM,1000
fashion_07268.png,4,casaco,0.773020,DDPM,1000
fashion_07269.png,6,camisa,0.678326,DDPM,1000
fashion_07270.png,3,vestido,0.959248,DDPM,1000
fashion_07271.png,6,camisa,0.908384,DDPM,1000
fashion_07272.png,4,casaco,0.491029,DDPM,1000
fashion_07273.png,4,casaco,0.746399,DDPM,1000
fashion_07274.png,4,casaco,0.598548,DDPM,1000
fashion_07275.png,2,pulôver,0.409503,DDPM,1000
fashion_07276.png,8,bolsa,0.999321,DDPM,1000
fashion_07277.png,3,vestido,0.647894,DDPM,1000
fashion_07278.png,1,calça,0.521166,DDPM,1000
fashion_07279.png,8,bolsa,0.948445,DDPM,1000
fashion_07280.png,6,camisa,0.555580,DDPM,1000
fashion_07281.png,8,bolsa,0.965128,DDPM,1000
fashion_07282.png,4,casaco,0.461353,DDPM,1000
fashion_07283.png,8,bolsa,0.299186,DDPM,1000
fashion_07284.png,3,vestido,0.720008,DDPM,1000
fashion_07285.png,2,pulôver,0.834150,DDPM,1000
fashion_07286.png,6,camisa,0.959119,DDPM,1000
fashion_07287.png,2,pulôver,0.319913,DDPM,1000
fashion_07288.png,3,vestido,0.898774,DDPM,1000
fashion_07289.png,2,pulôver,0.677418,DDPM,1000
fashion_07290.png,7,tênis,0.984498,DDPM,1000
fashion_07291.png,6,camisa,0.628677,DDPM,1000
fashion_07292.png,8,bolsa,0.476740,DDPM,1000
fashion_07293.png,0,camiseta,0.496276,DDPM,1000
fashion_07294.png,3,vestido,0.562721,DDPM,1000
fashion_07295.png,6,camisa,0.584244,DDPM,1000
fashion_07296.png,6,camisa,0.561495,DDPM,1000
fashion_07297.png,6,camisa,0.309684,DDPM,1000
fashion_07298.png,2,pulôver,0.427835,DDPM,1000
fashion_07299.png,6,camisa,0.675872,DDPM,1000
fashion_07300.png,4,casaco,0.343958,DDPM,1000
fashion_07301.png,1,calça,0.820655,DDPM,1000
fashion_07302.png,8,bolsa,0.983654,DDPM,1000
fashion_07303.png,2,pulôver,0.825216,DDPM,1000
fashion_07304.png,6,camisa,0.530708,DDPM,1000
fashion_07305.png,2,pulôver,0.882535,DDPM,1000
fashion_07306.png,8,bolsa,0.995798,DDPM,1000
fashion_07307.png,2,pulôver,0.561357,DDPM,1000
fashion_07308.png,6,camisa,0.656383,DDPM,1000
fashion_07309.png,6,camisa,0.758383,DDPM,1000
fashion_07310.png,8,bolsa,0.973492,DDPM,1000
fashion_07311.png,9,bota,0.919895,DDPM,1000
fashion_07312.png,8,bolsa,0.959896,DDPM,1000
fashion_07313.png,6,camisa,0.772813,DDPM,1000
fashion_07314.png,8,bolsa,0.973563,DDPM,1000
fashion_07315.png,4,casaco,0.566305,DDPM,1000
fashion_07316.png,5,sandália,0.759569,DDPM,1000
fashion_07317.png,4,casaco,0.544748,DDPM,1000
fashion_07318.png,5,sandália,0.526753,DDPM,1000
fashion_07319.png,0,camiseta,0.494657,DDPM,1000
fashion_07320.png,8,bolsa,0.999644,DDPM,1000
fashion_07321.png,6,camisa,0.744526,DDPM,1000
fashion_07322.png,8,bolsa,0.870585,DDPM,1000
fashion_07323.png,8,bolsa,0.944905,DDPM,1000
fashion_07324.png,5,sandália,0.919018,DDPM,1000
fashion_07325.png,0,camiseta,0.922124,DDPM,1000
fashion_07326.png,6,camisa,0.380821,DDPM,1000
fashion_07327.png,6,camisa,0.544626,DDPM,1000
fashion_07328.png,6,camisa,0.487040,DDPM,1000
fashion_07329.png,6,camisa,0.734298,DDPM,1000
fashion_07330.png,3,vestido,0.622817,DDPM,1000
fashion_07331.png,6,camisa,0.813937,DDPM,1000
fashion_07332.png,8,bolsa,0.676000,DDPM,1000
fashion_07333.png,0,camiseta,0.664222,DDPM,1000
fashion_07334.png,4,casaco,0.396582,DDPM,1000
fashion_07335.png,1,calça,0.459466,DDPM,1000
fashion_07336.png,6,camisa,0.496561,DDPM,1000
fashion_07337.png,0,camiseta,0.964233,DDPM,1000
fashion_07338.png,8,bolsa,0.930592,DDPM,1000
fashion_07339.png,6,camisa,0.566182,DDPM,1000
fashion_07340.png,2,pulôver,0.737587,DDPM,1000
fashion_07341.png,4,casaco,0.791499,DDPM,1000
fashion_07342.png,6,camisa,0.330583,DDPM,1000
fashion_07343.png,6,camisa,0.866198,DDPM,1000
fashion_07344.png,6,camisa,0.543165,DDPM,1000
fashion_07345.png,9,bota,0.905357,DDPM,1000
fashion_07346.png,6,camisa,0.422241,DDPM,1000
fashion_07347.png,8,bolsa,0.999980,DDPM,1000
fashion_07348.png,0,camiseta,0.659844,DDPM,1000
fashion_07349.png,2,pulôver,0.507254,DDPM,1000
fashion_07350.png,3,vestido,0.869151,DDPM,1000
fashion_07351.png,2,pulôver,0.764746,DDPM,1000
fashion_07352.png,8,bolsa,0.343157,DDPM,1000
fashion_07353.png,8,bolsa,0.983259,DDPM,1000
fashion_07354.png,0,camiseta,0.753588,DDPM,1000
fashion_07355.png,2,pulôver,0.670565,DDPM,1000
fashion_07356.png,6,camisa,0.961025,DDPM,1000
fashion_07357.png,4,casaco,0.391024,DDPM,1000
fashion_07358.png,0,camiseta,0.679349,DDPM,1000
fashion_07359.png,4,casaco,0.749362,DDPM,1000
fashion_07360.png,4,casaco,0.655132,DDPM,1000
fashion_07361.png,6,camisa,0.552796,DDPM,1000
fashion_07362.png,2,pulôver,0.985993,DDPM,1000
fashion_07363.png,3,vestido,0.411065,DDPM,1000
fashion_07364.png,9,bota,0.294657,DDPM,1000
fashion_07365.png,8,bolsa,0.534708,DDPM,1000
fashion_07366.png,0,camiseta,0.839835,DDPM,1000
fashion_07367.png,4,casaco,0.444709,DDPM,1000
fashion_07368.png,4,casaco,0.690530,DDPM,1000
fashion_07369.png,8,bolsa,0.312897,DDPM,1000
fashion_07370.png,8,bolsa,0.975860,DDPM,1000
fashion_07371.png,4,casaco,0.755061,DDPM,1000
fashion_07372.png,7,tênis,0.688873,DDPM,1000
fashion_07373.png,2,pulôver,0.544419,DDPM,1000
fashion_07374.png,6,camisa,0.815794,DDPM,1000
fashion_07375.png,4,casaco,0.725026,DDPM,1000
fashion_07376.png,8,bolsa,0.999951,DDPM,1000
fashion_07377.png,0,camiseta,0.640675,DDPM,1000
fashion_07378.png,2,pulôver,0.778936,DDPM,1000
fashion_07379.png,8,bolsa,0.951327,DDPM,1000
fashion_07380.png,6,camisa,0.912953,DDPM,1000
fashion_07381.png,0,camiseta,0.415970,DDPM,1000
fashion_07382.png,4,casaco,0.525202,DDPM,1000
fashion_07383.png,2,pulôver,0.287793,DDPM,1000
fashion_07384.png,1,calça,0.802957,DDPM,1000
fashion_07385.png,2,pulôver,0.713025,DDPM,1000
fashion_07386.png,6,camisa,0.764612,DDPM,1000
fashion_07387.png,6,camisa,0.563468,DDPM,1000
fashion_07388.png,8,bolsa,0.897040,DDPM,1000
fashion_07389.png,1,calça,0.887200,DDPM,1000
fashion_07390.png,0,camiseta,0.877979,DDPM,1000
fashion_07391.png,6,camisa,0.710808,DDPM,1000
fashion_07392.png,8,bolsa,0.544857,DDPM,1000
fashion_07393.png,6,camisa,0.729819,DDPM,1000
fashion_07394.png,6,camisa,0.690740,DDPM,1000
fashion_07395.png,8,bolsa,0.981990,DDPM,1000
fashion_07396.png,2,pulôver,0.467736,DDPM,1000
fashion_07397.png,0,camiseta,0.594654,DDPM,1000
fashion_07398.png,9,bota,0.480803,DDPM,1000
fashion_07399.png,8,bolsa,0.980207,DDPM,1000
fashion_07400.png,2,pulôver,0.376748,DDPM,1000
fashion_07401.png,4,casaco,0.876611,DDPM,1000
fashion_07402.png,2,pulôver,0.976907,DDPM,1000
fashion_07403.png,2,pulôver,0.838056,DDPM,1000
fashion_07404.png,2,pulôver,0.774366,DDPM,1000
fashion_07405.png,2,pulôver,0.491444,DDPM,1000
fashion_07406.png,8,bolsa,0.957241,DDPM,1000
fashion_07407.png,2,pulôver,0.755320,DDPM,1000
fashion_07408.png,6,camisa,0.384829,DDPM,1000
fashion_07409.png,0,camiseta,0.768299,DDPM,1000
fashion_07410.png,6,camisa,0.719878,DDPM,1000
fashion_07411.png,0,camiseta,0.985411,DDPM,1000
fashion_07412.png,8,bolsa,0.999927,DDPM,1000
fashion_07413.png,2,pulôver,0.924338,DDPM,1000
fashion_07414.png,0,camiseta,0.809939,DDPM,1000
fashion_07415.png,2,pulôver,0.513015,DDPM,1000
fashion_07416.png,6,camisa,0.459836,DDPM,1000
fashion_07417.png,6,camisa,0.602298,DDPM,1000
fashion_07418.png,1,calça,0.669034,DDPM,1000
fashion_07419.png,2,pulôver,0.516985,DDPM,1000
fashion_07420.png,2,pulôver,0.538366,DDPM,1000
fashion_07421.png,2,pulôver,0.450876,DDPM,1000
fashion_07422.png,6,camisa,0.557604,DDPM,1000
fashion_07423.png,2,pulôver,0.499694,DDPM,1000
fashion_07424.png,4,casaco,0.447338,DDPM,1000
fashion_07425.png,7,tênis,0.568716,DDPM,1000
fashion_07426.png,6,camisa,0.693307,DDPM,1000
fashion_07427.png,6,camisa,0.937868,DDPM,1000
fashion_07428.png,4,casaco,0.518146,DDPM,1000
fashion_07429.png,2,pulôver,0.565175,DDPM,1000
fashion_07430.png,2,pulôver,0.987888,DDPM,1000
fashion_07431.png,4,casaco,0.444135,DDPM,1000
fashion_07432.png,0,camiseta,0.303791,DDPM,1000
fashion_07433.png,6,camisa,0.798749,DDPM,1000
fashion_07434.png,2,pulôver,0.480049,DDPM,1000
fashion_07435.png,2,pulôver,0.864158,DDPM,1000
fashion_07436.png,6,camisa,0.477977,DDPM,1000
fashion_07437.png,6,camisa,0.981247,DDPM,1000
fashion_07438.png,6,camisa,0.560678,DDPM,1000
fashion_07439.png,0,camiseta,0.988447,DDPM,1000
fashion_07440.png,8,bolsa,0.879748,DDPM,1000
fashion_07441.png,2,pulôver,0.819221,DDPM,1000
fashion_07442.png,0,camiseta,0.617589,DDPM,1000
fashion_07443.png,8,bolsa,0.999765,DDPM,1000
fashion_07444.png,6,camisa,0.992415,DDPM,1000
fashion_07445.png,6,camisa,0.613694,DDPM,1000
fashion_07446.png,0,camiseta,0.658949,DDPM,1000
fashion_07447.png,2,pulôver,0.702056,DDPM,1000
fashion_07448.png,2,pulôver,0.533464,DDPM,1000
fashion_07449.png,6,camisa,0.713729,DDPM,1000
fashion_07450.png,0,camiseta,0.448169,DDPM,1000
fashion_07451.png,6,camisa,0.629155,DDPM,1000
fashion_07452.png,6,camisa,0.641062,DDPM,1000
fashion_07453.png,2,pulôver,0.454885,DDPM,1000
fashion_07454.png,3,vestido,0.702603,DDPM,1000
fashion_07455.png,2,pulôver,0.814373,DDPM,1000
fashion_07456.png,4,casaco,0.435200,DDPM,1000
fashion_07457.png,6,camisa,0.981002,DDPM,1000
fashion_07458.png,2,pulôver,0.652464,DDPM,1000
fashion_07459.png,2,pulôver,0.892178,DDPM,1000
fashion_07460.png,0,camiseta,0.494511,DDPM,1000
fashion_07461.png,0,camiseta,0.747416,DDPM,1000
fashion_07462.png,8,bolsa,0.535564,DDPM,1000
fashion_07463.png,6,camisa,0.488290,DDPM,1000
fashion_07464.png,2,pulôver,0.612275,DDPM,1000
fashion_07465.png,8,bolsa,0.998501,DDPM,1000
fashion_07466.png,8,bolsa,0.999785,DDPM,1000
fashion_07467.png,8,bolsa,0.997877,DDPM,1000
fashion_07468.png,6,camisa,0.534398,DDPM,1000
fashion_07469.png,8,bolsa,0.978050,DDPM,1000
fashion_07470.png,6,camisa,0.576075,DDPM,1000
fashion_07471.png,6,camisa,0.967561,DDPM,1000
fashion_07472.png,2,pulôver,0.401095,DDPM,1000
fashion_07473.png,0,camiseta,0.706108,DDPM,1000
fashion_07474.png,6,camisa,0.919066,DDPM,1000
fashion_07475.png,2,pulôver,0.975898,DDPM,1000
fashion_07476.png,6,camisa,0.562205,DDPM,1000
fashion_07477.png,3,vestido,0.644740,DDPM,1000
fashion_07478.png,6,camisa,0.632961,DDPM,1000
fashion_07479.png,6,camisa,0.772212,DDPM,1000
fashion_07480.png,6,camisa,0.639811,DDPM,1000
fashion_07481.png,8,bolsa,0.994096,DDPM,1000
fashion_07482.png,6,camisa,0.485901,DDPM,1000
fashion_07483.png,2,pulôver,0.609776,DDPM,1000
fashion_07484.png,3,vestido,0.606163,DDPM,1000
fashion_07485.png,2,pulôver,0.580862,DDPM,1000
fashion_07486.png,4,casaco,0.930338,DDPM,1000
fashion_07487.png,2,pulôver,0.444022,DDPM,1000
fashion_07488.png,3,vestido,0.491284,DDPM,1000
fashion_07489.png,2,pulôver,0.791567,DDPM,1000
fashion_07490.png,6,camisa,0.818813,DDPM,1000
fashion_07491.png,7,tênis,0.362836,DDPM,1000
fashion_07492.png,0,camiseta,0.716551,DDPM,1000
fashion_07493.png,2,pulôver,0.653229,DDPM,1000
fashion_07494.png,0,camiseta,0.583188,DDPM,1000
fashion_07495.png,6,camisa,0.524540,DDPM,1000
fashion_07496.png,8,bolsa,0.671149,DDPM,1000
fashion_07497.png,6,camisa,0.771937,DDPM,1000
fashion_07498.png,8,bolsa,0.910164,DDPM,1000
fashion_07499.png,9,bota,0.986972,DDPM,1000
fashion_07500.png,4,casaco,0.665726,DDPM,1000
fashion_07501.png,6,camisa,0.453766,DDPM,1000
fashion_07502.png,2,pulôver,0.510879,DDPM,1000
fashion_07503.png,6,camisa,0.677547,DDPM,1000
fashion_07504.png,9,bota,0.942610,DDPM,1000
fashion_07505.png,6,camisa,0.807720,DDPM,1000
fashion_07506.png,9,bota,0.999804,DDPM,1000
fashion_07507.png,1,calça,0.976425,DDPM,1000
fashion_07508.png,2,pulôver,0.925568,DDPM,1000
fashion_07509.png,0,camiseta,0.548725,DDPM,1000
fashion_07510.png,8,bolsa,0.941467,DDPM,1000
fashion_07511.png,2,pulôver,0.542653,DDPM,1000
fashion_07512.png,3,vestido,0.666087,DDPM,1000
fashion_07513.png,8,bolsa,0.671237,DDPM,1000
fashion_07514.png,0,camiseta,0.854048,DDPM,1000
fashion_07515.png,5,sandália,0.932629,DDPM,1000
fashion_07516.png,0,camiseta,0.901149,DDPM,1000
fashion_07517.png,6,camisa,0.489672,DDPM,1000
fashion_07518.png,6,camisa,0.671890,DDPM,1000
fashion_07519.png,2,pulôver,0.577630,DDPM,1000
fashion_07520.png,4,casaco,0.414787,DDPM,1000
fashion_07521.png,8,bolsa,0.576229,DDPM,1000
fashion_07522.png,9,bota,0.306641,DDPM,1000
fashion_07523.png,8,bolsa,0.536479,DDPM,1000
fashion_07524.png,6,camisa,0.484359,DDPM,1000
fashion_07525.png,2,pulôver,0.824301,DDPM,1000
fashion_07526.png,0,camiseta,0.974458,DDPM,1000
fashion_07527.png,2,pulôver,0.553394,DDPM,1000
fashion_07528.png,4,casaco,0.749603,DDPM,1000
fashion_07529.png,2,pulôver,0.478054,DDPM,1000
fashion_07530.png,6,camisa,0.905937,DDPM,1000
fashion_07531.png,4,casaco,0.953923,DDPM,1000
fashion_07532.png,9,bota,0.708152,DDPM,1000
fashion_07533.png,2,pulôver,0.914777,DDPM,1000
fashion_07534.png,4,casaco,0.788006,DDPM,1000
fashion_07535.png,6,camisa,0.840264,DDPM,1000
fashion_07536.png,0,camiseta,0.885309,DDPM,1000
fashion_07537.png,2,pulôver,0.749333,DDPM,1000
fashion_07538.png,8,bolsa,0.623642,DDPM,1000
fashion_07539.png,6,camisa,0.712087,DDPM,1000
fashion_07540.png,4,casaco,0.872748,DDPM,1000
fashion_07541.png,8,bolsa,0.485494,DDPM,1000
fashion_07542.png,6,camisa,0.570188,DDPM,1000
fashion_07543.png,6,camisa,0.532578,DDPM,1000
fashion_07544.png,9,bota,0.777291,DDPM,1000
fashion_07545.png,0,camiseta,0.556646,DDPM,1000
fashion_07546.png,8,bolsa,0.950701,DDPM,1000
fashion_07547.png,3,vestido,0.397189,DDPM,1000
fashion_07548.png,2,pulôver,0.486314,DDPM,1000
fashion_07549.png,6,camisa,0.839646,DDPM,1000
fashion_07550.png,2,pulôver,0.951913,DDPM,1000
fashion_07551.png,4,casaco,0.499955,DDPM,1000
fashion_07552.png,3,vestido,0.602527,DDPM,1000
fashion_07553.png,6,camisa,0.828870,DDPM,1000
fashion_07554.png,6,camisa,0.355537,DDPM,1000
fashion_07555.png,5,sandália,0.937864,DDPM,1000
fashion_07556.png,6,camisa,0.795966,DDPM,1000
fashion_07557.png,0,camiseta,0.353635,DDPM,1000
fashion_07558.png,2,pulôver,0.632928,DDPM,1000
fashion_07559.png,6,camisa,0.981507,DDPM,1000
fashion_07560.png,4,casaco,0.509409,DDPM,1000
fashion_07561.png,8,bolsa,0.303073,DDPM,1000
fashion_07562.png,0,camiseta,0.723758,DDPM,1000
fashion_07563.png,2,pulôver,0.654169,DDPM,1000
fashion_07564.png,2,pulôver,0.943120,DDPM,1000
fashion_07565.png,2,pulôver,0.525802,DDPM,1000
fashion_07566.png,0,camiseta,0.984746,DDPM,1000
fashion_07567.png,8,bolsa,0.589953,DDPM,1000
fashion_07568.png,8,bolsa,0.996219,DDPM,1000
fashion_07569.png,9,bota,0.987796,DDPM,1000
fashion_07570.png,6,camisa,0.538983,DDPM,1000
fashion_07571.png,0,camiseta,0.998430,DDPM,1000
fashion_07572.png,4,casaco,0.541910,DDPM,1000
fashion_07573.png,0,camiseta,0.846159,DDPM,1000
fashion_07574.png,8,bolsa,0.792658,DDPM,1000
fashion_07575.png,2,pulôver,0.317516,DDPM,1000
fashion_07576.png,8,bolsa,0.678137,DDPM,1000
fashion_07577.png,7,tênis,0.838694,DDPM,1000
fashion_07578.png,6,camisa,0.443123,DDPM,1000
fashion_07579.png,6,camisa,0.290808,DDPM,1000
fashion_07580.png,8,bolsa,0.917214,DDPM,1000
fashion_07581.png,4,casaco,0.654765,DDPM,1000
fashion_07582.png,6,camisa,0.509194,DDPM,1000
fashion_07583.png,6,camisa,0.430577,DDPM,1000
fashion_07584.png,6,camisa,0.745766,DDPM,1000
fashion_07585.png,8,bolsa,0.979182,DDPM,1000
fashion_07586.png,0,camiseta,0.445729,DDPM,1000
fashion_07587.png,2,pulôver,0.305476,DDPM,1000
fashion_07588.png,9,bota,0.351188,DDPM,1000
fashion_07589.png,2,pulôver,0.442813,DDPM,1000
fashion_07590.png,8,bolsa,0.829921,DDPM,1000
fashion_07591.png,8,bolsa,0.931351,DDPM,1000
fashion_07592.png,6,camisa,0.588677,DDPM,1000
fashion_07593.png,8,bolsa,0.528696,DDPM,1000
fashion_07594.png,4,casaco,0.665653,DDPM,1000
fashion_07595.png,2,pulôver,0.728441,DDPM,1000
fashion_07596.png,6,camisa,0.572877,DDPM,1000
fashion_07597.png,6,camisa,0.426936,DDPM,1000
fashion_07598.png,6,camisa,0.827149,DDPM,1000
fashion_07599.png,6,camisa,0.349917,DDPM,1000
fashion_07600.png,4,casaco,0.381268,DDPM,1000
fashion_07601.png,0,camiseta,0.612403,DDPM,1000
fashion_07602.png,6,camisa,0.502721,DDPM,1000
fashion_07603.png,2,pulôver,0.713702,DDPM,1000
fashion_07604.png,8,bolsa,0.827364,DDPM,1000
fashion_07605.png,6,camisa,0.330397,DDPM,1000
fashion_07606.png,4,casaco,0.444437,DDPM,1000
fashion_07607.png,2,pulôver,0.919686,DDPM,1000
fashion_07608.png,2,pulôver,0.372700,DDPM,1000
fashion_07609.png,0,camiseta,0.898280,DDPM,1000
fashion_07610.png,8,bolsa,0.974370,DDPM,1000
fashion_07611.png,8,bolsa,0.730978,DDPM,1000
fashion_07612.png,7,tênis,0.946902,DDPM,1000
fashion_07613.png,2,pulôver,0.771201,DDPM,1000
fashion_07614.png,6,camisa,0.764092,DDPM,1000
fashion_07615.png,6,camisa,0.957184,DDPM,1000
fashion_07616.png,3,vestido,0.690058,DDPM,1000
fashion_07617.png,6,camisa,0.574407,DDPM,1000
fashion_07618.png,4,casaco,0.567683,DDPM,1000
fashion_07619.png,0,camiseta,0.484196,DDPM,1000
fashion_07620.png,4,casaco,0.865631,DDPM,1000
fashion_07621.png,1,calça,0.422217,DDPM,1000
fashion_07622.png,4,casaco,0.961051,DDPM,1000
fashion_07623.png,8,bolsa,0.878007,DDPM,1000
fashion_07624.png,0,camiseta,0.640652,DDPM,1000
fashion_07625.png,0,camiseta,0.988443,DDPM,1000
fashion_07626.png,0,camiseta,0.550391,DDPM,1000
fashion_07627.png,6,camisa,0.657151,DDPM,1000
fashion_07628.png,6,camisa,0.982515,DDPM,1000
fashion_07629.png,4,casaco,0.834376,DDPM,1000
fashion_07630.png,2,pulôver,0.664701,DDPM,1000
fashion_07631.png,2,pulôver,0.972814,DDPM,1000
fashion_07632.png,1,calça,0.958565,DDPM,1000
fashion_07633.png,0,camiseta,0.753069,DDPM,1000
fashion_07634.png,3,vestido,0.937169,DDPM,1000
fashion_07635.png,6,camisa,0.907966,DDPM,1000
fashion_07636.png,6,camisa,0.671662,DDPM,1000
fashion_07637.png,6,camisa,0.454809,DDPM,1000
fashion_07638.png,4,casaco,0.793214,DDPM,1000
fashion_07639.png,8,bolsa,0.701505,DDPM,1000
fashion_07640.png,4,casaco,0.423132,DDPM,1000
fashion_07641.png,6,camisa,0.918225,DDPM,1000
fashion_07642.png,2,pulôver,0.527039,DDPM,1000
fashion_07643.png,2,pulôver,0.775271,DDPM,1000
fashion_07644.png,0,camiseta,0.908983,DDPM,1000
fashion_07645.png,4,casaco,0.542493,DDPM,1000
fashion_07646.png,2,pulôver,0.495990,DDPM,1000
fashion_07647.png,8,bolsa,0.839371,DDPM,1000
fashion_07648.png,2,pulôver,0.620401,DDPM,1000
fashion_07649.png,4,casaco,0.531120,DDPM,1000
fashion_07650.png,5,sandália,0.973743,DDPM,1000
fashion_07651.png,6,camisa,0.870238,DDPM,1000
fashion_07652.png,5,sandália,0.999999,DDPM,1000
fashion_07653.png,6,camisa,0.391430,DDPM,1000
fashion_07654.png,6,camisa,0.513650,DDPM,1000
fashion_07655.png,6,camisa,0.823953,DDPM,1000
fashion_07656.png,2,pulôver,0.455168,DDPM,1000
fashion_07657.png,4,casaco,0.611653,DDPM,1000
fashion_07658.png,2,pulôver,0.633496,DDPM,1000
fashion_07659.png,6,camisa,0.927755,DDPM,1000
fashion_07660.png,2,pulôver,0.505026,DDPM,1000
fashion_07661.png,1,calça,0.715768,DDPM,1000
fashion_07662.png,0,camiseta,0.511552,DDPM,1000
fashion_07663.png,0,camiseta,0.923609,DDPM,1000
fashion_07664.png,6,camisa,0.733856,DDPM,1000
fashion_07665.png,0,camiseta,0.333305,DDPM,1000
fashion_07666.png,5,sandália,0.602081,DDPM,1000
fashion_07667.png,0,camiseta,0.599911,DDPM,1000
fashion_07668.png,6,camisa,0.601939,DDPM,1000
fashion_07669.png,5,sandália,0.527058,DDPM,1000
fashion_07670.png,2,pulôver,0.680932,DDPM,1000
fashion_07671.png,6,camisa,0.730668,DDPM,1000
fashion_07672.png,6,camisa,0.784875,DDPM,1000
fashion_07673.png,8,bolsa,0.858116,DDPM,1000
fashion_07674.png,6,camisa,0.991732,DDPM,1000
fashion_07675.png,6,camisa,0.569165,DDPM,1000
fashion_07676.png,6,camisa,0.511161,DDPM,1000
fashion_07677.png,2,pulôver,0.691565,DDPM,1000
fashion_07678.png,2,pulôver,0.425136,DDPM,1000
fashion_07679.png,9,bota,0.766669,DDPM,1000
fashion_07680.png,2,pulôver,0.647355,DDPM,1000
fashion_07681.png,6,camisa,0.639833,DDPM,1000
fashion_07682.png,0,camiseta,0.850253,DDPM,1000
fashion_07683.png,0,camiseta,0.451984,DDPM,1000
fashion_07684.png,8,bolsa,0.628103,DDPM,1000
fashion_07685.png,6,camisa,0.881538,DDPM,1000
fashion_07686.png,4,casaco,0.517237,DDPM,1000
fashion_07687.png,9,bota,0.981371,DDPM,1000
fashion_07688.png,4,casaco,0.614446,DDPM,1000
fashion_07689.png,4,casaco,0.812426,DDPM,1000
fashion_07690.png,8,bolsa,0.703968,DDPM,1000
fashion_07691.png,2,pulôver,0.791294,DDPM,1000
fashion_07692.png,6,camisa,0.519524,DDPM,1000
fashion_07693.png,0,camiseta,0.940917,DDPM,1000
fashion_07694.png,8,bolsa,0.992659,DDPM,1000
fashion_07695.png,6,camisa,0.645440,DDPM,1000
fashion_07696.png,2,pulôver,0.980447,DDPM,1000
fashion_07697.png,2,pulôver,0.891938,DDPM,1000
fashion_07698.png,4,casaco,0.607001,DDPM,1000
fashion_07699.png,2,pulôver,0.591422,DDPM,1000
fashion_07700.png,4,casaco,0.933941,DDPM,1000
fashion_07701.png,6,camisa,0.824032,DDPM,1000
fashion_07702.png,0,camiseta,0.752109,DDPM,1000
fashion_07703.png,2,pulôver,0.851304,DDPM,1000
fashion_07704.png,6,camisa,0.596595,DDPM,1000
fashion_07705.png,2,pulôver,0.801447,DDPM,1000
fashion_07706.png,2,pulôver,0.371555,DDPM,1000
fashion_07707.png,9,bota,0.831150,DDPM,1000
fashion_07708.png,6,camisa,0.502814,DDPM,1000
fashion_07709.png,6,camisa,0.638839,DDPM,1000
fashion_07710.png,2,pulôver,0.617981,DDPM,1000
fashion_07711.png,0,camiseta,0.723602,DDPM,1000
fashion_07712.png,2,pulôver,0.445385,DDPM,1000
fashion_07713.png,0,camiseta,0.910348,DDPM,1000
fashion_07714.png,6,camisa,0.372403,DDPM,1000
fashion_07715.png,0,camiseta,0.497169,DDPM,1000
fashion_07716.png,6,camisa,0.747257,DDPM,1000
fashion_07717.png,6,camisa,0.737581,DDPM,1000
fashion_07718.png,7,tênis,0.741760,DDPM,1000
fashion_07719.png,0,camiseta,0.831195,DDPM,1000
fashion_07720.png,4,casaco,0.697219,DDPM,1000
fashion_07721.png,6,camisa,0.662943,DDPM,1000
fashion_07722.png,6,camisa,0.790763,DDPM,1000
fashion_07723.png,6,camisa,0.804958,DDPM,1000
fashion_07724.png,4,casaco,0.863885,DDPM,1000
fashion_07725.png,0,camiseta,0.875053,DDPM,1000
fashion_07726.png,1,calça,0.669464,DDPM,1000
fashion_07727.png,8,bolsa,0.572713,DDPM,1000
fashion_07728.png,8,bolsa,0.984263,DDPM,1000
fashion_07729.png,6,camisa,0.704462,DDPM,1000
fashion_07730.png,9,bota,0.892086,DDPM,1000
fashion_07731.png,6,camisa,0.429276,DDPM,1000
fashion_07732.png,6,camisa,0.757107,DDPM,1000
fashion_07733.png,6,camisa,0.384416,DDPM,1000
fashion_07734.png,6,camisa,0.716032,DDPM,1000
fashion_07735.png,5,sandália,0.998065,DDPM,1000
fashion_07736.png,2,pulôver,0.741359,DDPM,1000
fashion_07737.png,4,casaco,0.420469,DDPM,1000
fashion_07738.png,6,camisa,0.710606,DDPM,1000
fashion_07739.png,0,camiseta,0.799883,DDPM,1000
fashion_07740.png,0,camiseta,0.551773,DDPM,1000
fashion_07741.png,0,camiseta,0.879478,DDPM,1000
fashion_07742.png,4,casaco,0.775111,DDPM,1000
fashion_07743.png,2,pulôver,0.600820,DDPM,1000
fashion_07744.png,8,bolsa,0.701786,DDPM,1000
fashion_07745.png,8,bolsa,0.511869,DDPM,1000
fashion_07746.png,8,bolsa,0.933108,DDPM,1000
fashion_07747.png,8,bolsa,0.998699,DDPM,1000
fashion_07748.png,8,bolsa,0.445562,DDPM,1000
fashion_07749.png,2,pulôver,0.440259,DDPM,1000
fashion_07750.png,2,pulôver,0.891786,DDPM,1000
fashion_07751.png,4,casaco,0.351947,DDPM,1000
fashion_07752.png,2,pulôver,0.987333,DDPM,1000
fashion_07753.png,4,casaco,0.683216,DDPM,1000
fashion_07754.png,0,camiseta,0.731237,DDPM,1000
fashion_07755.png,8,bolsa,0.963010,DDPM,1000
fashion_07756.png,0,camiseta,0.464043,DDPM,1000
fashion_07757.png,9,bota,0.963106,DDPM,1000
fashion_07758.png,8,bolsa,0.991601,DDPM,1000
fashion_07759.png,2,pulôver,0.529118,DDPM,1000
fashion_07760.png,6,camisa,0.808475,DDPM,1000
fashion_07761.png,6,camisa,0.893656,DDPM,1000
fashion_07762.png,4,casaco,0.863268,DDPM,1000
fashion_07763.png,2,pulôver,0.516929,DDPM,1000
fashion_07764.png,1,calça,0.603813,DDPM,1000
fashion_07765.png,4,casaco,0.756284,DDPM,1000
fashion_07766.png,8,bolsa,0.912876,DDPM,1000
fashion_07767.png,8,bolsa,0.667476,DDPM,1000
fashion_07768.png,4,casaco,0.769804,DDPM,1000
fashion_07769.png,0,camiseta,0.514001,DDPM,1000
fashion_07770.png,4,casaco,0.439327,DDPM,1000
fashion_07771.png,6,camisa,0.344288,DDPM,1000
fashion_07772.png,6,camisa,0.777227,DDPM,1000
fashion_07773.png,4,casaco,0.781467,DDPM,1000
fashion_07774.png,6,camisa,0.920574,DDPM,1000
fashion_07775.png,6,camisa,0.487394,DDPM,1000
fashion_07776.png,8,bolsa,0.810358,DDPM,1000
fashion_07777.png,3,vestido,0.614975,DDPM,1000
fashion_07778.png,2,pulôver,0.968599,DDPM,1000
fashion_07779.png,6,camisa,0.529968,DDPM,1000
fashion_07780.png,6,camisa,0.408101,DDPM,1000
fashion_07781.png,4,casaco,0.857419,DDPM,1000
fashion_07782.png,8,bolsa,0.998781,DDPM,1000
fashion_07783.png,2,pulôver,0.327579,DDPM,1000
fashion_07784.png,0,camiseta,0.978416,DDPM,1000
fashion_07785.png,6,camisa,0.502926,DDPM,1000
fashion_07786.png,2,pulôver,0.365676,DDPM,1000
fashion_07787.png,8,bolsa,0.466607,DDPM,1000
fashion_07788.png,3,vestido,0.692752,DDPM,1000
fashion_07789.png,0,camiseta,0.621102,DDPM,1000
fashion_07790.png,0,camiseta,0.503413,DDPM,1000
fashion_07791.png,6,camisa,0.635553,DDPM,1000
fashion_07792.png,6,camisa,0.892040,DDPM,1000
fashion_07793.png,9,bota,0.999483,DDPM,1000
fashion_07794.png,0,camiseta,0.991869,DDPM,1000
fashion_07795.png,9,bota,0.883017,DDPM,1000
fashion_07796.png,6,camisa,0.652047,DDPM,1000
fashion_07797.png,6,camisa,0.525309,DDPM,1000
fashion_07798.png,8,bolsa,0.474857,DDPM,1000
fashion_07799.png,2,pulôver,0.766762,DDPM,1000
fashion_07800.png,2,pulôver,0.923389,DDPM,1000
fashion_07801.png,8,bolsa,0.510350,DDPM,1000
fashion_07802.png,0,camiseta,0.708281,DDPM,1000
fashion_07803.png,4,casaco,0.933133,DDPM,1000
fashion_07804.png,8,bolsa,0.469175,DDPM,1000
fashion_07805.png,0,camiseta,0.783116,DDPM,1000
fashion_07806.png,3,vestido,0.878639,DDPM,1000
fashion_07807.png,9,bota,0.859546,DDPM,1000
fashion_07808.png,6,camisa,0.959140,DDPM,1000
fashion_07809.png,6,camisa,0.418254,DDPM,1000
fashion_07810.png,6,camisa,0.402240,DDPM,1000
fashion_07811.png,6,camisa,0.878451,DDPM,1000
fashion_07812.png,2,pulôver,0.900247,DDPM,1000
fashion_07813.png,4,casaco,0.923236,DDPM,1000
fashion_07814.png,8,bolsa,0.831180,DDPM,1000
fashion_07815.png,4,casaco,0.972570,DDPM,1000
fashion_07816.png,8,bolsa,0.951565,DDPM,1000
fashion_07817.png,8,bolsa,0.916053,DDPM,1000
fashion_07818.png,8,bolsa,0.441224,DDPM,1000
fashion_07819.png,2,pulôver,0.807796,DDPM,1000
fashion_07820.png,6,camisa,0.930243,DDPM,1000
fashion_07821.png,0,camiseta,0.560345,DDPM,1000
fashion_07822.png,0,camiseta,0.681159,DDPM,1000
fashion_07823.png,6,camisa,0.549484,DDPM,1000
fashion_07824.png,6,camisa,0.805841,DDPM,1000
fashion_07825.png,2,pulôver,0.706545,DDPM,1000
fashion_07826.png,6,camisa,0.568877,DDPM,1000
fashion_07827.png,6,camisa,0.619672,DDPM,1000
fashion_07828.png,6,camisa,0.696739,DDPM,1000
fashion_07829.png,6,camisa,0.697438,DDPM,1000
fashion_07830.png,3,vestido,0.723443,DDPM,1000
fashion_07831.png,2,pulôver,0.767438,DDPM,1000
fashion_07832.png,6,camisa,0.702809,DDPM,1000
fashion_07833.png,4,casaco,0.406100,DDPM,1000
fashion_07834.png,4,casaco,0.651331,DDPM,1000
fashion_07835.png,6,camisa,0.439285,DDPM,1000
fashion_07836.png,5,sandália,0.978540,DDPM,1000
fashion_07837.png,6,camisa,0.909586,DDPM,1000
fashion_07838.png,2,pulôver,0.598388,DDPM,1000
fashion_07839.png,0,camiseta,0.523004,DDPM,1000
fashion_07840.png,6,camisa,0.373140,DDPM,1000
fashion_07841.png,8,bolsa,0.854345,DDPM,1000
fashion_07842.png,1,calça,0.968249,DDPM,1000
fashion_07843.png,4,casaco,0.473976,DDPM,1000
fashion_07844.png,6,camisa,0.428362,DDPM,1000
fashion_07845.png,8,bolsa,0.981916,DDPM,1000
fashion_07846.png,6,camisa,0.418663,DDPM,1000
fashion_07847.png,6,camisa,0.882995,DDPM,1000
fashion_07848.png,0,camiseta,0.499903,DDPM,1000
fashion_07849.png,6,camisa,0.821527,DDPM,1000
fashion_07850.png,2,pulôver,0.536978,DDPM,1000
fashion_07851.png,4,casaco,0.404381,DDPM,1000
fashion_07852.png,6,camisa,0.640194,DDPM,1000
fashion_07853.png,0,camiseta,0.425434,DDPM,1000
fashion_07854.png,8,bolsa,0.553153,DDPM,1000
fashion_07855.png,8,bolsa,0.916693,DDPM,1000
fashion_07856.png,2,pulôver,0.914809,DDPM,1000
fashion_07857.png,0,camiseta,0.994716,DDPM,1000
fashion_07858.png,8,bolsa,0.999962,DDPM,1000
fashion_07859.png,6,camisa,0.985453,DDPM,1000
fashion_07860.png,2,pulôver,0.853783,DDPM,1000
fashion_07861.png,8,bolsa,0.996794,DDPM,1000
fashion_07862.png,6,camisa,0.689704,DDPM,1000
fashion_07863.png,6,camisa,0.455220,DDPM,1000
fashion_07864.png,1,calça,0.347503,DDPM,1000
fashion_07865.png,6,camisa,0.849884,DDPM,1000
fashion_07866.png,2,pulôver,0.926051,DDPM,1000
fashion_07867.png,8,bolsa,0.577967,DDPM,1000
fashion_07868.png,4,casaco,0.458160,DDPM,1000
fashion_07869.png,3,vestido,0.335365,DDPM,1000
fashion_07870.png,3,vestido,0.663993,DDPM,1000
fashion_07871.png,4,casaco,0.796568,DDPM,1000
fashion_07872.png,8,bolsa,0.575484,DDPM,1000
fashion_07873.png,0,camiseta,0.528715,DDPM,1000
fashion_07874.png,2,pulôver,0.575992,DDPM,1000
fashion_07875.png,6,camisa,0.468413,DDPM,1000
fashion_07876.png,8,bolsa,0.418473,DDPM,1000
fashion_07877.png,0,camiseta,0.927579,DDPM,1000
fashion_07878.png,0,camiseta,0.929232,DDPM,1000
fashion_07879.png,5,sandália,0.996897,DDPM,1000
fashion_07880.png,2,pulôver,0.928232,DDPM,1000
fashion_07881.png,6,camisa,0.846588,DDPM,1000
fashion_07882.png,3,vestido,0.556926,DDPM,1000
fashion_07883.png,2,pulôver,0.766243,DDPM,1000
fashion_07884.png,6,camisa,0.668665,DDPM,1000
fashion_07885.png,5,sandália,0.979617,DDPM,1000
fashion_07886.png,0,camiseta,0.821722,DDPM,1000
fashion_07887.png,6,camisa,0.298237,DDPM,1000
fashion_07888.png,0,camiseta,0.984099,DDPM,1000
fashion_07889.png,2,pulôver,0.799275,DDPM,1000
fashion_07890.png,4,casaco,0.562192,DDPM,1000
fashion_07891.png,8,bolsa,0.559823,DDPM,1000
fashion_07892.png,8,bolsa,0.838272,DDPM,1000
fashion_07893.png,2,pulôver,0.898704,DDPM,1000
fashion_07894.png,6,camisa,0.531709,DDPM,1000
fashion_07895.png,6,camisa,0.965921,DDPM,1000
fashion_07896.png,8,bolsa,0.982939,DDPM,1000
fashion_07897.png,2,pulôver,0.499568,DDPM,1000
fashion_07898.png,6,camisa,0.423186,DDPM,1000
fashion_07899.png,2,pulôver,0.533126,DDPM,1000
fashion_07900.png,8,bolsa,0.635125,DDPM,1000
fashion_07901.png,2,pulôver,0.594688,DDPM,1000
fashion_07902.png,8,bolsa,0.884288,DDPM,1000
fashion_07903.png,2,pulôver,0.427217,DDPM,1000
fashion_07904.png,0,camiseta,0.722830,DDPM,1000
fashion_07905.png,2,pulôver,0.759733,DDPM,1000
fashion_07906.png,5,sandália,0.585846,DDPM,1000
fashion_07907.png,8,bolsa,0.947353,DDPM,1000
fashion_07908.png,2,pulôver,0.897400,DDPM,1000
fashion_07909.png,7,tênis,0.999138,DDPM,1000
fashion_07910.png,0,camiseta,0.457039,DDPM,1000
fashion_07911.png,8,bolsa,0.997834,DDPM,1000
fashion_07912.png,4,casaco,0.571020,DDPM,1000
fashion_07913.png,3,vestido,0.496607,DDPM,1000
fashion_07914.png,6,camisa,0.885019,DDPM,1000
fashion_07915.png,0,camiseta,0.979633,DDPM,1000
fashion_07916.png,6,camisa,0.374079,DDPM,1000
fashion_07917.png,6,camisa,0.558256,DDPM,1000
fashion_07918.png,4,casaco,0.590147,DDPM,1000
fashion_07919.png,4,casaco,0.326990,DDPM,1000
fashion_07920.png,0,camiseta,0.838007,DDPM,1000
fashion_07921.png,2,pulôver,0.888574,DDPM,1000
fashion_07922.png,6,camisa,0.585843,DDPM,1000
fashion_07923.png,0,camiseta,0.879599,DDPM,1000
fashion_07924.png,2,pulôver,0.368943,DDPM,1000
fashion_07925.png,2,pulôver,0.420547,DDPM,1000
fashion_07926.png,6,camisa,0.349604,DDPM,1000
fashion_07927.png,6,camisa,0.656254,DDPM,1000
fashion_07928.png,6,camisa,0.497206,DDPM,1000
fashion_07929.png,6,camisa,0.760226,DDPM,1000
fashion_07930.png,4,casaco,0.703214,DDPM,1000
fashion_07931.png,4,casaco,0.852969,DDPM,1000
fashion_07932.png,6,camisa,0.542008,DDPM,1000
fashion_07933.png,6,camisa,0.874771,DDPM,1000
fashion_07934.png,2,pulôver,0.876962,DDPM,1000
fashion_07935.png,8,bolsa,1.000000,DDPM,1000
fashion_07936.png,0,camiseta,0.560077,DDPM,1000
fashion_07937.png,8,bolsa,0.859874,DDPM,1000
fashion_07938.png,0,camiseta,0.373067,DDPM,1000
fashion_07939.png,6,camisa,0.446828,DDPM,1000
fashion_07940.png,2,pulôver,0.684240,DDPM,1000
fashion_07941.png,6,camisa,0.703851,DDPM,1000
fashion_07942.png,3,vestido,0.733647,DDPM,1000
fashion_07943.png,6,camisa,0.873573,DDPM,1000
fashion_07944.png,4,casaco,0.635840,DDPM,1000
fashion_07945.png,0,camiseta,0.717336,DDPM,1000
fashion_07946.png,6,camisa,0.972904,DDPM,1000
fashion_07947.png,0,camiseta,0.532494,DDPM,1000
fashion_07948.png,8,bolsa,0.490111,DDPM,1000
fashion_07949.png,4,casaco,0.777077,DDPM,1000
fashion_07950.png,6,camisa,0.555156,DDPM,1000
fashion_07951.png,2,pulôver,0.963413,DDPM,1000
fashion_07952.png,6,camisa,0.894233,DDPM,1000
fashion_07953.png,6,camisa,0.406526,DDPM,1000
fashion_07954.png,3,vestido,0.345735,DDPM,1000
fashion_07955.png,2,pulôver,0.482327,DDPM,1000
fashion_07956.png,6,camisa,0.904839,DDPM,1000
fashion_07957.png,7,tênis,0.381921,DDPM,1000
fashion_07958.png,4,casaco,0.970752,DDPM,1000
fashion_07959.png,6,camisa,0.405515,DDPM,1000
fashion_07960.png,0,camiseta,0.992438,DDPM,1000
fashion_07961.png,8,bolsa,0.993868,DDPM,1000
fashion_07962.png,6,camisa,0.596636,DDPM,1000
fashion_07963.png,3,vestido,0.583707,DDPM,1000
fashion_07964.png,0,camiseta,0.421837,DDPM,1000
fashion_07965.png,2,pulôver,0.653906,DDPM,1000
fashion_07966.png,3,vestido,0.564644,DDPM,1000
fashion_07967.png,8,bolsa,0.573402,DDPM,1000
fashion_07968.png,6,camisa,0.336437,DDPM,1000
fashion_07969.png,2,pulôver,0.329460,DDPM,1000
fashion_07970.png,6,camisa,0.737492,DDPM,1000
fashion_07971.png,2,pulôver,0.659169,DDPM,1000
fashion_07972.png,6,camisa,0.609069,DDPM,1000
fashion_07973.png,6,camisa,0.903526,DDPM,1000
fashion_07974.png,2,pulôver,0.321800,DDPM,1000
fashion_07975.png,2,pulôver,0.567991,DDPM,1000
fashion_07976.png,8,bolsa,0.633231,DDPM,1000
fashion_07977.png,6,camisa,0.529201,DDPM,1000
fashion_07978.png,8,bolsa,0.999817,DDPM,1000
fashion_07979.png,6,camisa,0.808074,DDPM,1000
fashion_07980.png,3,vestido,0.983463,DDPM,1000
fashion_07981.png,6,camisa,0.316990,DDPM,1000
fashion_07982.png,8,bolsa,0.981761,DDPM,1000
fashion_07983.png,5,sandália,0.769919,DDPM,1000
fashion_07984.png,2,pulôver,0.875213,DDPM,1000
fashion_07985.png,9,bota,0.988503,DDPM,1000
fashion_07986.png,0,camiseta,0.687492,DDPM,1000
fashion_07987.png,2,pulôver,0.618801,DDPM,1000
fashion_07988.png,7,tênis,0.479507,DDPM,1000
fashion_07989.png,3,vestido,0.794985,DDPM,1000
fashion_07990.png,2,pulôver,0.942153,DDPM,1000
fashion_07991.png,2,pulôver,0.519846,DDPM,1000
fashion_07992.png,6,camisa,0.448370,DDPM,1000
fashion_07993.png,8,bolsa,0.987028,DDPM,1000
fashion_07994.png,1,calça,0.487712,DDPM,1000
fashion_07995.png,6,camisa,0.512886,DDPM,1000
fashion_07996.png,9,bota,0.553154,DDPM,1000
fashion_07997.png,2,pulôver,0.782645,DDPM,1000
fashion_07998.png,8,bolsa,0.471116,DDPM,1000
fashion_07999.png,8,bolsa,0.959740,DDPM,1000
fashion_08000.png,8,bolsa,0.413150,DDPM,1000
fashion_08001.png,6,camisa,0.689197,DDPM,1000
fashion_08002.png,2,pulôver,0.940389,DDPM,1000
fashion_08003.png,6,camisa,0.684481,DDPM,1000
fashion_08004.png,0,camiseta,0.465296,DDPM,1000
fashion_08005.png,0,camiseta,0.614234,DDPM,1000
fashion_08006.png,2,pulôver,0.481161,DDPM,1000
fashion_08007.png,0,camiseta,0.466890,DDPM,1000
fashion_08008.png,6,camisa,0.492078,DDPM,1000
fashion_08009.png,6,camisa,0.492641,DDPM,1000
fashion_08010.png,2,pulôver,0.620397,DDPM,1000
fashion_08011.png,4,casaco,0.766703,DDPM,1000
fashion_08012.png,8,bolsa,0.982158,DDPM,1000
fashion_08013.png,6,camisa,0.880276,DDPM,1000
fashion_08014.png,1,calça,0.925128,DDPM,1000
fashion_08015.png,2,pulôver,0.981609,DDPM,1000
fashion_08016.png,2,pulôver,0.903096,DDPM,1000
fashion_08017.png,8,bolsa,0.613189,DDPM,1000
fashion_08018.png,6,camisa,0.911062,DDPM,1000
fashion_08019.png,2,pulôver,0.625788,DDPM,1000
fashion_08020.png,6,camisa,0.623472,DDPM,1000
fashion_08021.png,2,pulôver,0.676901,DDPM,1000
fashion_08022.png,2,pulôver,0.640061,DDPM,1000
fashion_08023.png,2,pulôver,0.634448,DDPM,1000
fashion_08024.png,6,camisa,0.740170,DDPM,1000
fashion_08025.png,4,casaco,0.752759,DDPM,1000
fashion_08026.png,6,camisa,0.432781,DDPM,1000
fashion_08027.png,2,pulôver,0.688081,DDPM,1000
fashion_08028.png,2,pulôver,0.401313,DDPM,1000
fashion_08029.png,0,camiseta,0.229729,DDPM,1000
fashion_08030.png,6,camisa,0.683122,DDPM,1000
fashion_08031.png,3,vestido,0.472239,DDPM,1000
fashion_08032.png,7,tênis,0.844442,DDPM,1000
fashion_08033.png,5,sandália,0.966493,DDPM,1000
fashion_08034.png,8,bolsa,0.947964,DDPM,1000
fashion_08035.png,5,sandália,0.821650,DDPM,1000
fashion_08036.png,0,camiseta,0.733781,DDPM,1000
fashion_08037.png,2,pulôver,0.411168,DDPM,1000
fashion_08038.png,8,bolsa,0.741529,DDPM,1000
fashion_08039.png,4,casaco,0.883287,DDPM,1000
fashion_08040.png,2,pulôver,0.960519,DDPM,1000
fashion_08041.png,4,casaco,0.988736,DDPM,1000
fashion_08042.png,6,camisa,0.273964,DDPM,1000
fashion_08043.png,4,casaco,0.333675,DDPM,1000
fashion_08044.png,0,camiseta,0.925457,DDPM,1000
fashion_08045.png,8,bolsa,0.980856,DDPM,1000
fashion_08046.png,9,bota,0.680674,DDPM,1000
fashion_08047.png,9,bota,0.995479,DDPM,1000
fashion_08048.png,6,camisa,0.543753,DDPM,1000
fashion_08049.png,6,camisa,0.569441,DDPM,1000
fashion_08050.png,6,camisa,0.659405,DDPM,1000
fashion_08051.png,2,pulôver,0.683414,DDPM,1000
fashion_08052.png,4,casaco,0.944225,DDPM,1000
fashion_08053.png,2,pulôver,0.874691,DDPM,1000
fashion_08054.png,8,bolsa,0.703836,DDPM,1000
fashion_08055.png,8,bolsa,0.920840,DDPM,1000
fashion_08056.png,4,casaco,0.964014,DDPM,1000
fashion_08057.png,2,pulôver,0.487372,DDPM,1000
fashion_08058.png,6,camisa,0.449800,DDPM,1000
fashion_08059.png,6,camisa,0.886649,DDPM,1000
fashion_08060.png,8,bolsa,0.824775,DDPM,1000
fashion_08061.png,3,vestido,0.887894,DDPM,1000
fashion_08062.png,6,camisa,0.821599,DDPM,1000
fashion_08063.png,4,casaco,0.596151,DDPM,1000
fashion_08064.png,8,bolsa,0.581629,DDPM,1000
fashion_08065.png,2,pulôver,0.912835,DDPM,1000
fashion_08066.png,6,camisa,0.953510,DDPM,1000
fashion_08067.png,0,camiseta,0.941641,DDPM,1000
fashion_08068.png,6,camisa,0.739132,DDPM,1000
fashion_08069.png,6,camisa,0.565267,DDPM,1000
fashion_08070.png,2,pulôver,0.543862,DDPM,1000
fashion_08071.png,4,casaco,0.943363,DDPM,1000
fashion_08072.png,6,camisa,0.665391,DDPM,1000
fashion_08073.png,6,camisa,0.756757,DDPM,1000
fashion_08074.png,5,sandália,0.990731,DDPM,1000
fashion_08075.png,6,camisa,0.567922,DDPM,1000
fashion_08076.png,2,pulôver,0.569434,DDPM,1000
fashion_08077.png,0,camiseta,0.623213,DDPM,1000
fashion_08078.png,8,bolsa,0.851423,DDPM,1000
fashion_08079.png,2,pulôver,0.824773,DDPM,1000
fashion_08080.png,6,camisa,0.343860,DDPM,1000
fashion_08081.png,6,camisa,0.969578,DDPM,1000
fashion_08082.png,4,casaco,0.506072,DDPM,1000
fashion_08083.png,4,casaco,0.427001,DDPM,1000
fashion_08084.png,9,bota,0.900104,DDPM,1000
fashion_08085.png,6,camisa,0.849363,DDPM,1000
fashion_08086.png,2,pulôver,0.423112,DDPM,1000
fashion_08087.png,2,pulôver,0.942385,DDPM,1000
fashion_08088.png,9,bota,0.934694,DDPM,1000
fashion_08089.png,6,camisa,0.898370,DDPM,1000
fashion_08090.png,8,bolsa,0.734816,DDPM,1000
fashion_08091.png,6,camisa,0.665323,DDPM,1000
fashion_08092.png,6,camisa,0.868278,DDPM,1000
fashion_08093.png,4,casaco,0.488525,DDPM,1000
fashion_08094.png,6,camisa,0.327002,DDPM,1000
fashion_08095.png,2,pulôver,0.523117,DDPM,1000
fashion_08096.png,4,casaco,0.719568,DDPM,1000
fashion_08097.png,6,camisa,0.723356,DDPM,1000
fashion_08098.png,8,bolsa,0.969698,DDPM,1000
fashion_08099.png,6,camisa,0.654470,DDPM,1000
fashion_08100.png,7,tênis,0.976711,DDPM,1000
fashion_08101.png,3,vestido,0.853126,DDPM,1000
fashion_08102.png,2,pulôver,0.329050,DDPM,1000
fashion_08103.png,6,camisa,0.878288,DDPM,1000
fashion_08104.png,6,camisa,0.687222,DDPM,1000
fashion_08105.png,3,vestido,0.860507,DDPM,1000
fashion_08106.png,0,camiseta,0.972148,DDPM,1000
fashion_08107.png,2,pulôver,0.865232,DDPM,1000
fashion_08108.png,6,camisa,0.467989,DDPM,1000
fashion_08109.png,8,bolsa,0.436962,DDPM,1000
fashion_08110.png,2,pulôver,0.638666,DDPM,1000
fashion_08111.png,6,camisa,0.690675,DDPM,1000
fashion_08112.png,2,pulôver,0.842509,DDPM,1000
fashion_08113.png,2,pulôver,0.486678,DDPM,1000
fashion_08114.png,4,casaco,0.833283,DDPM,1000
fashion_08115.png,8,bolsa,0.998195,DDPM,1000
fashion_08116.png,0,camiseta,0.549360,DDPM,1000
fashion_08117.png,4,casaco,0.679392,DDPM,1000
fashion_08118.png,6,camisa,0.922625,DDPM,1000
fashion_08119.png,0,camiseta,0.965954,DDPM,1000
fashion_08120.png,6,camisa,0.410336,DDPM,1000
fashion_08121.png,2,pulôver,0.552707,DDPM,1000
fashion_08122.png,2,pulôver,0.682693,DDPM,1000
fashion_08123.png,4,casaco,0.533402,DDPM,1000
fashion_08124.png,0,camiseta,0.544541,DDPM,1000
fashion_08125.png,6,camisa,0.779664,DDPM,1000
fashion_08126.png,8,bolsa,0.870910,DDPM,1000
fashion_08127.png,0,camiseta,0.474288,DDPM,1000
fashion_08128.png,4,casaco,0.963195,DDPM,1000
fashion_08129.png,4,casaco,0.546276,DDPM,1000
fashion_08130.png,0,camiseta,0.485975,DDPM,1000
fashion_08131.png,1,calça,0.898209,DDPM,1000
fashion_08132.png,8,bolsa,0.895947,DDPM,1000
fashion_08133.png,8,bolsa,0.984771,DDPM,1000
fashion_08134.png,9,bota,0.458789,DDPM,1000
fashion_08135.png,8,bolsa,0.657075,DDPM,1000
fashion_08136.png,8,bolsa,0.991840,DDPM,1000
fashion_08137.png,2,pulôver,0.690876,DDPM,1000
fashion_08138.png,2,pulôver,0.905102,DDPM,1000
fashion_08139.png,6,camisa,0.694711,DDPM,1000
fashion_08140.png,6,camisa,0.477386,DDPM,1000
fashion_08141.png,8,bolsa,0.836598,DDPM,1000
fashion_08142.png,8,bolsa,0.609579,DDPM,1000
fashion_08143.png,4,casaco,0.500894,DDPM,1000
fashion_08144.png,2,pulôver,0.493550,DDPM,1000
fashion_08145.png,6,camisa,0.810952,DDPM,1000
fashion_08146.png,8,bolsa,0.541162,DDPM,1000
fashion_08147.png,3,vestido,0.543212,DDPM,1000
fashion_08148.png,0,camiseta,0.843761,DDPM,1000
fashion_08149.png,6,camisa,0.396059,DDPM,1000
fashion_08150.png,6,camisa,0.923789,DDPM,1000
fashion_08151.png,6,camisa,0.984496,DDPM,1000
fashion_08152.png,0,camiseta,0.843852,DDPM,1000
fashion_08153.png,4,casaco,0.617878,DDPM,1000
fashion_08154.png,2,pulôver,0.800041,DDPM,1000
fashion_08155.png,0,camiseta,0.914052,DDPM,1000
fashion_08156.png,2,pulôver,0.408372,DDPM,1000
fashion_08157.png,0,camiseta,0.610929,DDPM,1000
fashion_08158.png,8,bolsa,0.987004,DDPM,1000
fashion_08159.png,6,camisa,0.321485,DDPM,1000
fashion_08160.png,8,bolsa,0.898242,DDPM,1000
fashion_08161.png,8,bolsa,0.455184,DDPM,1000
fashion_08162.png,9,bota,0.995865,DDPM,1000
fashion_08163.png,4,casaco,0.472647,DDPM,1000
fashion_08164.png,2,pulôver,0.820876,DDPM,1000
fashion_08165.png,6,camisa,0.621255,DDPM,1000
fashion_08166.png,9,bota,0.698743,DDPM,1000
fashion_08167.png,8,bolsa,0.976856,DDPM,1000
fashion_08168.png,2,pulôver,0.633712,DDPM,1000
fashion_08169.png,6,camisa,0.916986,DDPM,1000
fashion_08170.png,0,camiseta,0.397632,DDPM,1000
fashion_08171.png,3,vestido,0.366297,DDPM,1000
fashion_08172.png,9,bota,0.855689,DDPM,1000
fashion_08173.png,4,casaco,0.540638,DDPM,1000
fashion_08174.png,2,pulôver,0.536378,DDPM,1000
fashion_08175.png,8,bolsa,0.419536,DDPM,1000
fashion_08176.png,2,pulôver,0.686552,DDPM,1000
fashion_08177.png,0,camiseta,0.966069,DDPM,1000
fashion_08178.png,6,camisa,0.960365,DDPM,1000
fashion_08179.png,6,camisa,0.652027,DDPM,1000
fashion_08180.png,8,bolsa,0.523187,DDPM,1000
fashion_08181.png,6,camisa,0.509753,DDPM,1000
fashion_08182.png,6,camisa,0.404879,DDPM,1000
fashion_08183.png,0,camiseta,0.709905,DDPM,1000
fashion_08184.png,8,bolsa,0.928391,DDPM,1000
fashion_08185.png,8,bolsa,0.414902,DDPM,1000
fashion_08186.png,3,vestido,0.895228,DDPM,1000
fashion_08187.png,9,bota,0.471451,DDPM,1000
fashion_08188.png,6,camisa,0.917968,DDPM,1000
fashion_08189.png,2,pulôver,0.934977,DDPM,1000
fashion_08190.png,0,camiseta,0.991158,DDPM,1000
fashion_08191.png,8,bolsa,0.723673,DDPM,1000
fashion_08192.png,6,camisa,0.505637,DDPM,1000
fashion_08193.png,0,camiseta,0.969020,DDPM,1000
fashion_08194.png,0,camiseta,0.455522,DDPM,1000
fashion_08195.png,8,bolsa,0.733353,DDPM,1000
fashion_08196.png,6,camisa,0.728332,DDPM,1000
fashion_08197.png,0,camiseta,0.590818,DDPM,1000
fashion_08198.png,6,camisa,0.880604,DDPM,1000
fashion_08199.png,9,bota,0.633843,DDPM,1000
fashion_08200.png,6,camisa,0.416634,DDPM,1000
fashion_08201.png,2,pulôver,0.834215,DDPM,1000
fashion_08202.png,0,camiseta,0.853925,DDPM,1000
fashion_08203.png,4,casaco,0.673997,DDPM,1000
fashion_08204.png,2,pulôver,0.764864,DDPM,1000
fashion_08205.png,2,pulôver,0.887451,DDPM,1000
fashion_08206.png,3,vestido,0.421281,DDPM,1000
fashion_08207.png,4,casaco,0.658249,DDPM,1000
fashion_08208.png,3,vestido,0.414742,DDPM,1000
fashion_08209.png,2,pulôver,0.905771,DDPM,1000
fashion_08210.png,8,bolsa,0.263929,DDPM,1000
fashion_08211.png,2,pulôver,0.979214,DDPM,1000
fashion_08212.png,3,vestido,0.750758,DDPM,1000
fashion_08213.png,0,camiseta,0.355030,DDPM,1000
fashion_08214.png,0,camiseta,0.783234,DDPM,1000
fashion_08215.png,6,camisa,0.876734,DDPM,1000
fashion_08216.png,0,camiseta,0.543599,DDPM,1000
fashion_08217.png,8,bolsa,0.929413,DDPM,1000
fashion_08218.png,2,pulôver,0.407679,DDPM,1000
fashion_08219.png,2,pulôver,0.910503,DDPM,1000
fashion_08220.png,6,camisa,0.754100,DDPM,1000
fashion_08221.png,8,bolsa,0.881786,DDPM,1000
fashion_08222.png,4,casaco,0.791439,DDPM,1000
fashion_08223.png,2,pulôver,0.473537,DDPM,1000
fashion_08224.png,9,bota,0.549058,DDPM,1000
fashion_08225.png,6,camisa,0.552740,DDPM,1000
fashion_08226.png,6,camisa,0.500244,DDPM,1000
fashion_08227.png,9,bota,0.988809,DDPM,1000
fashion_08228.png,7,tênis,0.738542,DDPM,1000
fashion_08229.png,6,camisa,0.910106,DDPM,1000
fashion_08230.png,6,camisa,0.492984,DDPM,1000
fashion_08231.png,6,camisa,0.397851,DDPM,1000
fashion_08232.png,6,camisa,0.622754,DDPM,1000
fashion_08233.png,6,camisa,0.514040,DDPM,1000
fashion_08234.png,4,casaco,0.648119,DDPM,1000
fashion_08235.png,6,camisa,0.616867,DDPM,1000
fashion_08236.png,6,camisa,0.836166,DDPM,1000
fashion_08237.png,4,casaco,0.673844,DDPM,1000
fashion_08238.png,2,pulôver,0.717071,DDPM,1000
fashion_08239.png,3,vestido,0.568518,DDPM,1000
fashion_08240.png,6,camisa,0.697473,DDPM,1000
fashion_08241.png,8,bolsa,0.365176,DDPM,1000
fashion_08242.png,2,pulôver,0.900163,DDPM,1000
fashion_08243.png,2,pulôver,0.642658,DDPM,1000
fashion_08244.png,3,vestido,0.426265,DDPM,1000
fashion_08245.png,6,camisa,0.642822,DDPM,1000
fashion_08246.png,3,vestido,0.409483,DDPM,1000
fashion_08247.png,6,camisa,0.374732,DDPM,1000
fashion_08248.png,0,camiseta,0.882433,DDPM,1000
fashion_08249.png,6,camisa,0.573842,DDPM,1000
fashion_08250.png,0,camiseta,0.794667,DDPM,1000
fashion_08251.png,6,camisa,0.353351,DDPM,1000
fashion_08252.png,6,camisa,0.823309,DDPM,1000
fashion_08253.png,0,camiseta,0.753350,DDPM,1000
fashion_08254.png,0,camiseta,0.345893,DDPM,1000
fashion_08255.png,2,pulôver,0.785703,DDPM,1000
fashion_08256.png,6,camisa,0.464549,DDPM,1000
fashion_08257.png,8,bolsa,0.642376,DDPM,1000
fashion_08258.png,2,pulôver,0.976852,DDPM,1000
fashion_08259.png,8,bolsa,0.500431,DDPM,1000
fashion_08260.png,0,camiseta,0.494795,DDPM,1000
fashion_08261.png,9,bota,0.936580,DDPM,1000
fashion_08262.png,6,camisa,0.354649,DDPM,1000
fashion_08263.png,6,camisa,0.566181,DDPM,1000
fashion_08264.png,3,vestido,0.985730,DDPM,1000
fashion_08265.png,0,camiseta,0.898877,DDPM,1000
fashion_08266.png,6,camisa,0.734848,DDPM,1000
fashion_08267.png,6,camisa,0.402573,DDPM,1000
fashion_08268.png,2,pulôver,0.496223,DDPM,1000
fashion_08269.png,6,camisa,0.577709,DDPM,1000
fashion_08270.png,0,camiseta,0.910474,DDPM,1000
fashion_08271.png,0,camiseta,0.662154,DDPM,1000
fashion_08272.png,6,camisa,0.804022,DDPM,1000
fashion_08273.png,3,vestido,0.924921,DDPM,1000
fashion_08274.png,4,casaco,0.971037,DDPM,1000
fashion_08275.png,8,bolsa,0.676012,DDPM,1000
fashion_08276.png,8,bolsa,0.780232,DDPM,1000
fashion_08277.png,6,camisa,0.889469,DDPM,1000
fashion_08278.png,5,sandália,0.996315,DDPM,1000
fashion_08279.png,0,camiseta,0.595668,DDPM,1000
fashion_08280.png,0,camiseta,0.544782,DDPM,1000
fashion_08281.png,6,camisa,0.612193,DDPM,1000
fashion_08282.png,3,vestido,0.541117,DDPM,1000
fashion_08283.png,2,pulôver,0.429236,DDPM,1000
fashion_08284.png,8,bolsa,0.650430,DDPM,1000
fashion_08285.png,4,casaco,0.488892,DDPM,1000
fashion_08286.png,4,casaco,0.678390,DDPM,1000
fashion_08287.png,6,camisa,0.895939,DDPM,1000
fashion_08288.png,8,bolsa,0.999791,DDPM,1000
fashion_08289.png,6,camisa,0.343639,DDPM,1000
fashion_08290.png,2,pulôver,0.996564,DDPM,1000
fashion_08291.png,4,casaco,0.758566,DDPM,1000
fashion_08292.png,2,pulôver,0.561069,DDPM,1000
fashion_08293.png,6,camisa,0.788965,DDPM,1000
fashion_08294.png,2,pulôver,0.360631,DDPM,1000
fashion_08295.png,4,casaco,0.757494,DDPM,1000
fashion_08296.png,8,bolsa,0.872748,DDPM,1000
fashion_08297.png,0,camiseta,0.479759,DDPM,1000
fashion_08298.png,4,casaco,0.787692,DDPM,1000
fashion_08299.png,4,casaco,0.610305,DDPM,1000
fashion_08300.png,6,camisa,0.313816,DDPM,1000
fashion_08301.png,2,pulôver,0.813381,DDPM,1000
fashion_08302.png,4,casaco,0.839070,DDPM,1000
fashion_08303.png,0,camiseta,0.686341,DDPM,1000
fashion_08304.png,8,bolsa,0.889767,DDPM,1000
fashion_08305.png,7,tênis,0.981344,DDPM,1000
fashion_08306.png,2,pulôver,0.778269,DDPM,1000
fashion_08307.png,8,bolsa,0.983930,DDPM,1000
fashion_08308.png,6,camisa,0.373630,DDPM,1000
fashion_08309.png,4,casaco,0.940108,DDPM,1000
fashion_08310.png,8,bolsa,0.451879,DDPM,1000
fashion_08311.png,9,bota,0.797790,DDPM,1000
fashion_08312.png,2,pulôver,0.971164,DDPM,1000
fashion_08313.png,2,pulôver,0.688808,DDPM,1000
fashion_08314.png,6,camisa,0.878403,DDPM,1000
fashion_08315.png,6,camisa,0.429660,DDPM,1000
fashion_08316.png,8,bolsa,0.928358,DDPM,1000
fashion_08317.png,6,camisa,0.814797,DDPM,1000
fashion_08318.png,9,bota,0.577746,DDPM,1000
fashion_08319.png,8,bolsa,0.841610,DDPM,1000
fashion_08320.png,8,bolsa,0.999777,DDPM,1000
fashion_08321.png,4,casaco,0.657290,DDPM,1000
fashion_08322.png,4,casaco,0.643983,DDPM,1000
fashion_08323.png,2,pulôver,0.508176,DDPM,1000
fashion_08324.png,2,pulôver,0.952587,DDPM,1000
fashion_08325.png,6,camisa,0.914489,DDPM,1000
fashion_08326.png,6,camisa,0.877111,DDPM,1000
fashion_08327.png,2,pulôver,0.345476,DDPM,1000
fashion_08328.png,2,pulôver,0.909467,DDPM,1000
fashion_08329.png,4,casaco,0.471207,DDPM,1000
fashion_08330.png,8,bolsa,0.940140,DDPM,1000
fashion_08331.png,6,camisa,0.683239,DDPM,1000
fashion_08332.png,6,camisa,0.687436,DDPM,1000
fashion_08333.png,2,pulôver,0.893536,DDPM,1000
fashion_08334.png,2,pulôver,0.952199,DDPM,1000
fashion_08335.png,6,camisa,0.674874,DDPM,1000
fashion_08336.png,8,bolsa,0.993061,DDPM,1000
fashion_08337.png,8,bolsa,0.997907,DDPM,1000
fashion_08338.png,3,vestido,0.451055,DDPM,1000
fashion_08339.png,2,pulôver,0.798688,DDPM,1000
fashion_08340.png,3,vestido,0.323743,DDPM,1000
fashion_08341.png,9,bota,0.509814,DDPM,1000
fashion_08342.png,8,bolsa,0.997579,DDPM,1000
fashion_08343.png,9,bota,0.994711,DDPM,1000
fashion_08344.png,8,bolsa,0.881190,DDPM,1000
fashion_08345.png,8,bolsa,0.824850,DDPM,1000
fashion_08346.png,6,camisa,0.476607,DDPM,1000
fashion_08347.png,6,camisa,0.902724,DDPM,1000
fashion_08348.png,6,camisa,0.553035,DDPM,1000
fashion_08349.png,2,pulôver,0.403652,DDPM,1000
fashion_08350.png,2,pulôver,0.965434,DDPM,1000
fashion_08351.png,6,camisa,0.812028,DDPM,1000
fashion_08352.png,4,casaco,0.366429,DDPM,1000
fashion_08353.png,6,camisa,0.993079,DDPM,1000
fashion_08354.png,2,pulôver,0.421933,DDPM,1000
fashion_08355.png,6,camisa,0.745968,DDPM,1000
fashion_08356.png,2,pulôver,0.422761,DDPM,1000
fashion_08357.png,0,camiseta,0.915881,DDPM,1000
fashion_08358.png,6,camisa,0.405655,DDPM,1000
fashion_08359.png,6,camisa,0.875033,DDPM,1000
fashion_08360.png,6,camisa,0.677600,DDPM,1000
fashion_08361.png,1,calça,0.947301,DDPM,1000
fashion_08362.png,0,camiseta,0.838758,DDPM,1000
fashion_08363.png,6,camisa,0.803863,DDPM,1000
fashion_08364.png,6,camisa,0.702524,DDPM,1000
fashion_08365.png,2,pulôver,0.511073,DDPM,1000
fashion_08366.png,8,bolsa,0.956689,DDPM,1000
fashion_08367.png,6,camisa,0.796744,DDPM,1000
fashion_08368.png,4,casaco,0.827829,DDPM,1000
fashion_08369.png,0,camiseta,0.699548,DDPM,1000
fashion_08370.png,3,vestido,0.544377,DDPM,1000
fashion_08371.png,8,bolsa,0.971537,DDPM,1000
fashion_08372.png,0,camiseta,0.722020,DDPM,1000
fashion_08373.png,6,camisa,0.768063,DDPM,1000
fashion_08374.png,0,camiseta,0.405756,DDPM,1000
fashion_08375.png,0,camiseta,0.776214,DDPM,1000
fashion_08376.png,0,camiseta,0.794216,DDPM,1000
fashion_08377.png,2,pulôver,0.497910,DDPM,1000
fashion_08378.png,7,tênis,0.999996,DDPM,1000
fashion_08379.png,7,tênis,0.657952,DDPM,1000
fashion_08380.png,6,camisa,0.769215,DDPM,1000
fashion_08381.png,6,camisa,0.974524,DDPM,1000
fashion_08382.png,6,camisa,0.640210,DDPM,1000
fashion_08383.png,1,calça,0.986062,DDPM,1000
fashion_08384.png,0,camiseta,0.538027,DDPM,1000
fashion_08385.png,0,camiseta,0.675425,DDPM,1000
fashion_08386.png,2,pulôver,0.543006,DDPM,1000
fashion_08387.png,2,pulôver,0.541938,DDPM,1000
fashion_08388.png,8,bolsa,0.999239,DDPM,1000
fashion_08389.png,2,pulôver,0.943000,DDPM,1000
fashion_08390.png,5,sandália,0.887093,DDPM,1000
fashion_08391.png,2,pulôver,0.890922,DDPM,1000
fashion_08392.png,8,bolsa,0.529626,DDPM,1000
fashion_08393.png,6,camisa,0.711154,DDPM,1000
fashion_08394.png,2,pulôver,0.967353,DDPM,1000
fashion_08395.png,6,camisa,0.548842,DDPM,1000
fashion_08396.png,6,camisa,0.548925,DDPM,1000
fashion_08397.png,8,bolsa,0.998698,DDPM,1000
fashion_08398.png,2,pulôver,0.882223,DDPM,1000
fashion_08399.png,0,camiseta,0.860421,DDPM,1000
fashion_08400.png,8,bolsa,0.707271,DDPM,1000
fashion_08401.png,6,camisa,0.847824,DDPM,1000
fashion_08402.png,8,bolsa,0.525277,DDPM,1000
fashion_08403.png,2,pulôver,0.739488,DDPM,1000
fashion_08404.png,2,pulôver,0.686752,DDPM,1000
fashion_08405.png,8,bolsa,0.999541,DDPM,1000
fashion_08406.png,0,camiseta,0.663631,DDPM,1000
fashion_08407.png,4,casaco,0.587076,DDPM,1000
fashion_08408.png,2,pulôver,0.282613,DDPM,1000
fashion_08409.png,2,pulôver,0.864029,DDPM,1000
fashion_08410.png,4,casaco,0.497069,DDPM,1000
fashion_08411.png,6,camisa,0.660881,DDPM,1000
fashion_08412.png,2,pulôver,0.338076,DDPM,1000
fashion_08413.png,4,casaco,0.794668,DDPM,1000
fashion_08414.png,6,camisa,0.315087,DDPM,1000
fashion_08415.png,6,camisa,0.924198,DDPM,1000
fashion_08416.png,0,camiseta,0.503682,DDPM,1000
fashion_08417.png,8,bolsa,0.363456,DDPM,1000
fashion_08418.png,6,camisa,0.877285,DDPM,1000
fashion_08419.png,2,pulôver,0.955614,DDPM,1000
fashion_08420.png,4,casaco,0.574790,DDPM,1000
fashion_08421.png,9,bota,0.996861,DDPM,1000
fashion_08422.png,2,pulôver,0.459443,DDPM,1000
fashion_08423.png,6,camisa,0.972814,DDPM,1000
fashion_08424.png,8,bolsa,0.787616,DDPM,1000
fashion_08425.png,0,camiseta,0.876935,DDPM,1000
fashion_08426.png,6,camisa,0.484985,DDPM,1000
fashion_08427.png,5,sandália,0.919543,DDPM,1000
fashion_08428.png,8,bolsa,0.998121,DDPM,1000
fashion_08429.png,0,camiseta,0.482880,DDPM,1000
fashion_08430.png,4,casaco,0.470375,DDPM,1000
fashion_08431.png,0,camiseta,0.651948,DDPM,1000
fashion_08432.png,8,bolsa,0.606669,DDPM,1000
fashion_08433.png,8,bolsa,0.723243,DDPM,1000
fashion_08434.png,2,pulôver,0.775115,DDPM,1000
fashion_08435.png,2,pulôver,0.580929,DDPM,1000
fashion_08436.png,8,bolsa,0.996566,DDPM,1000
fashion_08437.png,4,casaco,0.986458,DDPM,1000
fashion_08438.png,0,camiseta,0.654118,DDPM,1000
fashion_08439.png,3,vestido,0.582743,DDPM,1000
fashion_08440.png,6,camisa,0.773364,DDPM,1000
fashion_08441.png,2,pulôver,0.470732,DDPM,1000
fashion_08442.png,0,camiseta,0.443257,DDPM,1000
fashion_08443.png,6,camisa,0.930279,DDPM,1000
fashion_08444.png,3,vestido,0.974722,DDPM,1000
fashion_08445.png,0,camiseta,0.629563,DDPM,1000
fashion_08446.png,2,pulôver,0.904054,DDPM,1000
fashion_08447.png,6,camisa,0.901383,DDPM,1000
fashion_08448.png,2,pulôver,0.680393,DDPM,1000
fashion_08449.png,7,tênis,0.803939,DDPM,1000
fashion_08450.png,4,casaco,0.510648,DDPM,1000
fashion_08451.png,2,pulôver,0.433018,DDPM,1000
fashion_08452.png,4,casaco,0.464539,DDPM,1000
fashion_08453.png,2,pulôver,0.849537,DDPM,1000
fashion_08454.png,0,camiseta,0.387104,DDPM,1000
fashion_08455.png,8,bolsa,0.861611,DDPM,1000
fashion_08456.png,4,casaco,0.624238,DDPM,1000
fashion_08457.png,3,vestido,0.401496,DDPM,1000
fashion_08458.png,8,bolsa,0.766544,DDPM,1000
fashion_08459.png,0,camiseta,0.292838,DDPM,1000
fashion_08460.png,8,bolsa,0.732785,DDPM,1000
fashion_08461.png,6,camisa,0.650556,DDPM,1000
fashion_08462.png,6,camisa,0.985973,DDPM,1000
fashion_08463.png,9,bota,0.693478,DDPM,1000
fashion_08464.png,2,pulôver,0.806422,DDPM,1000
fashion_08465.png,6,camisa,0.437639,DDPM,1000
fashion_08466.png,2,pulôver,0.929231,DDPM,1000
fashion_08467.png,0,camiseta,0.251711,DDPM,1000
fashion_08468.png,0,camiseta,0.880787,DDPM,1000
fashion_08469.png,4,casaco,0.730365,DDPM,1000
fashion_08470.png,9,bota,0.556717,DDPM,1000
fashion_08471.png,6,camisa,0.529409,DDPM,1000
fashion_08472.png,0,camiseta,0.497767,DDPM,1000
fashion_08473.png,7,tênis,0.500028,DDPM,1000
fashion_08474.png,7,tênis,0.449463,DDPM,1000
fashion_08475.png,8,bolsa,0.661024,DDPM,1000
fashion_08476.png,0,camiseta,0.638737,DDPM,1000
fashion_08477.png,7,tênis,0.979725,DDPM,1000
fashion_08478.png,2,pulôver,0.456954,DDPM,1000
fashion_08479.png,2,pulôver,0.681579,DDPM,1000
fashion_08480.png,2,pulôver,0.761452,DDPM,1000
fashion_08481.png,4,casaco,0.946095,DDPM,1000
fashion_08482.png,2,pulôver,0.947169,DDPM,1000
fashion_08483.png,5,sandália,0.509600,DDPM,1000
fashion_08484.png,6,camisa,0.634338,DDPM,1000
fashion_08485.png,8,bolsa,0.822415,DDPM,1000
fashion_08486.png,6,camisa,0.336450,DDPM,1000
fashion_08487.png,6,camisa,0.360488,DDPM,1000
fashion_08488.png,2,pulôver,0.442017,DDPM,1000
fashion_08489.png,8,bolsa,0.919361,DDPM,1000
fashion_08490.png,0,camiseta,0.461693,DDPM,1000
fashion_08491.png,2,pulôver,0.499756,DDPM,1000
fashion_08492.png,5,sandália,0.852759,DDPM,1000
fashion_08493.png,6,camisa,0.640450,DDPM,1000
fashion_08494.png,7,tênis,0.700646,DDPM,1000
fashion_08495.png,3,vestido,0.392043,DDPM,1000
fashion_08496.png,6,camisa,0.821402,DDPM,1000
fashion_08497.png,6,camisa,0.599741,DDPM,1000
fashion_08498.png,8,bolsa,0.999846,DDPM,1000
fashion_08499.png,8,bolsa,0.476806,DDPM,1000
fashion_08500.png,6,camisa,0.742373,DDPM,1000
fashion_08501.png,2,pulôver,0.863749,DDPM,1000
fashion_08502.png,6,camisa,0.596430,DDPM,1000
fashion_08503.png,6,camisa,0.519690,DDPM,1000
fashion_08504.png,4,casaco,0.708714,DDPM,1000
fashion_08505.png,0,camiseta,0.631048,DDPM,1000
fashion_08506.png,2,pulôver,0.808144,DDPM,1000
fashion_08507.png,2,pulôver,0.551062,DDPM,1000
fashion_08508.png,8,bolsa,0.932142,DDPM,1000
fashion_08509.png,3,vestido,0.614821,DDPM,1000
fashion_08510.png,2,pulôver,0.395339,DDPM,1000
fashion_08511.png,2,pulôver,0.607086,DDPM,1000
fashion_08512.png,0,camiseta,0.495723,DDPM,1000
fashion_08513.png,2,pulôver,0.811340,DDPM,1000
fashion_08514.png,2,pulôver,0.864802,DDPM,1000
fashion_08515.png,6,camisa,0.518353,DDPM,1000
fashion_08516.png,6,camisa,0.423364,DDPM,1000
fashion_08517.png,2,pulôver,0.511473,DDPM,1000
fashion_08518.png,8,bolsa,0.427973,DDPM,1000
fashion_08519.png,6,camisa,0.838827,DDPM,1000
fashion_08520.png,3,vestido,0.645096,DDPM,1000
fashion_08521.png,4,casaco,0.672907,DDPM,1000
fashion_08522.png,0,camiseta,0.866508,DDPM,1000
fashion_08523.png,0,camiseta,0.478033,DDPM,1000
fashion_08524.png,3,vestido,0.388387,DDPM,1000
fashion_08525.png,2,pulôver,0.902246,DDPM,1000
fashion_08526.png,2,pulôver,0.483705,DDPM,1000
fashion_08527.png,2,pulôver,0.865591,DDPM,1000
fashion_08528.png,8,bolsa,0.428458,DDPM,1000
fashion_08529.png,6,camisa,0.541115,DDPM,1000
fashion_08530.png,2,pulôver,0.987911,DDPM,1000
fashion_08531.png,2,pulôver,0.718399,DDPM,1000
fashion_08532.png,0,camiseta,0.839092,DDPM,1000
fashion_08533.png,4,casaco,0.952436,DDPM,1000
fashion_08534.png,2,pulôver,0.529141,DDPM,1000
fashion_08535.png,6,camisa,0.647682,DDPM,1000
fashion_08536.png,2,pulôver,0.984161,DDPM,1000
fashion_08537.png,2,pulôver,0.782779,DDPM,1000
fashion_08538.png,3,vestido,0.571169,DDPM,1000
fashion_08539.png,8,bolsa,0.999710,DDPM,1000
fashion_08540.png,6,camisa,0.964287,DDPM,1000
fashion_08541.png,6,camisa,0.974824,DDPM,1000
fashion_08542.png,9,bota,0.875081,DDPM,1000
fashion_08543.png,0,camiseta,0.760159,DDPM,1000
fashion_08544.png,6,camisa,0.622875,DDPM,1000
fashion_08545.png,6,camisa,0.952717,DDPM,1000
fashion_08546.png,6,camisa,0.601025,DDPM,1000
fashion_08547.png,6,camisa,0.683358,DDPM,1000
fashion_08548.png,6,camisa,0.560788,DDPM,1000
fashion_08549.png,9,bota,0.906990,DDPM,1000
fashion_08550.png,8,bolsa,0.842120,DDPM,1000
fashion_08551.png,6,camisa,0.861250,DDPM,1000
fashion_08552.png,8,bolsa,0.939353,DDPM,1000
fashion_08553.png,8,bolsa,0.947485,DDPM,1000
fashion_08554.png,8,bolsa,0.372180,DDPM,1000
fashion_08555.png,2,pulôver,0.790818,DDPM,1000
fashion_08556.png,8,bolsa,0.641181,DDPM,1000
fashion_08557.png,2,pulôver,0.546332,DDPM,1000
fashion_08558.png,6,camisa,0.979404,DDPM,1000
fashion_08559.png,0,camiseta,0.588461,DDPM,1000
fashion_08560.png,8,bolsa,0.979543,DDPM,1000
fashion_08561.png,2,pulôver,0.985429,DDPM,1000
fashion_08562.png,8,bolsa,0.622611,DDPM,1000
fashion_08563.png,4,casaco,0.485520,DDPM,1000
fashion_08564.png,2,pulôver,0.417603,DDPM,1000
fashion_08565.png,2,pulôver,0.972427,DDPM,1000
fashion_08566.png,8,bolsa,0.963041,DDPM,1000
fashion_08567.png,2,pulôver,0.610410,DDPM,1000
fashion_08568.png,0,camiseta,0.372126,DDPM,1000
fashion_08569.png,3,vestido,0.563973,DDPM,1000
fashion_08570.png,6,camisa,0.787767,DDPM,1000
fashion_08571.png,0,camiseta,0.659147,DDPM,1000
fashion_08572.png,6,camisa,0.932649,DDPM,1000
fashion_08573.png,6,camisa,0.604689,DDPM,1000
fashion_08574.png,8,bolsa,0.638883,DDPM,1000
fashion_08575.png,0,camiseta,0.981840,DDPM,1000
fashion_08576.png,6,camisa,0.700535,DDPM,1000
fashion_08577.png,3,vestido,0.740283,DDPM,1000
fashion_08578.png,8,bolsa,0.797622,DDPM,1000
fashion_08579.png,0,camiseta,0.533890,DDPM,1000
fashion_08580.png,2,pulôver,0.388727,DDPM,1000
fashion_08581.png,6,camisa,0.561648,DDPM,1000
fashion_08582.png,6,camisa,0.650069,DDPM,1000
fashion_08583.png,6,camisa,0.438100,DDPM,1000
fashion_08584.png,6,camisa,0.735106,DDPM,1000
fashion_08585.png,6,camisa,0.565596,DDPM,1000
fashion_08586.png,2,pulôver,0.776596,DDPM,1000
fashion_08587.png,8,bolsa,0.998729,DDPM,1000
fashion_08588.png,8,bolsa,0.872078,DDPM,1000
fashion_08589.png,9,bota,0.279855,DDPM,1000
fashion_08590.png,9,bota,0.988340,DDPM,1000
fashion_08591.png,6,camisa,0.952297,DDPM,1000
fashion_08592.png,6,camisa,0.661813,DDPM,1000
fashion_08593.png,0,camiseta,0.988530,DDPM,1000
fashion_08594.png,3,vestido,0.722947,DDPM,1000
fashion_08595.png,6,camisa,0.937546,DDPM,1000
fashion_08596.png,4,casaco,0.536346,DDPM,1000
fashion_08597.png,8,bolsa,0.996713,DDPM,1000
fashion_08598.png,8,bolsa,0.992467,DDPM,1000
fashion_08599.png,4,casaco,0.753224,DDPM,1000
fashion_08600.png,4,casaco,0.735748,DDPM,1000
fashion_08601.png,6,camisa,0.883485,DDPM,1000
fashion_08602.png,4,casaco,0.601246,DDPM,1000
fashion_08603.png,8,bolsa,0.395030,DDPM,1000
fashion_08604.png,6,camisa,0.672297,DDPM,1000
fashion_08605.png,6,camisa,0.813986,DDPM,1000
fashion_08606.png,0,camiseta,0.937654,DDPM,1000
fashion_08607.png,9,bota,0.953711,DDPM,1000
fashion_08608.png,2,pulôver,0.703703,DDPM,1000
fashion_08609.png,9,bota,0.783434,DDPM,1000
fashion_08610.png,6,camisa,0.374949,DDPM,1000
fashion_08611.png,0,camiseta,0.963232,DDPM,1000
fashion_08612.png,6,camisa,0.519993,DDPM,1000
fashion_08613.png,2,pulôver,0.495638,DDPM,1000
fashion_08614.png,6,camisa,0.451528,DDPM,1000
fashion_08615.png,3,vestido,0.662894,DDPM,1000
fashion_08616.png,6,camisa,0.493783,DDPM,1000
fashion_08617.png,8,bolsa,0.897294,DDPM,1000
fashion_08618.png,0,camiseta,0.534029,DDPM,1000
fashion_08619.png,4,casaco,0.815314,DDPM,1000
fashion_08620.png,2,pulôver,0.773703,DDPM,1000
fashion_08621.png,6,camisa,0.354738,DDPM,1000
fashion_08622.png,8,bolsa,0.526759,DDPM,1000
fashion_08623.png,6,camisa,0.994266,DDPM,1000
fashion_08624.png,9,bota,0.694182,DDPM,1000
fashion_08625.png,6,camisa,0.614689,DDPM,1000
fashion_08626.png,6,camisa,0.765061,DDPM,1000
fashion_08627.png,6,camisa,0.394752,DDPM,1000
fashion_08628.png,4,casaco,0.963404,DDPM,1000
fashion_08629.png,5,sandália,0.311957,DDPM,1000
fashion_08630.png,2,pulôver,0.767534,DDPM,1000
fashion_08631.png,4,casaco,0.778617,DDPM,1000
fashion_08632.png,0,camiseta,0.501582,DDPM,1000
fashion_08633.png,2,pulôver,0.733648,DDPM,1000
fashion_08634.png,8,bolsa,0.609502,DDPM,1000
fashion_08635.png,7,tênis,0.744342,DDPM,1000
fashion_08636.png,2,pulôver,0.453976,DDPM,1000
fashion_08637.png,5,sandália,0.966909,DDPM,1000
fashion_08638.png,6,camisa,0.755927,DDPM,1000
fashion_08639.png,8,bolsa,0.996903,DDPM,1000
fashion_08640.png,2,pulôver,0.840396,DDPM,1000
fashion_08641.png,6,camisa,0.725006,DDPM,1000
fashion_08642.png,6,camisa,0.383740,DDPM,1000
fashion_08643.png,0,camiseta,0.674403,DDPM,1000
fashion_08644.png,6,camisa,0.817183,DDPM,1000
fashion_08645.png,6,camisa,0.853920,DDPM,1000
fashion_08646.png,2,pulôver,0.892469,DDPM,1000
fashion_08647.png,2,pulôver,0.481720,DDPM,1000
fashion_08648.png,9,bota,0.876855,DDPM,1000
fashion_08649.png,8,bolsa,0.677873,DDPM,1000
fashion_08650.png,2,pulôver,0.566070,DDPM,1000
fashion_08651.png,3,vestido,0.805315,DDPM,1000
fashion_08652.png,6,camisa,0.801459,DDPM,1000
fashion_08653.png,4,casaco,0.834337,DDPM,1000
fashion_08654.png,6,camisa,0.498208,DDPM,1000
fashion_08655.png,2,pulôver,0.556404,DDPM,1000
fashion_08656.png,8,bolsa,0.630089,DDPM,1000
fashion_08657.png,6,camisa,0.481684,DDPM,1000
fashion_08658.png,2,pulôver,0.441792,DDPM,1000
fashion_08659.png,2,pulôver,0.850054,DDPM,1000
fashion_08660.png,6,camisa,0.507241,DDPM,1000
fashion_08661.png,5,sandália,0.994876,DDPM,1000
fashion_08662.png,8,bolsa,0.920271,DDPM,1000
fashion_08663.png,2,pulôver,0.840855,DDPM,1000
fashion_08664.png,6,camisa,0.909067,DDPM,1000
fashion_08665.png,0,camiseta,0.747538,DDPM,1000
fashion_08666.png,6,camisa,0.743327,DDPM,1000
fashion_08667.png,3,vestido,0.340024,DDPM,1000
fashion_08668.png,4,casaco,0.668107,DDPM,1000
fashion_08669.png,8,bolsa,0.685571,DDPM,1000
fashion_08670.png,9,bota,0.988881,DDPM,1000
fashion_08671.png,0,camiseta,0.940893,DDPM,1000
fashion_08672.png,6,camisa,0.519273,DDPM,1000
fashion_08673.png,2,pulôver,0.847993,DDPM,1000
fashion_08674.png,4,casaco,0.632608,DDPM,1000
fashion_08675.png,2,pulôver,0.662863,DDPM,1000
fashion_08676.png,6,camisa,0.424222,DDPM,1000
fashion_08677.png,8,bolsa,0.524245,DDPM,1000
fashion_08678.png,6,camisa,0.403351,DDPM,1000
fashion_08679.png,4,casaco,0.589390,DDPM,1000
fashion_08680.png,6,camisa,0.931953,DDPM,1000
fashion_08681.png,6,camisa,0.534967,DDPM,1000
fashion_08682.png,9,bota,0.958498,DDPM,1000
fashion_08683.png,2,pulôver,0.665394,DDPM,1000
fashion_08684.png,4,casaco,0.857353,DDPM,1000
fashion_08685.png,6,camisa,0.521138,DDPM,1000
fashion_08686.png,2,pulôver,0.521830,DDPM,1000
fashion_08687.png,2,pulôver,0.514518,DDPM,1000
fashion_08688.png,4,casaco,0.474306,DDPM,1000
fashion_08689.png,9,bota,0.410454,DDPM,1000
fashion_08690.png,5,sandália,0.999930,DDPM,1000
fashion_08691.png,6,camisa,0.480615,DDPM,1000
fashion_08692.png,3,vestido,0.538991,DDPM,1000
fashion_08693.png,1,calça,0.773057,DDPM,1000
fashion_08694.png,6,camisa,0.912393,DDPM,1000
fashion_08695.png,6,camisa,0.843182,DDPM,1000
fashion_08696.png,2,pulôver,0.901798,DDPM,1000
fashion_08697.png,8,bolsa,0.796738,DDPM,1000
fashion_08698.png,8,bolsa,0.817414,DDPM,1000
fashion_08699.png,2,pulôver,0.784237,DDPM,1000
fashion_08700.png,6,camisa,0.660597,DDPM,1000
fashion_08701.png,2,pulôver,0.434394,DDPM,1000
fashion_08702.png,0,camiseta,0.546890,DDPM,1000
fashion_08703.png,6,camisa,0.523934,DDPM,1000
fashion_08704.png,2,pulôver,0.806674,DDPM,1000
fashion_08705.png,6,camisa,0.659422,DDPM,1000
fashion_08706.png,6,camisa,0.741815,DDPM,1000
fashion_08707.png,2,pulôver,0.342115,DDPM,1000
fashion_08708.png,0,camiseta,0.310618,DDPM,1000
fashion_08709.png,4,casaco,0.987131,DDPM,1000
fashion_08710.png,2,pulôver,0.889308,DDPM,1000
fashion_08711.png,6,camisa,0.850121,DDPM,1000
fashion_08712.png,0,camiseta,0.640586,DDPM,1000
fashion_08713.png,0,camiseta,0.562978,DDPM,1000
fashion_08714.png,6,camisa,0.349305,DDPM,1000
fashion_08715.png,4,casaco,0.834109,DDPM,1000
fashion_08716.png,6,camisa,0.695493,DDPM,1000
fashion_08717.png,8,bolsa,0.706608,DDPM,1000
fashion_08718.png,0,camiseta,0.443954,DDPM,1000
fashion_08719.png,3,vestido,0.603947,DDPM,1000
fashion_08720.png,4,casaco,0.630549,DDPM,1000
fashion_08721.png,2,pulôver,0.723490,DDPM,1000
fashion_08722.png,9,bota,0.902378,DDPM,1000
fashion_08723.png,8,bolsa,0.995481,DDPM,1000
fashion_08724.png,8,bolsa,0.353441,DDPM,1000
fashion_08725.png,2,pulôver,0.691974,DDPM,1000
fashion_08726.png,2,pulôver,0.639158,DDPM,1000
fashion_08727.png,2,pulôver,0.595838,DDPM,1000
fashion_08728.png,2,pulôver,0.936302,DDPM,1000
fashion_08729.png,8,bolsa,0.991769,DDPM,1000
fashion_08730.png,0,camiseta,0.962970,DDPM,1000
fashion_08731.png,6,camisa,0.665261,DDPM,1000
fashion_08732.png,6,camisa,0.661536,DDPM,1000
fashion_08733.png,2,pulôver,0.933045,DDPM,1000
fashion_08734.png,7,tênis,0.479816,DDPM,1000
fashion_08735.png,2,pulôver,0.884898,DDPM,1000
fashion_08736.png,6,camisa,0.958624,DDPM,1000
fashion_08737.png,2,pulôver,0.507428,DDPM,1000
fashion_08738.png,3,vestido,0.687109,DDPM,1000
fashion_08739.png,6,camisa,0.679393,DDPM,1000
fashion_08740.png,8,bolsa,0.948323,DDPM,1000
fashion_08741.png,6,camisa,0.842550,DDPM,1000
fashion_08742.png,2,pulôver,0.437933,DDPM,1000
fashion_08743.png,0,camiseta,0.568921,DDPM,1000
fashion_08744.png,2,pulôver,0.996624,DDPM,1000
fashion_08745.png,6,camisa,0.876944,DDPM,1000
fashion_08746.png,0,camiseta,0.446649,DDPM,1000
fashion_08747.png,0,camiseta,0.887080,DDPM,1000
fashion_08748.png,4,casaco,0.358782,DDPM,1000
fashion_08749.png,6,camisa,0.675276,DDPM,1000
fashion_08750.png,2,pulôver,0.607519,DDPM,1000
fashion_08751.png,8,bolsa,0.769255,DDPM,1000
fashion_08752.png,2,pulôver,0.846484,DDPM,1000
fashion_08753.png,2,pulôver,0.411161,DDPM,1000
fashion_08754.png,1,calça,0.348966,DDPM,1000
fashion_08755.png,2,pulôver,0.934348,DDPM,1000
fashion_08756.png,6,camisa,0.718703,DDPM,1000
fashion_08757.png,6,camisa,0.587584,DDPM,1000
fashion_08758.png,0,camiseta,0.547894,DDPM,1000
fashion_08759.png,8,bolsa,0.485491,DDPM,1000
fashion_08760.png,2,pulôver,0.843148,DDPM,1000
fashion_08761.png,3,vestido,0.978060,DDPM,1000
fashion_08762.png,2,pulôver,0.542122,DDPM,1000
fashion_08763.png,0,camiseta,0.798778,DDPM,1000
fashion_08764.png,4,casaco,0.710859,DDPM,1000
fashion_08765.png,6,camisa,0.991197,DDPM,1000
fashion_08766.png,8,bolsa,0.998951,DDPM,1000
fashion_08767.png,8,bolsa,0.969360,DDPM,1000
fashion_08768.png,3,vestido,0.331254,DDPM,1000
fashion_08769.png,2,pulôver,0.945282,DDPM,1000
fashion_08770.png,2,pulôver,0.405351,DDPM,1000
fashion_08771.png,6,camisa,0.362787,DDPM,1000
fashion_08772.png,3,vestido,0.886105,DDPM,1000
fashion_08773.png,0,camiseta,0.748611,DDPM,1000
fashion_08774.png,8,bolsa,0.993760,DDPM,1000
fashion_08775.png,1,calça,0.354239,DDPM,1000
fashion_08776.png,0,camiseta,0.471935,DDPM,1000
fashion_08777.png,0,camiseta,0.701329,DDPM,1000
fashion_08778.png,2,pulôver,0.663843,DDPM,1000
fashion_08779.png,4,casaco,0.518493,DDPM,1000
fashion_08780.png,6,camisa,0.727260,DDPM,1000
fashion_08781.png,6,camisa,0.754930,DDPM,1000
fashion_08782.png,6,camisa,0.529006,DDPM,1000
fashion_08783.png,6,camisa,0.719780,DDPM,1000
fashion_08784.png,1,calça,0.997465,DDPM,1000
fashion_08785.png,8,bolsa,0.999345,DDPM,1000
fashion_08786.png,4,casaco,0.534278,DDPM,1000
fashion_08787.png,2,pulôver,0.589441,DDPM,1000
fashion_08788.png,0,camiseta,0.695046,DDPM,1000
fashion_08789.png,6,camisa,0.336114,DDPM,1000
fashion_08790.png,8,bolsa,0.955009,DDPM,1000
fashion_08791.png,6,camisa,0.898058,DDPM,1000
fashion_08792.png,6,camisa,0.603896,DDPM,1000
fashion_08793.png,3,vestido,0.802416,DDPM,1000
fashion_08794.png,6,camisa,0.409844,DDPM,1000
fashion_08795.png,8,bolsa,0.958903,DDPM,1000
fashion_08796.png,8,bolsa,0.681859,DDPM,1000
fashion_08797.png,6,camisa,0.414860,DDPM,1000
fashion_08798.png,6,camisa,0.963268,DDPM,1000
fashion_08799.png,5,sandália,0.996468,DDPM,1000
fashion_08800.png,2,pulôver,0.959618,DDPM,1000
fashion_08801.png,2,pulôver,0.865804,DDPM,1000
fashion_08802.png,6,camisa,0.458672,DDPM,1000
fashion_08803.png,4,casaco,0.472995,DDPM,1000
fashion_08804.png,8,bolsa,0.999712,DDPM,1000
fashion_08805.png,0,camiseta,0.903024,DDPM,1000
fashion_08806.png,4,casaco,0.936800,DDPM,1000
fashion_08807.png,6,camisa,0.932723,DDPM,1000
fashion_08808.png,6,camisa,0.539482,DDPM,1000
fashion_08809.png,0,camiseta,0.506522,DDPM,1000
fashion_08810.png,2,pulôver,0.756220,DDPM,1000
fashion_08811.png,6,camisa,0.750455,DDPM,1000
fashion_08812.png,8,bolsa,0.999500,DDPM,1000
fashion_08813.png,2,pulôver,0.568062,DDPM,1000
fashion_08814.png,3,vestido,0.959873,DDPM,1000
fashion_08815.png,6,camisa,0.649674,DDPM,1000
fashion_08816.png,0,camiseta,0.321366,DDPM,1000
fashion_08817.png,6,camisa,0.987795,DDPM,1000
fashion_08818.png,6,camisa,0.615397,DDPM,1000
fashion_08819.png,0,camiseta,0.639731,DDPM,1000
fashion_08820.png,0,camiseta,0.756365,DDPM,1000
fashion_08821.png,6,camisa,0.483316,DDPM,1000
fashion_08822.png,6,camisa,0.640092,DDPM,1000
fashion_08823.png,0,camiseta,0.870046,DDPM,1000
fashion_08824.png,2,pulôver,0.490369,DDPM,1000
fashion_08825.png,8,bolsa,0.587344,DDPM,1000
fashion_08826.png,6,camisa,0.998488,DDPM,1000
fashion_08827.png,0,camiseta,0.753030,DDPM,1000
fashion_08828.png,8,bolsa,0.456775,DDPM,1000
fashion_08829.png,8,bolsa,0.999425,DDPM,1000
fashion_08830.png,8,bolsa,0.488614,DDPM,1000
fashion_08831.png,4,casaco,0.748104,DDPM,1000
fashion_08832.png,6,camisa,0.464801,DDPM,1000
fashion_08833.png,0,camiseta,0.925204,DDPM,1000
fashion_08834.png,0,camiseta,0.540361,DDPM,1000
fashion_08835.png,2,pulôver,0.579336,DDPM,1000
fashion_08836.png,8,bolsa,0.343625,DDPM,1000
fashion_08837.png,4,casaco,0.604998,DDPM,1000
fashion_08838.png,8,bolsa,0.665110,DDPM,1000
fashion_08839.png,6,camisa,0.417196,DDPM,1000
fashion_08840.png,2,pulôver,0.806031,DDPM,1000
fashion_08841.png,6,camisa,0.361837,DDPM,1000
fashion_08842.png,6,camisa,0.796010,DDPM,1000
fashion_08843.png,8,bolsa,0.999989,DDPM,1000
fashion_08844.png,0,camiseta,0.536772,DDPM,1000
fashion_08845.png,6,camisa,0.580265,DDPM,1000
fashion_08846.png,0,camiseta,0.686038,DDPM,1000
fashion_08847.png,2,pulôver,0.809431,DDPM,1000
fashion_08848.png,6,camisa,0.969738,DDPM,1000
fashion_08849.png,2,pulôver,0.589526,DDPM,1000
fashion_08850.png,6,camisa,0.760866,DDPM,1000
fashion_08851.png,5,sandália,0.267055,DDPM,1000
fashion_08852.png,6,camisa,0.526050,DDPM,1000
fashion_08853.png,6,camisa,0.903212,DDPM,1000
fashion_08854.png,3,vestido,0.410392,DDPM,1000
fashion_08855.png,6,camisa,0.442982,DDPM,1000
fashion_08856.png,2,pulôver,0.978895,DDPM,1000
fashion_08857.png,2,pulôver,0.936135,DDPM,1000
fashion_08858.png,6,camisa,0.799948,DDPM,1000
fashion_08859.png,8,bolsa,0.999825,DDPM,1000
fashion_08860.png,8,bolsa,0.995490,DDPM,1000
fashion_08861.png,6,camisa,0.792224,DDPM,1000
fashion_08862.png,8,bolsa,0.977985,DDPM,1000
fashion_08863.png,6,camisa,0.478775,DDPM,1000
fashion_08864.png,9,bota,0.392711,DDPM,1000
fashion_08865.png,6,camisa,0.738074,DDPM,1000
fashion_08866.png,8,bolsa,0.568017,DDPM,1000
fashion_08867.png,3,vestido,0.383076,DDPM,1000
fashion_08868.png,4,casaco,0.997983,DDPM,1000
fashion_08869.png,6,camisa,0.513920,DDPM,1000
fashion_08870.png,4,casaco,0.825256,DDPM,1000
fashion_08871.png,6,camisa,0.507846,DDPM,1000
fashion_08872.png,2,pulôver,0.606038,DDPM,1000
fashion_08873.png,3,vestido,0.473226,DDPM,1000
fashion_08874.png,2,pulôver,0.955567,DDPM,1000
fashion_08875.png,3,vestido,0.965036,DDPM,1000
fashion_08876.png,2,pulôver,0.802850,DDPM,1000
fashion_08877.png,8,bolsa,0.373736,DDPM,1000
fashion_08878.png,7,tênis,0.682815,DDPM,1000
fashion_08879.png,0,camiseta,0.889414,DDPM,1000
fashion_08880.png,2,pulôver,0.557864,DDPM,1000
fashion_08881.png,2,pulôver,0.761814,DDPM,1000
fashion_08882.png,2,pulôver,0.767220,DDPM,1000
fashion_08883.png,3,vestido,0.465649,DDPM,1000
fashion_08884.png,5,sandália,0.773785,DDPM,1000
fashion_08885.png,2,pulôver,0.731993,DDPM,1000
fashion_08886.png,2,pulôver,0.791154,DDPM,1000
fashion_08887.png,7,tênis,0.949773,DDPM,1000
fashion_08888.png,4,casaco,0.931872,DDPM,1000
fashion_08889.png,2,pulôver,0.368184,DDPM,1000
fashion_08890.png,0,camiseta,0.454322,DDPM,1000
fashion_08891.png,6,camisa,0.939111,DDPM,1000
fashion_08892.png,0,camiseta,0.469960,DDPM,1000
fashion_08893.png,2,pulôver,0.611103,DDPM,1000
fashion_08894.png,6,camisa,0.967166,DDPM,1000
fashion_08895.png,2,pulôver,0.572171,DDPM,1000
fashion_08896.png,2,pulôver,0.899965,DDPM,1000
fashion_08897.png,8,bolsa,0.529463,DDPM,1000
fashion_08898.png,8,bolsa,0.677921,DDPM,1000
fashion_08899.png,6,camisa,0.455855,DDPM,1000
fashion_08900.png,0,camiseta,0.688116,DDPM,1000
fashion_08901.png,2,pulôver,0.640512,DDPM,1000
fashion_08902.png,2,pulôver,0.636033,DDPM,1000
fashion_08903.png,0,camiseta,0.980454,DDPM,1000
fashion_08904.png,6,camisa,0.544072,DDPM,1000
fashion_08905.png,2,pulôver,0.921901,DDPM,1000
fashion_08906.png,6,camisa,0.933481,DDPM,1000
fashion_08907.png,6,camisa,0.459558,DDPM,1000
fashion_08908.png,6,camisa,0.609428,DDPM,1000
fashion_08909.png,0,camiseta,0.791862,DDPM,1000
fashion_08910.png,2,pulôver,0.708090,DDPM,1000
fashion_08911.png,2,pulôver,0.623443,DDPM,1000
fashion_08912.png,6,camisa,0.604357,DDPM,1000
fashion_08913.png,7,tênis,0.707723,DDPM,1000
fashion_08914.png,2,pulôver,0.954467,DDPM,1000
fashion_08915.png,0,camiseta,0.597819,DDPM,1000
fashion_08916.png,5,sandália,0.610590,DDPM,1000
fashion_08917.png,6,camisa,0.520993,DDPM,1000
fashion_08918.png,6,camisa,0.960087,DDPM,1000
fashion_08919.png,9,bota,0.809737,DDPM,1000
fashion_08920.png,3,vestido,0.485398,DDPM,1000
fashion_08921.png,0,camiseta,0.485037,DDPM,1000
fashion_08922.png,4,casaco,0.750463,DDPM,1000
fashion_08923.png,2,pulôver,0.991129,DDPM,1000
fashion_08924.png,8,bolsa,0.907184,DDPM,1000
fashion_08925.png,8,bolsa,0.415259,DDPM,1000
fashion_08926.png,8,bolsa,0.755124,DDPM,1000
fashion_08927.png,6,camisa,0.874626,DDPM,1000
fashion_08928.png,6,camisa,0.356528,DDPM,1000
fashion_08929.png,2,pulôver,0.697488,DDPM,1000
fashion_08930.png,7,tênis,0.843846,DDPM,1000
fashion_08931.png,4,casaco,0.966917,DDPM,1000
fashion_08932.png,4,casaco,0.872432,DDPM,1000
fashion_08933.png,2,pulôver,0.941133,DDPM,1000
fashion_08934.png,8,bolsa,0.999675,DDPM,1000
fashion_08935.png,8,bolsa,0.647413,DDPM,1000
fashion_08936.png,8,bolsa,0.976614,DDPM,1000
fashion_08937.png,8,bolsa,0.423016,DDPM,1000
fashion_08938.png,2,pulôver,0.589966,DDPM,1000
fashion_08939.png,6,camisa,0.612307,DDPM,1000
fashion_08940.png,2,pulôver,0.955355,DDPM,1000
fashion_08941.png,6,camisa,0.600477,DDPM,1000
fashion_08942.png,6,camisa,0.916655,DDPM,1000
fashion_08943.png,0,camiseta,0.776448,DDPM,1000
fashion_08944.png,2,pulôver,0.514928,DDPM,1000
fashion_08945.png,8,bolsa,0.900547,DDPM,1000
fashion_08946.png,6,camisa,0.812702,DDPM,1000
fashion_08947.png,4,casaco,0.513314,DDPM,1000
fashion_08948.png,2,pulôver,0.522242,DDPM,1000
fashion_08949.png,8,bolsa,0.543190,DDPM,1000
fashion_08950.png,2,pulôver,0.791721,DDPM,1000
fashion_08951.png,4,casaco,0.389805,DDPM,1000
fashion_08952.png,0,camiseta,0.895880,DDPM,1000
fashion_08953.png,8,bolsa,0.999920,DDPM,1000
fashion_08954.png,0,camiseta,0.817712,DDPM,1000
fashion_08955.png,6,camisa,0.557073,DDPM,1000
fashion_08956.png,6,camisa,0.478023,DDPM,1000
fashion_08957.png,9,bota,0.927495,DDPM,1000
fashion_08958.png,3,vestido,0.346283,DDPM,1000
fashion_08959.png,3,vestido,0.927411,DDPM,1000
fashion_08960.png,6,camisa,0.663730,DDPM,1000
fashion_08961.png,8,bolsa,0.995663,DDPM,1000
fashion_08962.png,4,casaco,0.373792,DDPM,1000
fashion_08963.png,8,bolsa,0.418808,DDPM,1000
fashion_08964.png,2,pulôver,0.585203,DDPM,1000
fashion_08965.png,2,pulôver,0.638908,DDPM,1000
fashion_08966.png,6,camisa,0.856915,DDPM,1000
fashion_08967.png,2,pulôver,0.563751,DDPM,1000
fashion_08968.png,8,bolsa,0.862587,DDPM,1000
fashion_08969.png,6,camisa,0.574958,DDPM,1000
fashion_08970.png,8,bolsa,0.639546,DDPM,1000
fashion_08971.png,2,pulôver,0.794008,DDPM,1000
fashion_08972.png,4,casaco,0.408511,DDPM,1000
fashion_08973.png,6,camisa,0.606353,DDPM,1000
fashion_08974.png,1,calça,0.364099,DDPM,1000
fashion_08975.png,0,camiseta,0.602898,DDPM,1000
fashion_08976.png,8,bolsa,0.997785,DDPM,1000
fashion_08977.png,6,camisa,0.965916,DDPM,1000
fashion_08978.png,0,camiseta,0.367751,DDPM,1000
fashion_08979.png,0,camiseta,0.624785,DDPM,1000
fashion_08980.png,1,calça,0.999759,DDPM,1000
fashion_08981.png,8,bolsa,0.974463,DDPM,1000
fashion_08982.png,3,vestido,0.665000,DDPM,1000
fashion_08983.png,4,casaco,0.263028,DDPM,1000
fashion_08984.png,2,pulôver,0.788886,DDPM,1000
fashion_08985.png,8,bolsa,0.947671,DDPM,1000
fashion_08986.png,6,camisa,0.476811,DDPM,1000
fashion_08987.png,3,vestido,0.954936,DDPM,1000
fashion_08988.png,6,camisa,0.576240,DDPM,1000
fashion_08989.png,0,camiseta,0.826852,DDPM,1000
fashion_08990.png,0,camiseta,0.980123,DDPM,1000
fashion_08991.png,6,camisa,0.680354,DDPM,1000
fashion_08992.png,9,bota,0.374405,DDPM,1000
fashion_08993.png,8,bolsa,0.449458,DDPM,1000
fashion_08994.png,2,pulôver,0.996152,DDPM,1000
fashion_08995.png,2,pulôver,0.973579,DDPM,1000
fashion_08996.png,4,casaco,0.941171,DDPM,1000
fashion_08997.png,4,casaco,0.629971,DDPM,1000
fashion_08998.png,6,camisa,0.942573,DDPM,1000
fashion_08999.png,5,sandália,0.999993,DDPM,1000
fashion_09000.png,6,camisa,0.800895,DDPM,1000
fashion_09001.png,8,bolsa,0.997140,DDPM,1000
fashion_09002.png,9,bota,0.817989,DDPM,1000
fashion_09003.png,0,camiseta,0.940086,DDPM,1000
fashion_09004.png,6,camisa,0.895784,DDPM,1000
fashion_09005.png,6,camisa,0.422450,DDPM,1000
fashion_09006.png,1,calça,0.947370,DDPM,1000
fashion_09007.png,0,camiseta,0.687803,DDPM,1000
fashion_09008.png,2,pulôver,0.911746,DDPM,1000
fashion_09009.png,2,pulôver,0.994123,DDPM,1000
fashion_09010.png,2,pulôver,0.497628,DDPM,1000
fashion_09011.png,4,casaco,0.760615,DDPM,1000
fashion_09012.png,2,pulôver,0.619180,DDPM,1000
fashion_09013.png,0,camiseta,0.872688,DDPM,1000
fashion_09014.png,2,pulôver,0.868948,DDPM,1000
fashion_09015.png,2,pulôver,0.854903,DDPM,1000
fashion_09016.png,9,bota,0.890509,DDPM,1000
fashion_09017.png,6,camisa,0.482770,DDPM,1000
fashion_09018.png,6,camisa,0.591124,DDPM,1000
fashion_09019.png,8,bolsa,0.864002,DDPM,1000
fashion_09020.png,4,casaco,0.579852,DDPM,1000
fashion_09021.png,2,pulôver,0.534374,DDPM,1000
fashion_09022.png,0,camiseta,0.802872,DDPM,1000
fashion_09023.png,3,vestido,0.347726,DDPM,1000
fashion_09024.png,6,camisa,0.593612,DDPM,1000
fashion_09025.png,6,camisa,0.915847,DDPM,1000
fashion_09026.png,4,casaco,0.718123,DDPM,1000
fashion_09027.png,0,camiseta,0.404153,DDPM,1000
fashion_09028.png,8,bolsa,0.472655,DDPM,1000
fashion_09029.png,6,camisa,0.929478,DDPM,1000
fashion_09030.png,6,camisa,0.614141,DDPM,1000
fashion_09031.png,8,bolsa,0.947643,DDPM,1000
fashion_09032.png,8,bolsa,0.576411,DDPM,1000
fashion_09033.png,6,camisa,0.437607,DDPM,1000
fashion_09034.png,3,vestido,0.666855,DDPM,1000
fashion_09035.png,8,bolsa,0.892842,DDPM,1000
fashion_09036.png,6,camisa,0.801143,DDPM,1000
fashion_09037.png,6,camisa,0.833478,DDPM,1000
fashion_09038.png,0,camiseta,0.701295,DDPM,1000
fashion_09039.png,6,camisa,0.556006,DDPM,1000
fashion_09040.png,2,pulôver,0.949841,DDPM,1000
fashion_09041.png,9,bota,0.630647,DDPM,1000
fashion_09042.png,6,camisa,0.521462,DDPM,1000
fashion_09043.png,6,camisa,0.495711,DDPM,1000
fashion_09044.png,6,camisa,0.743869,DDPM,1000
fashion_09045.png,6,camisa,0.368915,DDPM,1000
fashion_09046.png,3,vestido,0.502160,DDPM,1000
fashion_09047.png,2,pulôver,0.484363,DDPM,1000
fashion_09048.png,8,bolsa,0.504732,DDPM,1000
fashion_09049.png,8,bolsa,0.813644,DDPM,1000
fashion_09050.png,6,camisa,0.747063,DDPM,1000
fashion_09051.png,8,bolsa,0.727516,DDPM,1000
fashion_09052.png,3,vestido,0.858887,DDPM,1000
fashion_09053.png,8,bolsa,0.846914,DDPM,1000
fashion_09054.png,1,calça,0.513683,DDPM,1000
fashion_09055.png,2,pulôver,0.497544,DDPM,1000
fashion_09056.png,2,pulôver,0.642641,DDPM,1000
fashion_09057.png,3,vestido,0.351733,DDPM,1000
fashion_09058.png,6,camisa,0.787725,DDPM,1000
fashion_09059.png,6,camisa,0.824341,DDPM,1000
fashion_09060.png,6,camisa,0.437741,DDPM,1000
fashion_09061.png,3,vestido,0.892080,DDPM,1000
fashion_09062.png,2,pulôver,0.938207,DDPM,1000
fashion_09063.png,2,pulôver,0.942480,DDPM,1000
fashion_09064.png,6,camisa,0.730393,DDPM,1000
fashion_09065.png,2,pulôver,0.383719,DDPM,1000
fashion_09066.png,6,camisa,0.528550,DDPM,1000
fashion_09067.png,4,casaco,0.925536,DDPM,1000
fashion_09068.png,8,bolsa,0.352273,DDPM,1000
fashion_09069.png,4,casaco,0.879329,DDPM,1000
fashion_09070.png,4,casaco,0.853847,DDPM,1000
fashion_09071.png,8,bolsa,0.618592,DDPM,1000
fashion_09072.png,2,pulôver,0.721257,DDPM,1000
fashion_09073.png,2,pulôver,0.527293,DDPM,1000
fashion_09074.png,8,bolsa,0.486695,DDPM,1000
fashion_09075.png,8,bolsa,0.865825,DDPM,1000
fashion_09076.png,2,pulôver,0.619226,DDPM,1000
fashion_09077.png,6,camisa,0.672467,DDPM,1000
fashion_09078.png,5,sandália,0.897229,DDPM,1000
fashion_09079.png,4,casaco,0.579629,DDPM,1000
fashion_09080.png,0,camiseta,0.470588,DDPM,1000
fashion_09081.png,8,bolsa,0.986700,DDPM,1000
fashion_09082.png,0,camiseta,0.797991,DDPM,1000
fashion_09083.png,2,pulôver,0.330803,DDPM,1000
fashion_09084.png,8,bolsa,0.704155,DDPM,1000
fashion_09085.png,3,vestido,0.646104,DDPM,1000
fashion_09086.png,0,camiseta,0.507211,DDPM,1000
fashion_09087.png,6,camisa,0.692721,DDPM,1000
fashion_09088.png,6,camisa,0.434072,DDPM,1000
fashion_09089.png,8,bolsa,0.404640,DDPM,1000
fashion_09090.png,6,camisa,0.853021,DDPM,1000
fashion_09091.png,6,camisa,0.877105,DDPM,1000
fashion_09092.png,6,camisa,0.906708,DDPM,1000
fashion_09093.png,2,pulôver,0.643841,DDPM,1000
fashion_09094.png,6,camisa,0.357998,DDPM,1000
fashion_09095.png,2,pulôver,0.378834,DDPM,1000
fashion_09096.png,2,pulôver,0.979057,DDPM,1000
fashion_09097.png,2,pulôver,0.460087,DDPM,1000
fashion_09098.png,3,vestido,0.495010,DDPM,1000
fashion_09099.png,6,camisa,0.767366,DDPM,1000
fashion_09100.png,4,casaco,0.392381,DDPM,1000
fashion_09101.png,0,camiseta,0.838453,DDPM,1000
fashion_09102.png,2,pulôver,0.679165,DDPM,1000
fashion_09103.png,0,camiseta,0.891775,DDPM,1000
fashion_09104.png,6,camisa,0.371188,DDPM,1000
fashion_09105.png,0,camiseta,0.601131,DDPM,1000
fashion_09106.png,3,vestido,0.753347,DDPM,1000
fashion_09107.png,6,camisa,0.502471,DDPM,1000
fashion_09108.png,2,pulôver,0.547278,DDPM,1000
fashion_09109.png,8,bolsa,0.594719,DDPM,1000
fashion_09110.png,8,bolsa,0.820726,DDPM,1000
fashion_09111.png,6,camisa,0.599076,DDPM,1000
fashion_09112.png,6,camisa,0.639281,DDPM,1000
fashion_09113.png,6,camisa,0.618442,DDPM,1000
fashion_09114.png,8,bolsa,0.943207,DDPM,1000
fashion_09115.png,0,camiseta,0.956502,DDPM,1000
fashion_09116.png,3,vestido,0.394140,DDPM,1000
fashion_09117.png,4,casaco,0.786917,DDPM,1000
fashion_09118.png,8,bolsa,0.483742,DDPM,1000
fashion_09119.png,8,bolsa,0.704856,DDPM,1000
fashion_09120.png,6,camisa,0.654286,DDPM,1000
fashion_09121.png,8,bolsa,0.993973,DDPM,1000
fashion_09122.png,2,pulôver,0.494383,DDPM,1000
fashion_09123.png,8,bolsa,0.958690,DDPM,1000
fashion_09124.png,6,camisa,0.830567,DDPM,1000
fashion_09125.png,8,bolsa,0.799854,DDPM,1000
fashion_09126.png,4,casaco,0.401270,DDPM,1000
fashion_09127.png,2,pulôver,0.558852,DDPM,1000
fashion_09128.png,8,bolsa,0.713857,DDPM,1000
fashion_09129.png,8,bolsa,0.975896,DDPM,1000
fashion_09130.png,6,camisa,0.688090,DDPM,1000
fashion_09131.png,8,bolsa,0.587779,DDPM,1000
fashion_09132.png,2,pulôver,0.810935,DDPM,1000
fashion_09133.png,0,camiseta,0.550807,DDPM,1000
fashion_09134.png,4,casaco,0.440672,DDPM,1000
fashion_09135.png,9,bota,0.998244,DDPM,1000
fashion_09136.png,0,camiseta,0.584427,DDPM,1000
fashion_09137.png,8,bolsa,0.933276,DDPM,1000
fashion_09138.png,2,pulôver,0.689306,DDPM,1000
fashion_09139.png,2,pulôver,0.891546,DDPM,1000
fashion_09140.png,8,bolsa,0.996306,DDPM,1000
fashion_09141.png,8,bolsa,0.748511,DDPM,1000
fashion_09142.png,0,camiseta,0.412989,DDPM,1000
fashion_09143.png,8,bolsa,0.974301,DDPM,1000
fashion_09144.png,2,pulôver,0.339085,DDPM,1000
fashion_09145.png,2,pulôver,0.494494,DDPM,1000
fashion_09146.png,3,vestido,0.715898,DDPM,1000
fashion_09147.png,4,casaco,0.540711,DDPM,1000
fashion_09148.png,6,camisa,0.592893,DDPM,1000
fashion_09149.png,2,pulôver,0.687208,DDPM,1000
fashion_09150.png,0,camiseta,0.905053,DDPM,1000
fashion_09151.png,2,pulôver,0.737815,DDPM,1000
fashion_09152.png,2,pulôver,0.667730,DDPM,1000
fashion_09153.png,3,vestido,0.433048,DDPM,1000
fashion_09154.png,6,camisa,0.839039,DDPM,1000
fashion_09155.png,5,sandália,0.589882,DDPM,1000
fashion_09156.png,1,calça,0.238931,DDPM,1000
fashion_09157.png,0,camiseta,0.324935,DDPM,1000
fashion_09158.png,4,casaco,0.822231,DDPM,1000
fashion_09159.png,6,camisa,0.837427,DDPM,1000
fashion_09160.png,0,camiseta,0.286613,DDPM,1000
fashion_09161.png,6,camisa,0.581057,DDPM,1000
fashion_09162.png,2,pulôver,0.371641,DDPM,1000
fashion_09163.png,2,pulôver,0.787765,DDPM,1000
fashion_09164.png,0,camiseta,0.441314,DDPM,1000
fashion_09165.png,8,bolsa,0.648608,DDPM,1000
fashion_09166.png,8,bolsa,0.811587,DDPM,1000
fashion_09167.png,9,bota,0.971594,DDPM,1000
fashion_09168.png,3,vestido,0.352226,DDPM,1000
fashion_09169.png,6,camisa,0.467857,DDPM,1000
fashion_09170.png,3,vestido,0.905104,DDPM,1000
fashion_09171.png,5,sandália,0.980558,DDPM,1000
fashion_09172.png,8,bolsa,0.521886,DDPM,1000
fashion_09173.png,6,camisa,0.767149,DDPM,1000
fashion_09174.png,6,camisa,0.561013,DDPM,1000
fashion_09175.png,6,camisa,0.562510,DDPM,1000
fashion_09176.png,6,camisa,0.769268,DDPM,1000
fashion_09177.png,2,pulôver,0.546141,DDPM,1000
fashion_09178.png,8,bolsa,0.450667,DDPM,1000
fashion_09179.png,0,camiseta,0.739062,DDPM,1000
fashion_09180.png,8,bolsa,0.926233,DDPM,1000
fashion_09181.png,6,camisa,0.672381,DDPM,1000
fashion_09182.png,0,camiseta,0.659144,DDPM,1000
fashion_09183.png,0,camiseta,0.632137,DDPM,1000
fashion_09184.png,6,camisa,0.634372,DDPM,1000
fashion_09185.png,2,pulôver,0.651790,DDPM,1000
fashion_09186.png,8,bolsa,0.953780,DDPM,1000
fashion_09187.png,6,camisa,0.792329,DDPM,1000
fashion_09188.png,6,camisa,0.758295,DDPM,1000
fashion_09189.png,9,bota,0.999124,DDPM,1000
fashion_09190.png,2,pulôver,0.572118,DDPM,1000
fashion_09191.png,1,calça,0.614026,DDPM,1000
fashion_09192.png,3,vestido,0.362465,DDPM,1000
fashion_09193.png,7,tênis,0.996944,DDPM,1000
fashion_09194.png,5,sandália,0.587807,DDPM,1000
fashion_09195.png,2,pulôver,0.961767,DDPM,1000
fashion_09196.png,8,bolsa,0.997483,DDPM,1000
fashion_09197.png,0,camiseta,0.371518,DDPM,1000
fashion_09198.png,2,pulôver,0.949350,DDPM,1000
fashion_09199.png,9,bota,0.980208,DDPM,1000
fashion_09200.png,4,casaco,0.954434,DDPM,1000
fashion_09201.png,6,camisa,0.740138,DDPM,1000
fashion_09202.png,8,bolsa,0.959717,DDPM,1000
fashion_09203.png,8,bolsa,0.971611,DDPM,1000
fashion_09204.png,8,bolsa,0.884749,DDPM,1000
fashion_09205.png,6,camisa,0.410103,DDPM,1000
fashion_09206.png,2,pulôver,0.806249,DDPM,1000
fashion_09207.png,6,camisa,0.584639,DDPM,1000
fashion_09208.png,4,casaco,0.703783,DDPM,1000
fashion_09209.png,6,camisa,0.387088,DDPM,1000
fashion_09210.png,6,camisa,0.981558,DDPM,1000
fashion_09211.png,6,camisa,0.732957,DDPM,1000
fashion_09212.png,6,camisa,0.513043,DDPM,1000
fashion_09213.png,6,camisa,0.502000,DDPM,1000
fashion_09214.png,7,tênis,0.536345,DDPM,1000
fashion_09215.png,6,camisa,0.438551,DDPM,1000
fashion_09216.png,3,vestido,0.337813,DDPM,1000
fashion_09217.png,4,casaco,0.685949,DDPM,1000
fashion_09218.png,8,bolsa,0.996157,DDPM,1000
fashion_09219.png,2,pulôver,0.586589,DDPM,1000
fashion_09220.png,2,pulôver,0.504900,DDPM,1000
fashion_09221.png,8,bolsa,0.358315,DDPM,1000
fashion_09222.png,2,pulôver,0.380050,DDPM,1000
fashion_09223.png,6,camisa,0.587757,DDPM,1000
fashion_09224.png,8,bolsa,0.856903,DDPM,1000
fashion_09225.png,8,bolsa,0.995880,DDPM,1000
fashion_09226.png,2,pulôver,0.914582,DDPM,1000
fashion_09227.png,6,camisa,0.483501,DDPM,1000
fashion_09228.png,2,pulôver,0.950372,DDPM,1000
fashion_09229.png,6,camisa,0.738705,DDPM,1000
fashion_09230.png,1,calça,0.467621,DDPM,1000
fashion_09231.png,2,pulôver,0.761146,DDPM,1000
fashion_09232.png,2,pulôver,0.484922,DDPM,1000
fashion_09233.png,2,pulôver,0.658923,DDPM,1000
fashion_09234.png,2,pulôver,0.826048,DDPM,1000
fashion_09235.png,6,camisa,0.787814,DDPM,1000
fashion_09236.png,8,bolsa,0.843026,DDPM,1000
fashion_09237.png,3,vestido,0.841108,DDPM,1000
fashion_09238.png,6,camisa,0.948217,DDPM,1000
fashion_09239.png,6,camisa,0.553285,DDPM,1000
fashion_09240.png,0,camiseta,0.756991,DDPM,1000
fashion_09241.png,0,camiseta,0.476538,DDPM,1000
fashion_09242.png,2,pulôver,0.586369,DDPM,1000
fashion_09243.png,8,bolsa,0.470377,DDPM,1000
fashion_09244.png,4,casaco,0.653901,DDPM,1000
fashion_09245.png,0,camiseta,0.691804,DDPM,1000
fashion_09246.png,6,camisa,0.753704,DDPM,1000
fashion_09247.png,0,camiseta,0.312353,DDPM,1000
fashion_09248.png,7,tênis,0.908526,DDPM,1000
fashion_09249.png,8,bolsa,0.989471,DDPM,1000
fashion_09250.png,2,pulôver,0.696587,DDPM,1000
fashion_09251.png,0,camiseta,0.743603,DDPM,1000
fashion_09252.png,4,casaco,0.989671,DDPM,1000
fashion_09253.png,8,bolsa,0.576148,DDPM,1000
fashion_09254.png,6,camisa,0.874502,DDPM,1000
fashion_09255.png,6,camisa,0.929089,DDPM,1000
fashion_09256.png,2,pulôver,0.713217,DDPM,1000
fashion_09257.png,6,camisa,0.930430,DDPM,1000
fashion_09258.png,1,calça,0.451503,DDPM,1000
fashion_09259.png,8,bolsa,0.907599,DDPM,1000
fashion_09260.png,2,pulôver,0.521728,DDPM,1000
fashion_09261.png,6,camisa,0.564663,DDPM,1000
fashion_09262.png,5,sandália,0.848557,DDPM,1000
fashion_09263.png,2,pulôver,0.659706,DDPM,1000
fashion_09264.png,2,pulôver,0.542067,DDPM,1000
fashion_09265.png,2,pulôver,0.958896,DDPM,1000
fashion_09266.png,2,pulôver,0.463774,DDPM,1000
fashion_09267.png,6,camisa,0.817231,DDPM,1000
fashion_09268.png,4,casaco,0.971448,DDPM,1000
fashion_09269.png,6,camisa,0.416173,DDPM,1000
fashion_09270.png,8,bolsa,0.742828,DDPM,1000
fashion_09271.png,4,casaco,0.650244,DDPM,1000
fashion_09272.png,4,casaco,0.731369,DDPM,1000
fashion_09273.png,8,bolsa,0.981267,DDPM,1000
fashion_09274.png,6,camisa,0.577459,DDPM,1000
fashion_09275.png,6,camisa,0.992607,DDPM,1000
fashion_09276.png,8,bolsa,0.608639,DDPM,1000
fashion_09277.png,0,camiseta,0.975338,DDPM,1000
fashion_09278.png,6,camisa,0.542649,DDPM,1000
fashion_09279.png,2,pulôver,0.982109,DDPM,1000
fashion_09280.png,0,camiseta,0.486001,DDPM,1000
fashion_09281.png,6,camisa,0.879294,DDPM,1000
fashion_09282.png,4,casaco,0.843879,DDPM,1000
fashion_09283.png,6,camisa,0.855795,DDPM,1000
fashion_09284.png,2,pulôver,0.605833,DDPM,1000
fashion_09285.png,2,pulôver,0.490895,DDPM,1000
fashion_09286.png,3,vestido,0.789143,DDPM,1000
fashion_09287.png,8,bolsa,0.918524,DDPM,1000
fashion_09288.png,2,pulôver,0.424481,DDPM,1000
fashion_09289.png,4,casaco,0.571233,DDPM,1000
fashion_09290.png,8,bolsa,0.967634,DDPM,1000
fashion_09291.png,0,camiseta,0.553611,DDPM,1000
fashion_09292.png,6,camisa,0.756024,DDPM,1000
fashion_09293.png,2,pulôver,0.608780,DDPM,1000
fashion_09294.png,4,casaco,0.760248,DDPM,1000
fashion_09295.png,8,bolsa,0.977422,DDPM,1000
fashion_09296.png,0,camiseta,0.836133,DDPM,1000
fashion_09297.png,0,camiseta,0.520068,DDPM,1000
fashion_09298.png,0,camiseta,0.338778,DDPM,1000
fashion_09299.png,8,bolsa,0.998557,DDPM,1000
fashion_09300.png,4,casaco,0.606565,DDPM,1000
fashion_09301.png,0,camiseta,0.463981,DDPM,1000
fashion_09302.png,9,bota,0.988252,DDPM,1000
fashion_09303.png,6,camisa,0.518614,DDPM,1000
fashion_09304.png,0,camiseta,0.978346,DDPM,1000
fashion_09305.png,0,camiseta,0.554178,DDPM,1000
fashion_09306.png,4,casaco,0.489958,DDPM,1000
fashion_09307.png,0,camiseta,0.399241,DDPM,1000
fashion_09308.png,2,pulôver,0.561400,DDPM,1000
fashion_09309.png,6,camisa,0.646648,DDPM,1000
fashion_09310.png,4,casaco,0.396163,DDPM,1000
fashion_09311.png,8,bolsa,0.906835,DDPM,1000
fashion_09312.png,7,tênis,0.515360,DDPM,1000
fashion_09313.png,2,pulôver,0.719239,DDPM,1000
fashion_09314.png,6,camisa,0.562983,DDPM,1000
fashion_09315.png,8,bolsa,0.999858,DDPM,1000
fashion_09316.png,2,pulôver,0.387510,DDPM,1000
fashion_09317.png,6,camisa,0.510051,DDPM,1000
fashion_09318.png,2,pulôver,0.554022,DDPM,1000
fashion_09319.png,0,camiseta,0.516966,DDPM,1000
fashion_09320.png,0,camiseta,0.564635,DDPM,1000
fashion_09321.png,8,bolsa,0.474974,DDPM,1000
fashion_09322.png,6,camisa,0.748366,DDPM,1000
fashion_09323.png,2,pulôver,0.929214,DDPM,1000
fashion_09324.png,0,camiseta,0.482695,DDPM,1000
fashion_09325.png,9,bota,0.709797,DDPM,1000
fashion_09326.png,6,camisa,0.496717,DDPM,1000
fashion_09327.png,0,camiseta,0.609335,DDPM,1000
fashion_09328.png,6,camisa,0.550467,DDPM,1000
fashion_09329.png,7,tênis,0.697488,DDPM,1000
fashion_09330.png,2,pulôver,0.905220,DDPM,1000
fashion_09331.png,4,casaco,0.323144,DDPM,1000
fashion_09332.png,7,tênis,0.474767,DDPM,1000
fashion_09333.png,6,camisa,0.436985,DDPM,1000
fashion_09334.png,4,casaco,0.706115,DDPM,1000
fashion_09335.png,6,camisa,0.778465,DDPM,1000
fashion_09336.png,0,camiseta,0.995518,DDPM,1000
fashion_09337.png,3,vestido,0.528479,DDPM,1000
fashion_09338.png,0,camiseta,0.450352,DDPM,1000
fashion_09339.png,6,camisa,0.911309,DDPM,1000
fashion_09340.png,8,bolsa,0.369159,DDPM,1000
fashion_09341.png,2,pulôver,0.794117,DDPM,1000
fashion_09342.png,8,bolsa,0.894816,DDPM,1000
fashion_09343.png,6,camisa,0.574776,DDPM,1000
fashion_09344.png,0,camiseta,0.753341,DDPM,1000
fashion_09345.png,8,bolsa,0.980057,DDPM,1000
fashion_09346.png,2,pulôver,0.909523,DDPM,1000
fashion_09347.png,2,pulôver,0.493948,DDPM,1000
fashion_09348.png,0,camiseta,0.790308,DDPM,1000
fashion_09349.png,2,pulôver,0.616395,DDPM,1000
fashion_09350.png,4,casaco,0.614535,DDPM,1000
fashion_09351.png,7,tênis,0.731326,DDPM,1000
fashion_09352.png,0,camiseta,0.614202,DDPM,1000
fashion_09353.png,9,bota,0.747162,DDPM,1000
fashion_09354.png,6,camisa,0.674887,DDPM,1000
fashion_09355.png,2,pulôver,0.400359,DDPM,1000
fashion_09356.png,2,pulôver,0.977263,DDPM,1000
fashion_09357.png,6,camisa,0.753493,DDPM,1000
fashion_09358.png,6,camisa,0.919061,DDPM,1000
fashion_09359.png,2,pulôver,0.856312,DDPM,1000
fashion_09360.png,3,vestido,0.938467,DDPM,1000
fashion_09361.png,8,bolsa,0.405107,DDPM,1000
fashion_09362.png,8,bolsa,0.419870,DDPM,1000
fashion_09363.png,8,bolsa,0.612532,DDPM,1000
fashion_09364.png,8,bolsa,0.494345,DDPM,1000
fashion_09365.png,6,camisa,0.907166,DDPM,1000
fashion_09366.png,6,camisa,0.610014,DDPM,1000
fashion_09367.png,6,camisa,0.836749,DDPM,1000
fashion_09368.png,2,pulôver,0.431812,DDPM,1000
fashion_09369.png,6,camisa,0.889725,DDPM,1000
fashion_09370.png,0,camiseta,0.830192,DDPM,1000
fashion_09371.png,8,bolsa,0.941927,DDPM,1000
fashion_09372.png,6,camisa,0.601861,DDPM,1000
fashion_09373.png,8,bolsa,0.922659,DDPM,1000
fashion_09374.png,3,vestido,0.803147,DDPM,1000
fashion_09375.png,8,bolsa,0.999812,DDPM,1000
fashion_09376.png,4,casaco,0.301845,DDPM,1000
fashion_09377.png,2,pulôver,0.403708,DDPM,1000
fashion_09378.png,2,pulôver,0.778262,DDPM,1000
fashion_09379.png,9,bota,0.822112,DDPM,1000
fashion_09380.png,0,camiseta,0.407842,DDPM,1000
fashion_09381.png,2,pulôver,0.829028,DDPM,1000
fashion_09382.png,5,sandália,0.814312,DDPM,1000
fashion_09383.png,6,camisa,0.726968,DDPM,1000
fashion_09384.png,2,pulôver,0.577917,DDPM,1000
fashion_09385.png,1,calça,0.456214,DDPM,1000
fashion_09386.png,4,casaco,0.356818,DDPM,1000
fashion_09387.png,6,camisa,0.872272,DDPM,1000
fashion_09388.png,2,pulôver,0.843585,DDPM,1000
fashion_09389.png,6,camisa,0.648438,DDPM,1000
fashion_09390.png,6,camisa,0.902437,DDPM,1000
fashion_09391.png,0,camiseta,0.833181,DDPM,1000
fashion_09392.png,2,pulôver,0.764593,DDPM,1000
fashion_09393.png,8,bolsa,0.582344,DDPM,1000
fashion_09394.png,8,bolsa,0.763130,DDPM,1000
fashion_09395.png,4,casaco,0.551385,DDPM,1000
fashion_09396.png,2,pulôver,0.500208,DDPM,1000
fashion_09397.png,2,pulôver,0.837352,DDPM,1000
fashion_09398.png,6,camisa,0.571835,DDPM,1000
fashion_09399.png,2,pulôver,0.393756,DDPM,1000
fashion_09400.png,3,vestido,0.622759,DDPM,1000
fashion_09401.png,2,pulôver,0.992680,DDPM,1000
fashion_09402.png,9,bota,0.368181,DDPM,1000
fashion_09403.png,8,bolsa,0.968167,DDPM,1000
fashion_09404.png,2,pulôver,0.993383,DDPM,1000
fashion_09405.png,4,casaco,0.792106,DDPM,1000
fashion_09406.png,3,vestido,0.859893,DDPM,1000
fashion_09407.png,8,bolsa,0.989172,DDPM,1000
fashion_09408.png,5,sandália,0.999579,DDPM,1000
fashion_09409.png,8,bolsa,0.940398,DDPM,1000
fashion_09410.png,4,casaco,0.966236,DDPM,1000
fashion_09411.png,2,pulôver,0.883541,DDPM,1000
fashion_09412.png,7,tênis,0.875551,DDPM,1000
fashion_09413.png,2,pulôver,0.779009,DDPM,1000
fashion_09414.png,0,camiseta,0.901460,DDPM,1000
fashion_09415.png,4,casaco,0.950829,DDPM,1000
fashion_09416.png,6,camisa,0.679602,DDPM,1000
fashion_09417.png,6,camisa,0.511695,DDPM,1000
fashion_09418.png,6,camisa,0.352903,DDPM,1000
fashion_09419.png,6,camisa,0.731357,DDPM,1000
fashion_09420.png,0,camiseta,0.401251,DDPM,1000
fashion_09421.png,2,pulôver,0.565997,DDPM,1000
fashion_09422.png,8,bolsa,0.396484,DDPM,1000
fashion_09423.png,2,pulôver,0.461972,DDPM,1000
fashion_09424.png,4,casaco,0.647818,DDPM,1000
fashion_09425.png,6,camisa,0.623133,DDPM,1000
fashion_09426.png,6,camisa,0.991369,DDPM,1000
fashion_09427.png,6,camisa,0.555611,DDPM,1000
fashion_09428.png,4,casaco,0.361744,DDPM,1000
fashion_09429.png,8,bolsa,0.590782,DDPM,1000
fashion_09430.png,2,pulôver,0.380560,DDPM,1000
fashion_09431.png,2,pulôver,0.423201,DDPM,1000
fashion_09432.png,4,casaco,0.461032,DDPM,1000
fashion_09433.png,6,camisa,0.515942,DDPM,1000
fashion_09434.png,0,camiseta,0.751616,DDPM,1000
fashion_09435.png,8,bolsa,0.992909,DDPM,1000
fashion_09436.png,4,casaco,0.351328,DDPM,1000
fashion_09437.png,2,pulôver,0.580996,DDPM,1000
fashion_09438.png,2,pulôver,0.335657,DDPM,1000
fashion_09439.png,4,casaco,0.704379,DDPM,1000
fashion_09440.png,6,camisa,0.814904,DDPM,1000
fashion_09441.png,1,calça,0.342759,DDPM,1000
fashion_09442.png,4,casaco,0.530171,DDPM,1000
fashion_09443.png,0,camiseta,0.541402,DDPM,1000
fashion_09444.png,2,pulôver,0.522037,DDPM,1000
fashion_09445.png,2,pulôver,0.612985,DDPM,1000
fashion_09446.png,6,camisa,0.598594,DDPM,1000
fashion_09447.png,4,casaco,0.567409,DDPM,1000
fashion_09448.png,0,camiseta,0.466205,DDPM,1000
fashion_09449.png,1,calça,0.986844,DDPM,1000
fashion_09450.png,6,camisa,0.341516,DDPM,1000
fashion_09451.png,6,camisa,0.491842,DDPM,1000
fashion_09452.png,0,camiseta,0.366382,DDPM,1000
fashion_09453.png,0,camiseta,0.602760,DDPM,1000
fashion_09454.png,6,camisa,0.463356,DDPM,1000
fashion_09455.png,6,camisa,0.440897,DDPM,1000
fashion_09456.png,0,camiseta,0.969639,DDPM,1000
fashion_09457.png,6,camisa,0.355367,DDPM,1000
fashion_09458.png,6,camisa,0.749838,DDPM,1000
fashion_09459.png,6,camisa,0.708256,DDPM,1000
fashion_09460.png,2,pulôver,0.916818,DDPM,1000
fashion_09461.png,2,pulôver,0.848850,DDPM,1000
fashion_09462.png,2,pulôver,0.805037,DDPM,1000
fashion_09463.png,2,pulôver,0.595356,DDPM,1000
fashion_09464.png,6,camisa,0.854034,DDPM,1000
fashion_09465.png,8,bolsa,0.525835,DDPM,1000
fashion_09466.png,2,pulôver,0.783811,DDPM,1000
fashion_09467.png,0,camiseta,0.999317,DDPM,1000
fashion_09468.png,9,bota,0.847994,DDPM,1000
fashion_09469.png,4,casaco,0.917040,DDPM,1000
fashion_09470.png,8,bolsa,0.991119,DDPM,1000
fashion_09471.png,2,pulôver,0.542054,DDPM,1000
fashion_09472.png,0,camiseta,0.499385,DDPM,1000
fashion_09473.png,8,bolsa,0.978801,DDPM,1000
fashion_09474.png,4,casaco,0.907803,DDPM,1000
fashion_09475.png,4,casaco,0.773080,DDPM,1000
fashion_09476.png,0,camiseta,0.493208,DDPM,1000
fashion_09477.png,6,camisa,0.918304,DDPM,1000
fashion_09478.png,5,sandália,0.527669,DDPM,1000
fashion_09479.png,6,camisa,0.942828,DDPM,1000
fashion_09480.png,6,camisa,0.654388,DDPM,1000
fashion_09481.png,0,camiseta,0.980169,DDPM,1000
fashion_09482.png,8,bolsa,0.999381,DDPM,1000
fashion_09483.png,8,bolsa,0.803986,DDPM,1000
fashion_09484.png,4,casaco,0.907211,DDPM,1000
fashion_09485.png,6,camisa,0.760279,DDPM,1000
fashion_09486.png,6,camisa,0.859895,DDPM,1000
fashion_09487.png,6,camisa,0.729562,DDPM,1000
fashion_09488.png,2,pulôver,0.675036,DDPM,1000
fashion_09489.png,8,bolsa,0.985590,DDPM,1000
fashion_09490.png,2,pulôver,0.436324,DDPM,1000
fashion_09491.png,6,camisa,0.569350,DDPM,1000
fashion_09492.png,0,camiseta,0.431979,DDPM,1000
fashion_09493.png,0,camiseta,0.465982,DDPM,1000
fashion_09494.png,2,pulôver,0.903803,DDPM,1000
fashion_09495.png,6,camisa,0.837216,DDPM,1000
fashion_09496.png,6,camisa,0.535161,DDPM,1000
fashion_09497.png,6,camisa,0.606899,DDPM,1000
fashion_09498.png,1,calça,0.975077,DDPM,1000
fashion_09499.png,2,pulôver,0.975663,DDPM,1000
fashion_09500.png,4,casaco,0.782917,DDPM,1000
fashion_09501.png,8,bolsa,0.875625,DDPM,1000
fashion_09502.png,2,pulôver,0.496183,DDPM,1000
fashion_09503.png,0,camiseta,0.303215,DDPM,1000
fashion_09504.png,8,bolsa,0.303254,DDPM,1000
fashion_09505.png,8,bolsa,0.999773,DDPM,1000
fashion_09506.png,6,camisa,0.303959,DDPM,1000
fashion_09507.png,6,camisa,0.737926,DDPM,1000
fashion_09508.png,5,sandália,0.439477,DDPM,1000
fashion_09509.png,4,casaco,0.920509,DDPM,1000
fashion_09510.png,2,pulôver,0.401186,DDPM,1000
fashion_09511.png,8,bolsa,0.875310,DDPM,1000
fashion_09512.png,4,casaco,0.810560,DDPM,1000
fashion_09513.png,8,bolsa,0.988559,DDPM,1000
fashion_09514.png,1,calça,0.582525,DDPM,1000
fashion_09515.png,6,camisa,0.939002,DDPM,1000
fashion_09516.png,8,bolsa,0.462029,DDPM,1000
fashion_09517.png,6,camisa,0.376145,DDPM,1000
fashion_09518.png,2,pulôver,0.609559,DDPM,1000
fashion_09519.png,6,camisa,0.830560,DDPM,1000
fashion_09520.png,6,camisa,0.966269,DDPM,1000
fashion_09521.png,0,camiseta,0.574068,DDPM,1000
fashion_09522.png,2,pulôver,0.546932,DDPM,1000
fashion_09523.png,4,casaco,0.720734,DDPM,1000
fashion_09524.png,8,bolsa,0.990691,DDPM,1000
fashion_09525.png,6,camisa,0.616146,DDPM,1000
fashion_09526.png,0,camiseta,0.394156,DDPM,1000
fashion_09527.png,6,camisa,0.990808,DDPM,1000
fashion_09528.png,2,pulôver,0.802496,DDPM,1000
fashion_09529.png,0,camiseta,0.541130,DDPM,1000
fashion_09530.png,8,bolsa,0.990809,DDPM,1000
fashion_09531.png,8,bolsa,0.981057,DDPM,1000
fashion_09532.png,6,camisa,0.972023,DDPM,1000
fashion_09533.png,6,camisa,0.594187,DDPM,1000
fashion_09534.png,9,bota,0.503912,DDPM,1000
fashion_09535.png,6,camisa,0.545284,DDPM,1000
fashion_09536.png,8,bolsa,0.503374,DDPM,1000
fashion_09537.png,0,camiseta,0.767264,DDPM,1000
fashion_09538.png,2,pulôver,0.683855,DDPM,1000
fashion_09539.png,8,bolsa,0.460531,DDPM,1000
fashion_09540.png,8,bolsa,0.981616,DDPM,1000
fashion_09541.png,0,camiseta,0.802644,DDPM,1000
fashion_09542.png,6,camisa,0.694382,DDPM,1000
fashion_09543.png,3,vestido,0.938617,DDPM,1000
fashion_09544.png,8,bolsa,0.999977,DDPM,1000
fashion_09545.png,4,casaco,0.639675,DDPM,1000
fashion_09546.png,6,camisa,0.925561,DDPM,1000
fashion_09547.png,6,camisa,0.781166,DDPM,1000
fashion_09548.png,2,pulôver,0.966681,DDPM,1000
fashion_09549.png,6,camisa,0.523130,DDPM,1000
fashion_09550.png,0,camiseta,0.896517,DDPM,1000
fashion_09551.png,4,casaco,0.871122,DDPM,1000
fashion_09552.png,6,camisa,0.431666,DDPM,1000
fashion_09553.png,0,camiseta,0.947888,DDPM,1000
fashion_09554.png,6,camisa,0.918429,DDPM,1000
fashion_09555.png,6,camisa,0.713992,DDPM,1000
fashion_09556.png,8,bolsa,0.987931,DDPM,1000
fashion_09557.png,6,camisa,0.762434,DDPM,1000
fashion_09558.png,0,camiseta,0.821758,DDPM,1000
fashion_09559.png,8,bolsa,0.876952,DDPM,1000
fashion_09560.png,2,pulôver,0.996759,DDPM,1000
fashion_09561.png,6,camisa,0.917377,DDPM,1000
fashion_09562.png,7,tênis,0.674054,DDPM,1000
fashion_09563.png,4,casaco,0.471706,DDPM,1000
fashion_09564.png,6,camisa,0.761579,DDPM,1000
fashion_09565.png,3,vestido,0.293841,DDPM,1000
fashion_09566.png,8,bolsa,0.784482,DDPM,1000
fashion_09567.png,5,sandália,0.463147,DDPM,1000
fashion_09568.png,8,bolsa,0.677280,DDPM,1000
fashion_09569.png,8,bolsa,0.836579,DDPM,1000
fashion_09570.png,2,pulôver,0.652899,DDPM,1000
fashion_09571.png,5,sandália,0.999952,DDPM,1000
fashion_09572.png,6,camisa,0.602977,DDPM,1000
fashion_09573.png,6,camisa,0.713002,DDPM,1000
fashion_09574.png,6,camisa,0.431641,DDPM,1000
fashion_09575.png,6,camisa,0.877025,DDPM,1000
fashion_09576.png,0,camiseta,0.293113,DDPM,1000
fashion_09577.png,3,vestido,0.761339,DDPM,1000
fashion_09578.png,2,pulôver,0.910564,DDPM,1000
fashion_09579.png,9,bota,0.994186,DDPM,1000
fashion_09580.png,0,camiseta,0.558154,DDPM,1000
fashion_09581.png,2,pulôver,0.445887,DDPM,1000
fashion_09582.png,6,camisa,0.640566,DDPM,1000
fashion_09583.png,6,camisa,0.754717,DDPM,1000
fashion_09584.png,6,camisa,0.473417,DDPM,1000
fashion_09585.png,2,pulôver,0.563251,DDPM,1000
fashion_09586.png,1,calça,0.999997,DDPM,1000
fashion_09587.png,4,casaco,0.279463,DDPM,1000
fashion_09588.png,6,camisa,0.737011,DDPM,1000
fashion_09589.png,6,camisa,0.870167,DDPM,1000
fashion_09590.png,6,camisa,0.515732,DDPM,1000
fashion_09591.png,6,camisa,0.821603,DDPM,1000
fashion_09592.png,8,bolsa,0.700815,DDPM,1000
fashion_09593.png,6,camisa,0.463620,DDPM,1000
fashion_09594.png,9,bota,0.969603,DDPM,1000
fashion_09595.png,8,bolsa,0.736117,DDPM,1000
fashion_09596.png,0,camiseta,0.448819,DDPM,1000
fashion_09597.png,8,bolsa,0.641073,DDPM,1000
fashion_09598.png,6,camisa,0.985476,DDPM,1000
fashion_09599.png,6,camisa,0.781704,DDPM,1000
fashion_09600.png,2,pulôver,0.469575,DDPM,1000
fashion_09601.png,0,camiseta,0.345720,DDPM,1000
fashion_09602.png,2,pulôver,0.715543,DDPM,1000
fashion_09603.png,1,calça,0.918280,DDPM,1000
fashion_09604.png,6,camisa,0.530292,DDPM,1000
fashion_09605.png,8,bolsa,0.598562,DDPM,1000
fashion_09606.png,6,camisa,0.497803,DDPM,1000
fashion_09607.png,3,vestido,0.977506,DDPM,1000
fashion_09608.png,9,bota,0.995619,DDPM,1000
fashion_09609.png,0,camiseta,0.916520,DDPM,1000
fashion_09610.png,2,pulôver,0.953239,DDPM,1000
fashion_09611.png,8,bolsa,0.761293,DDPM,1000
fashion_09612.png,6,camisa,0.750184,DDPM,1000
fashion_09613.png,6,camisa,0.858243,DDPM,1000
fashion_09614.png,8,bolsa,0.999577,DDPM,1000
fashion_09615.png,8,bolsa,0.627301,DDPM,1000
fashion_09616.png,6,camisa,0.818226,DDPM,1000
fashion_09617.png,0,camiseta,0.429253,DDPM,1000
fashion_09618.png,0,camiseta,0.991715,DDPM,1000
fashion_09619.png,2,pulôver,0.590956,DDPM,1000
fashion_09620.png,8,bolsa,0.591635,DDPM,1000
fashion_09621.png,8,bolsa,0.992341,DDPM,1000
fashion_09622.png,6,camisa,0.623712,DDPM,1000
fashion_09623.png,8,bolsa,0.382781,DDPM,1000
fashion_09624.png,6,camisa,0.811978,DDPM,1000
fashion_09625.png,6,camisa,0.524067,DDPM,1000
fashion_09626.png,8,bolsa,0.983210,DDPM,1000
fashion_09627.png,8,bolsa,0.383900,DDPM,1000
fashion_09628.png,2,pulôver,0.850683,DDPM,1000
fashion_09629.png,2,pulôver,0.613134,DDPM,1000
fashion_09630.png,8,bolsa,0.808521,DDPM,1000
fashion_09631.png,2,pulôver,0.719170,DDPM,1000
fashion_09632.png,6,camisa,0.815564,DDPM,1000
fashion_09633.png,8,bolsa,0.925856,DDPM,1000
fashion_09634.png,2,pulôver,0.949562,DDPM,1000
fashion_09635.png,2,pulôver,0.532238,DDPM,1000
fashion_09636.png,2,pulôver,0.440814,DDPM,1000
fashion_09637.png,8,bolsa,0.971199,DDPM,1000
fashion_09638.png,8,bolsa,0.991905,DDPM,1000
fashion_09639.png,4,casaco,0.837170,DDPM,1000
fashion_09640.png,0,camiseta,0.798337,DDPM,1000
fashion_09641.png,6,camisa,0.563473,DDPM,1000
fashion_09642.png,6,camisa,0.753591,DDPM,1000
fashion_09643.png,4,casaco,0.970266,DDPM,1000
fashion_09644.png,8,bolsa,0.850043,DDPM,1000
fashion_09645.png,8,bolsa,0.999845,DDPM,1000
fashion_09646.png,6,camisa,0.527923,DDPM,1000
fashion_09647.png,6,camisa,0.337507,DDPM,1000
fashion_09648.png,3,vestido,0.605597,DDPM,1000
fashion_09649.png,2,pulôver,0.784180,DDPM,1000
fashion_09650.png,2,pulôver,0.800693,DDPM,1000
fashion_09651.png,1,calça,0.985126,DDPM,1000
fashion_09652.png,2,pulôver,0.868255,DDPM,1000
fashion_09653.png,0,camiseta,0.662212,DDPM,1000
fashion_09654.png,8,bolsa,0.980537,DDPM,1000
fashion_09655.png,2,pulôver,0.926444,DDPM,1000
fashion_09656.png,2,pulôver,0.732956,DDPM,1000
fashion_09657.png,0,camiseta,0.840716,DDPM,1000
fashion_09658.png,2,pulôver,0.944272,DDPM,1000
fashion_09659.png,6,camisa,0.786863,DDPM,1000
fashion_09660.png,6,camisa,0.374474,DDPM,1000
fashion_09661.png,2,pulôver,0.582488,DDPM,1000
fashion_09662.png,2,pulôver,0.917941,DDPM,1000
fashion_09663.png,3,vestido,0.507356,DDPM,1000
fashion_09664.png,8,bolsa,0.996691,DDPM,1000
fashion_09665.png,2,pulôver,0.601966,DDPM,1000
fashion_09666.png,7,tênis,0.976327,DDPM,1000
fashion_09667.png,6,camisa,0.490505,DDPM,1000
fashion_09668.png,8,bolsa,0.881017,DDPM,1000
fashion_09669.png,3,vestido,0.802080,DDPM,1000
fashion_09670.png,6,camisa,0.653730,DDPM,1000
fashion_09671.png,6,camisa,0.906313,DDPM,1000
fashion_09672.png,8,bolsa,0.786967,DDPM,1000
fashion_09673.png,9,bota,0.992728,DDPM,1000
fashion_09674.png,2,pulôver,0.964313,DDPM,1000
fashion_09675.png,9,bota,0.963715,DDPM,1000
fashion_09676.png,8,bolsa,0.994180,DDPM,1000
fashion_09677.png,9,bota,0.808630,DDPM,1000
fashion_09678.png,8,bolsa,0.777139,DDPM,1000
fashion_09679.png,2,pulôver,0.723809,DDPM,1000
fashion_09680.png,6,camisa,0.777801,DDPM,1000
fashion_09681.png,0,camiseta,0.824543,DDPM,1000
fashion_09682.png,6,camisa,0.614237,DDPM,1000
fashion_09683.png,4,casaco,0.637684,DDPM,1000
fashion_09684.png,6,camisa,0.429652,DDPM,1000
fashion_09685.png,0,camiseta,0.551492,DDPM,1000
fashion_09686.png,2,pulôver,0.597591,DDPM,1000
fashion_09687.png,2,pulôver,0.715266,DDPM,1000
fashion_09688.png,6,camisa,0.945473,DDPM,1000
fashion_09689.png,6,camisa,0.997790,DDPM,1000
fashion_09690.png,2,pulôver,0.442050,DDPM,1000
fashion_09691.png,2,pulôver,0.986593,DDPM,1000
fashion_09692.png,6,camisa,0.578157,DDPM,1000
fashion_09693.png,3,vestido,0.884186,DDPM,1000
fashion_09694.png,6,camisa,0.882115,DDPM,1000
fashion_09695.png,8,bolsa,0.972813,DDPM,1000
fashion_09696.png,8,bolsa,0.796458,DDPM,1000
fashion_09697.png,8,bolsa,0.940075,DDPM,1000
fashion_09698.png,4,casaco,0.514752,DDPM,1000
fashion_09699.png,4,casaco,0.449037,DDPM,1000
fashion_09700.png,5,sandália,0.971690,DDPM,1000
fashion_09701.png,4,casaco,0.566049,DDPM,1000
fashion_09702.png,8,bolsa,0.671292,DDPM,1000
fashion_09703.png,2,pulôver,0.915271,DDPM,1000
fashion_09704.png,8,bolsa,0.773715,DDPM,1000
fashion_09705.png,4,casaco,0.795414,DDPM,1000
fashion_09706.png,4,casaco,0.568435,DDPM,1000
fashion_09707.png,8,bolsa,0.979110,DDPM,1000
fashion_09708.png,6,camisa,0.982752,DDPM,1000
fashion_09709.png,4,casaco,0.576754,DDPM,1000
fashion_09710.png,4,casaco,0.947378,DDPM,1000
fashion_09711.png,2,pulôver,0.980374,DDPM,1000
fashion_09712.png,2,pulôver,0.378079,DDPM,1000
fashion_09713.png,6,camisa,0.695454,DDPM,1000
fashion_09714.png,6,camisa,0.634552,DDPM,1000
fashion_09715.png,4,casaco,0.841861,DDPM,1000
fashion_09716.png,0,camiseta,0.731191,DDPM,1000
fashion_09717.png,8,bolsa,0.861063,DDPM,1000
fashion_09718.png,2,pulôver,0.737316,DDPM,1000
fashion_09719.png,6,camisa,0.515670,DDPM,1000
fashion_09720.png,8,bolsa,0.619720,DDPM,1000
fashion_09721.png,6,camisa,0.815579,DDPM,1000
fashion_09722.png,8,bolsa,0.865873,DDPM,1000
fashion_09723.png,9,bota,0.801317,DDPM,1000
fashion_09724.png,2,pulôver,0.883150,DDPM,1000
fashion_09725.png,2,pulôver,0.663203,DDPM,1000
fashion_09726.png,6,camisa,0.781499,DDPM,1000
fashion_09727.png,2,pulôver,0.567578,DDPM,1000
fashion_09728.png,2,pulôver,0.514104,DDPM,1000
fashion_09729.png,0,camiseta,0.942352,DDPM,1000
fashion_09730.png,2,pulôver,0.588097,DDPM,1000
fashion_09731.png,3,vestido,0.857107,DDPM,1000
fashion_09732.png,6,camisa,0.568881,DDPM,1000
fashion_09733.png,0,camiseta,0.996726,DDPM,1000
fashion_09734.png,7,tênis,0.685112,DDPM,1000
fashion_09735.png,8,bolsa,0.581098,DDPM,1000
fashion_09736.png,2,pulôver,0.823242,DDPM,1000
fashion_09737.png,0,camiseta,0.428468,DDPM,1000
fashion_09738.png,4,casaco,0.488704,DDPM,1000
fashion_09739.png,8,bolsa,0.445570,DDPM,1000
fashion_09740.png,8,bolsa,0.995407,DDPM,1000
fashion_09741.png,7,tênis,0.659003,DDPM,1000
fashion_09742.png,4,casaco,0.429567,DDPM,1000
fashion_09743.png,8,bolsa,0.493967,DDPM,1000
fashion_09744.png,8,bolsa,0.999851,DDPM,1000
fashion_09745.png,6,camisa,0.611273,DDPM,1000
fashion_09746.png,6,camisa,0.573748,DDPM,1000
fashion_09747.png,2,pulôver,0.396850,DDPM,1000
fashion_09748.png,6,camisa,0.723370,DDPM,1000
fashion_09749.png,6,camisa,0.656440,DDPM,1000
fashion_09750.png,6,camisa,0.684980,DDPM,1000
fashion_09751.png,8,bolsa,0.247011,DDPM,1000
fashion_09752.png,6,camisa,0.789398,DDPM,1000
fashion_09753.png,8,bolsa,0.989344,DDPM,1000
fashion_09754.png,4,casaco,0.622403,DDPM,1000
fashion_09755.png,8,bolsa,0.507554,DDPM,1000
fashion_09756.png,9,bota,0.999014,DDPM,1000
fashion_09757.png,6,camisa,0.677822,DDPM,1000
fashion_09758.png,6,camisa,0.480544,DDPM,1000
fashion_09759.png,4,casaco,0.485249,DDPM,1000
fashion_09760.png,6,camisa,0.383895,DDPM,1000
fashion_09761.png,9,bota,0.563780,DDPM,1000
fashion_09762.png,0,camiseta,0.638018,DDPM,1000
fashion_09763.png,8,bolsa,0.685790,DDPM,1000
fashion_09764.png,0,camiseta,0.575626,DDPM,1000
fashion_09765.png,6,camisa,0.474739,DDPM,1000
fashion_09766.png,8,bolsa,0.999451,DDPM,1000
fashion_09767.png,8,bolsa,0.680237,DDPM,1000
fashion_09768.png,6,camisa,0.779519,DDPM,1000
fashion_09769.png,4,casaco,0.598711,DDPM,1000
fashion_09770.png,8,bolsa,0.992625,DDPM,1000
fashion_09771.png,6,camisa,0.775854,DDPM,1000
fashion_09772.png,3,vestido,0.386419,DDPM,1000
fashion_09773.png,6,camisa,0.670013,DDPM,1000
fashion_09774.png,2,pulôver,0.952348,DDPM,1000
fashion_09775.png,6,camisa,0.961097,DDPM,1000
fashion_09776.png,9,bota,0.997731,DDPM,1000
fashion_09777.png,6,camisa,0.889781,DDPM,1000
fashion_09778.png,6,camisa,0.516192,DDPM,1000
fashion_09779.png,8,bolsa,0.814724,DDPM,1000
fashion_09780.png,6,camisa,0.825094,DDPM,1000
fashion_09781.png,4,casaco,0.654753,DDPM,1000
fashion_09782.png,6,camisa,0.628884,DDPM,1000
fashion_09783.png,0,camiseta,0.707671,DDPM,1000
fashion_09784.png,3,vestido,0.490384,DDPM,1000
fashion_09785.png,2,pulôver,0.596168,DDPM,1000
fashion_09786.png,8,bolsa,0.264884,DDPM,1000
fashion_09787.png,9,bota,0.976137,DDPM,1000
fashion_09788.png,2,pulôver,0.354856,DDPM,1000
fashion_09789.png,2,pulôver,0.732190,DDPM,1000
fashion_09790.png,8,bolsa,0.986641,DDPM,1000
fashion_09791.png,7,tênis,0.905780,DDPM,1000
fashion_09792.png,8,bolsa,0.464857,DDPM,1000
fashion_09793.png,4,casaco,0.820928,DDPM,1000
fashion_09794.png,6,camisa,0.959075,DDPM,1000
fashion_09795.png,8,bolsa,0.688398,DDPM,1000
fashion_09796.png,8,bolsa,0.912308,DDPM,1000
fashion_09797.png,6,camisa,0.655821,DDPM,1000
fashion_09798.png,4,casaco,0.390282,DDPM,1000
fashion_09799.png,0,camiseta,0.729584,DDPM,1000
fashion_09800.png,6,camisa,0.654791,DDPM,1000
fashion_09801.png,2,pulôver,0.862670,DDPM,1000
fashion_09802.png,6,camisa,0.578465,DDPM,1000
fashion_09803.png,6,camisa,0.813602,DDPM,1000
fashion_09804.png,0,camiseta,0.394381,DDPM,1000
fashion_09805.png,2,pulôver,0.973015,DDPM,1000
fashion_09806.png,2,pulôver,0.789202,DDPM,1000
fashion_09807.png,0,camiseta,0.442563,DDPM,1000
fashion_09808.png,8,bolsa,0.652161,DDPM,1000
fashion_09809.png,2,pulôver,0.513579,DDPM,1000
fashion_09810.png,6,camisa,0.459510,DDPM,1000
fashion_09811.png,6,camisa,0.995838,DDPM,1000
fashion_09812.png,4,casaco,0.794832,DDPM,1000
fashion_09813.png,6,camisa,0.496531,DDPM,1000
fashion_09814.png,8,bolsa,0.992660,DDPM,1000
fashion_09815.png,6,camisa,0.498150,DDPM,1000
fashion_09816.png,8,bolsa,0.830175,DDPM,1000
fashion_09817.png,4,casaco,0.707018,DDPM,1000
fashion_09818.png,2,pulôver,0.839701,DDPM,1000
fashion_09819.png,0,camiseta,0.503425,DDPM,1000
fashion_09820.png,1,calça,0.706811,DDPM,1000
fashion_09821.png,2,pulôver,0.912857,DDPM,1000
fashion_09822.png,2,pulôver,0.983304,DDPM,1000
fashion_09823.png,4,casaco,0.882966,DDPM,1000
fashion_09824.png,6,camisa,0.653021,DDPM,1000
fashion_09825.png,0,camiseta,0.992684,DDPM,1000
fashion_09826.png,8,bolsa,0.858654,DDPM,1000
fashion_09827.png,6,camisa,0.765419,DDPM,1000
fashion_09828.png,8,bolsa,0.966153,DDPM,1000
fashion_09829.png,2,pulôver,0.602285,DDPM,1000
fashion_09830.png,0,camiseta,0.349382,DDPM,1000
fashion_09831.png,2,pulôver,0.415875,DDPM,1000
fashion_09832.png,6,camisa,0.565600,DDPM,1000
fashion_09833.png,2,pulôver,0.666418,DDPM,1000
fashion_09834.png,8,bolsa,0.861776,DDPM,1000
fashion_09835.png,6,camisa,0.318732,DDPM,1000
fashion_09836.png,6,camisa,0.985973,DDPM,1000
fashion_09837.png,8,bolsa,0.999893,DDPM,1000
fashion_09838.png,4,casaco,0.524785,DDPM,1000
fashion_09839.png,8,bolsa,0.856226,DDPM,1000
fashion_09840.png,2,pulôver,0.569334,DDPM,1000
fashion_09841.png,8,bolsa,0.972009,DDPM,1000
fashion_09842.png,8,bolsa,0.999264,DDPM,1000
fashion_09843.png,6,camisa,0.411945,DDPM,1000
fashion_09844.png,6,camisa,0.552258,DDPM,1000
fashion_09845.png,0,camiseta,0.608936,DDPM,1000
fashion_09846.png,8,bolsa,0.511622,DDPM,1000
fashion_09847.png,3,vestido,0.523420,DDPM,1000
fashion_09848.png,6,camisa,0.778734,DDPM,1000
fashion_09849.png,6,camisa,0.641113,DDPM,1000
fashion_09850.png,2,pulôver,0.742722,DDPM,1000
fashion_09851.png,8,bolsa,0.707597,DDPM,1000
fashion_09852.png,6,camisa,0.590667,DDPM,1000
fashion_09853.png,1,calça,0.507661,DDPM,1000
fashion_09854.png,3,vestido,0.594212,DDPM,1000
fashion_09855.png,6,camisa,0.676190,DDPM,1000
fashion_09856.png,4,casaco,0.553860,DDPM,1000
fashion_09857.png,2,pulôver,0.893990,DDPM,1000
fashion_09858.png,2,pulôver,0.420402,DDPM,1000
fashion_09859.png,6,camisa,0.565793,DDPM,1000
fashion_09860.png,9,bota,0.696003,DDPM,1000
fashion_09861.png,6,camisa,0.571107,DDPM,1000
fashion_09862.png,2,pulôver,0.977981,DDPM,1000
fashion_09863.png,6,camisa,0.758906,DDPM,1000
fashion_09864.png,0,camiseta,0.787498,DDPM,1000
fashion_09865.png,5,sandália,0.988846,DDPM,1000
fashion_09866.png,6,camisa,0.946288,DDPM,1000
fashion_09867.png,6,camisa,0.787586,DDPM,1000
fashion_09868.png,6,camisa,0.714155,DDPM,1000
fashion_09869.png,4,casaco,0.969929,DDPM,1000
fashion_09870.png,2,pulôver,0.919819,DDPM,1000
fashion_09871.png,8,bolsa,0.828862,DDPM,1000
fashion_09872.png,3,vestido,0.477244,DDPM,1000
fashion_09873.png,4,casaco,0.851451,DDPM,1000
fashion_09874.png,8,bolsa,0.535668,DDPM,1000
fashion_09875.png,9,bota,0.450415,DDPM,1000
fashion_09876.png,6,camisa,0.825448,DDPM,1000
fashion_09877.png,4,casaco,0.312560,DDPM,1000
fashion_09878.png,9,bota,0.726052,DDPM,1000
fashion_09879.png,6,camisa,0.851153,DDPM,1000
fashion_09880.png,8,bolsa,0.594564,DDPM,1000
fashion_09881.png,2,pulôver,0.873966,DDPM,1000
fashion_09882.png,2,pulôver,0.430797,DDPM,1000
fashion_09883.png,2,pulôver,0.968918,DDPM,1000
fashion_09884.png,4,casaco,0.941601,DDPM,1000
fashion_09885.png,2,pulôver,0.848364,DDPM,1000
fashion_09886.png,1,calça,0.334011,DDPM,1000
fashion_09887.png,6,camisa,0.725886,DDPM,1000
fashion_09888.png,6,camisa,0.490953,DDPM,1000
fashion_09889.png,6,camisa,0.331136,DDPM,1000
fashion_09890.png,6,camisa,0.522510,DDPM,1000
fashion_09891.png,0,camiseta,0.708952,DDPM,1000
fashion_09892.png,2,pulôver,0.611105,DDPM,1000
fashion_09893.png,6,camisa,0.403077,DDPM,1000
fashion_09894.png,2,pulôver,0.936233,DDPM,1000
fashion_09895.png,2,pulôver,0.839252,DDPM,1000
fashion_09896.png,6,camisa,0.635760,DDPM,1000
fashion_09897.png,0,camiseta,0.891782,DDPM,1000
fashion_09898.png,4,casaco,0.618026,DDPM,1000
fashion_09899.png,2,pulôver,0.362735,DDPM,1000
fashion_09900.png,6,camisa,0.721917,DDPM,1000
fashion_09901.png,6,camisa,0.634511,DDPM,1000
fashion_09902.png,0,camiseta,0.448379,DDPM,1000
fashion_09903.png,6,camisa,0.594248,DDPM,1000
fashion_09904.png,6,camisa,0.479061,DDPM,1000
fashion_09905.png,6,camisa,0.757819,DDPM,1000
fashion_09906.png,2,pulôver,0.563419,DDPM,1000
fashion_09907.png,2,pulôver,0.500709,DDPM,1000
fashion_09908.png,8,bolsa,0.995250,DDPM,1000
fashion_09909.png,2,pulôver,0.584429,DDPM,1000
fashion_09910.png,8,bolsa,0.599611,DDPM,1000
fashion_09911.png,6,camisa,0.858643,DDPM,1000
fashion_09912.png,6,camisa,0.407061,DDPM,1000
fashion_09913.png,0,camiseta,0.548252,DDPM,1000
fashion_09914.png,3,vestido,0.540090,DDPM,1000
fashion_09915.png,8,bolsa,0.924444,DDPM,1000
fashion_09916.png,2,pulôver,0.865906,DDPM,1000
fashion_09917.png,6,camisa,0.436072,DDPM,1000
fashion_09918.png,0,camiseta,0.925156,DDPM,1000
fashion_09919.png,2,pulôver,0.796255,DDPM,1000
fashion_09920.png,6,camisa,0.388296,DDPM,1000
fashion_09921.png,8,bolsa,0.998527,DDPM,1000
fashion_09922.png,0,camiseta,0.992736,DDPM,1000
fashion_09923.png,6,camisa,0.912618,DDPM,1000
fashion_09924.png,4,casaco,0.917349,DDPM,1000
fashion_09925.png,4,casaco,0.947807,DDPM,1000
fashion_09926.png,4,casaco,0.659967,DDPM,1000
fashion_09927.png,2,pulôver,0.367057,DDPM,1000
fashion_09928.png,2,pulôver,0.671818,DDPM,1000
fashion_09929.png,2,pulôver,0.770952,DDPM,1000
fashion_09930.png,1,calça,0.994905,DDPM,1000
fashion_09931.png,8,bolsa,0.628522,DDPM,1000
fashion_09932.png,6,camisa,0.495686,DDPM,1000
fashion_09933.png,0,camiseta,0.712161,DDPM,1000
fashion_09934.png,4,casaco,0.463907,DDPM,1000
fashion_09935.png,6,camisa,0.544082,DDPM,1000
fashion_09936.png,6,camisa,0.957275,DDPM,1000
fashion_09937.png,0,camiseta,0.527082,DDPM,1000
fashion_09938.png,8,bolsa,0.586734,DDPM,1000
fashion_09939.png,3,vestido,0.472789,DDPM,1000
fashion_09940.png,2,pulôver,0.581623,DDPM,1000
fashion_09941.png,6,camisa,0.446728,DDPM,1000
fashion_09942.png,4,casaco,0.472648,DDPM,1000
fashion_09943.png,4,casaco,0.755534,DDPM,1000
fashion_09944.png,0,camiseta,0.473072,DDPM,1000
fashion_09945.png,4,casaco,0.697327,DDPM,1000
fashion_09946.png,8,bolsa,0.985131,DDPM,1000
fashion_09947.png,2,pulôver,0.869525,DDPM,1000
fashion_09948.png,2,pulôver,0.489119,DDPM,1000
fashion_09949.png,2,pulôver,0.936341,DDPM,1000
fashion_09950.png,6,camisa,0.567242,DDPM,1000
fashion_09951.png,6,camisa,0.734849,DDPM,1000
fashion_09952.png,8,bolsa,0.604178,DDPM,1000
fashion_09953.png,4,casaco,0.807728,DDPM,1000
fashion_09954.png,6,camisa,0.636407,DDPM,1000
fashion_09955.png,6,camisa,0.864027,DDPM,1000
fashion_09956.png,2,pulôver,0.627903,DDPM,1000
fashion_09957.png,8,bolsa,0.869200,DDPM,1000
fashion_09958.png,2,pulôver,0.469208,DDPM,1000
fashion_09959.png,2,pulôver,0.423365,DDPM,1000
fashion_09960.png,2,pulôver,0.917022,DDPM,1000
fashion_09961.png,0,camiseta,0.940637,DDPM,1000
fashion_09962.png,4,casaco,0.469643,DDPM,1000
fashion_09963.png,0,camiseta,0.498011,DDPM,1000
fashion_09964.png,8,bolsa,0.981574,DDPM,1000
fashion_09965.png,0,camiseta,0.727247,DDPM,1000
fashion_09966.png,8,bolsa,0.836149,DDPM,1000
fashion_09967.png,1,calça,0.908110,DDPM,1000
fashion_09968.png,6,camisa,0.689061,DDPM,1000
fashion_09969.png,2,pulôver,0.855276,DDPM,1000
fashion_09970.png,0,camiseta,0.271956,DDPM,1000
fashion_09971.png,2,pulôver,0.509044,DDPM,1000
fashion_09972.png,6,camisa,0.357111,DDPM,1000
fashion_09973.png,2,pulôver,0.607073,DDPM,1000
fashion_09974.png,3,vestido,0.424221,DDPM,1000
fashion_09975.png,0,camiseta,0.780585,DDPM,1000
fashion_09976.png,2,pulôver,0.410170,DDPM,1000
fashion_09977.png,2,pulôver,0.438176,DDPM,1000
fashion_09978.png,4,casaco,0.977695,DDPM,1000
fashion_09979.png,9,bota,0.886436,DDPM,1000
fashion_09980.png,2,pulôver,0.764073,DDPM,1000
fashion_09981.png,6,camisa,0.525335,DDPM,1000
fashion_09982.png,2,pulôver,0.653226,DDPM,1000
fashion_09983.png,4,casaco,0.927368,DDPM,1000
fashion_09984.png,8,bolsa,0.903492,DDPM,1000
fashion_09985.png,8,bolsa,0.991862,DDPM,1000
fashion_09986.png,6,camisa,0.512090,DDPM,1000
fashion_09987.png,6,camisa,0.716464,DDPM,1000
fashion_09988.png,2,pulôver,0.915006,DDPM,1000
fashion_09989.png,2,pulôver,0.413894,DDPM,1000
fashion_09990.png,8,bolsa,0.501990,DDPM,1000
fashion_09991.png,6,camisa,0.882297,DDPM,1000
fashion_09992.png,5,sandália,0.988842,DDPM,1000
fashion_09993.png,4,casaco,0.708942,DDPM,1000
fashion_09994.png,8,bolsa,0.924716,DDPM,1000
fashion_09995.png,4,casaco,0.357684,DDPM,1000
fashion_09996.png,6,camisa,0.508342,DDPM,1000
fashion_09997.png,6,camisa,0.541679,DDPM,1000
fashion_09998.png,6,camisa,0.747773,DDPM,1000
fashion_09999.png,3,vestido,0.893585,DDPM,1000
